{"type":"FeatureCollection","source":"GMT/WDBII political boundaries, 1:50m scale (public domain), simplified","features":[{"type":"Feature","properties":{},"geometry":{"type":"LineString","coordinates":[[79.004,33.772],[79.019,33.754],[79.038,33.634],[79.024,33.625],[78.932,33.638],[78.911,33.608],[78.905,33.571],[78.933,33.534],[78.937,33.408],[78.848,33.466],[78.812,33.526],[78.812,33.566],[78.812,33.606],[78.812,33.646],[78.812,33.686],[78.812,33.726],[78.812,33.766],[78.812,33.806],[78.812,33.82],[78.798,33.858],[78.785,33.895],[78.771,33.933],[78.758,33.971],[78.745,34.008],[78.732,34.043],[78.749,34.092],[78.772,34.108],[78.896,34.145],[78.989,34.207],[79.013,34.264],[78.987,34.347],[78.951,34.381],[78.822,34.415],[78.768,34.482],[78.691,34.531],[78.606,34.559],[78.566,34.565],[78.526,34.571],[78.487,34.576],[78.447,34.582],[78.408,34.588],[78.369,34.593],[78.309,34.643],[78.296,34.681],[78.283,34.718],[78.27,34.756],[78.256,34.794],[78.243,34.832],[78.234,34.857],[78.176,34.934],[78.154,35.062],[78.133,35.096],[78.112,35.13],[78.091,35.164],[78.071,35.198],[78.05,35.232],[78.029,35.267],[78.024,35.274],[78.026,35.334],[78.062,35.424],[78.04,35.482],[78.006,35.517],[77.967,35.528],[77.96,35.486],[77.928,35.473],[77.788,35.505],[77.701,35.461],[77.536,35.484],[77.431,35.472],[77.308,35.535],[77.188,35.528],[77.118,35.549],[77.076,35.588],[76.932,35.592],[76.864,35.649],[76.778,35.655],[76.712,35.715],[76.59,35.757],[76.569,35.814],[76.585,35.892],[76.564,35.913],[76.526,35.874],[76.452,35.865],[76.422,35.834],[76.37,35.839],[76.332,35.811],[76.284,35.824],[76.172,35.817],[76.155,35.834],[76.157,35.889],[76.124,35.978],[76.079,36.004],[75.973,36.012],[75.926,36.077],[75.923,36.124],[75.994,36.16],[75.994,36.208],[76.041,36.238],[75.991,36.314],[76.012,36.416],[76.005,36.459],[75.945,36.535],[75.907,36.619],[75.855,36.667],[75.752,36.731],[75.639,36.764],[75.546,36.77],[75.523,36.729],[75.449,36.733],[75.425,36.767],[75.425,36.862],[75.377,36.925],[75.203,36.962],[75.138,37.002],[74.96,36.98],[74.916,36.954],[74.895,36.912],[74.881,36.959],[74.824,37.02],[74.739,37.021],[74.691,37.063],[74.568,37.027],[74.546,37.033],[74.501,37.089],[74.401,37.139],[74.392,37.175],[74.479,37.179],[74.522,37.239],[74.582,37.236],[74.607,37.251],[74.651,37.235],[74.669,37.266],[74.703,37.27],[74.743,37.303],[74.763,37.301],[74.811,37.221],[74.936,37.24],[74.958,37.282],[75.097,37.322],[75.111,37.384],[75.188,37.407],[75.141,37.43],[75.062,37.511],[74.949,37.563],[74.903,37.647],[74.947,37.696],[74.951,37.728],[74.991,37.784],[74.903,37.847],[74.937,37.889],[74.908,37.911],[74.914,38.018],[74.815,38.079],[74.793,38.195],[74.794,38.306],[74.865,38.389],[74.857,38.47],[74.789,38.527],[74.718,38.529],[74.644,38.578],[74.607,38.59],[74.569,38.603],[74.531,38.616],[74.493,38.628],[74.455,38.641],[74.417,38.654],[74.379,38.666],[74.355,38.674],[74.258,38.654],[74.206,38.658],[74.164,38.679],[74.134,38.673],[74.111,38.622],[74.061,38.605],[74.084,38.553],[74.069,38.537],[73.942,38.539],[73.818,38.607],[73.783,38.704],[73.758,38.73],[73.762,38.801],[73.704,38.875],[73.743,38.927],[73.833,38.939],[73.853,38.969],[73.839,39.0],[73.722,39.083],[73.702,39.144],[73.617,39.232],[73.67,39.344],[73.655,39.438],[73.672,39.459],[73.854,39.478],[73.902,39.569],[73.956,39.598],[73.926,39.636],[73.911,39.725],[73.844,39.756],[73.845,39.806],[73.853,39.83],[73.902,39.866],[73.919,39.932],[73.967,39.974],[73.994,40.046],[74.031,40.07],[74.097,40.071],[74.198,40.114],[74.243,40.116],[74.293,40.092],[74.362,40.099],[74.515,40.188],[74.608,40.267],[74.669,40.287],[74.731,40.34],[74.884,40.328],[74.886,40.357],[74.809,40.423],[74.86,40.519],[74.898,40.506],[74.936,40.492],[74.973,40.479],[75.011,40.465],[75.048,40.452],[75.059,40.448],[75.161,40.47],[75.226,40.447],[75.254,40.479],[75.291,40.488],[75.325,40.509],[75.359,40.53],[75.393,40.551],[75.427,40.572],[75.462,40.593],[75.496,40.614],[75.513,40.625],[75.578,40.648],[75.623,40.598],[75.646,40.487],[75.697,40.445],[75.661,40.398],[75.697,40.299],[75.791,40.319],[75.929,40.306],[75.983,40.367],[76.068,40.396],[76.194,40.378],[76.277,40.454],[76.303,40.429],[76.324,40.359],[76.346,40.35],[76.5,40.443],[76.553,40.544],[76.639,40.609],[76.65,40.745],[76.708,40.813],[76.79,40.858],[76.782,40.941],[76.874,41.014],[77.058,41.049],[77.138,41.016],[77.204,41.024],[77.266,41.005],[77.378,41.028],[77.506,40.986],[77.544,40.987],[77.606,41.008],[77.685,41.002],[77.855,41.069],[78.026,41.057],[78.081,41.041],[78.189,41.101],[78.288,41.228],[78.374,41.276],[78.376,41.379],[78.531,41.464],[78.64,41.483],[78.683,41.538],[78.81,41.571],[78.924,41.634],[78.998,41.647],[79.139,41.718],[79.214,41.731],[79.309,41.791],[79.432,41.782],[79.469,41.798],[79.505,41.815],[79.542,41.831],[79.578,41.847],[79.615,41.863],[79.651,41.879],[79.663,41.884],[79.779,41.887],[79.816,41.925],[79.829,41.976],[79.879,42.016],[80.025,42.036],[80.204,42.029],[80.276,42.06],[80.281,42.092],[80.25,42.129],[80.232,42.194],[80.286,42.216],[80.294,42.252],[80.279,42.289],[80.264,42.327],[80.25,42.364],[80.235,42.401],[80.22,42.438],[80.243,42.491],[80.182,42.568],[80.158,42.632],[80.169,42.656],[80.228,42.727],[80.243,42.789],[80.272,42.827],[80.369,42.826],[80.407,42.838],[80.445,42.85],[80.483,42.862],[80.522,42.874],[80.56,42.885],[80.579,42.891],[80.561,42.926],[80.456,42.95],[80.39,42.993],[80.384,43.034],[80.487,43.064],[80.646,43.141],[80.678,43.142],[80.744,43.107],[80.779,43.11],[80.817,43.156],[80.769,43.289],[80.661,43.329],[80.73,43.419],[80.736,43.479],[80.715,43.513],[80.694,43.546],[80.673,43.58],[80.651,43.614],[80.63,43.648],[80.619,43.666],[80.602,43.702],[80.585,43.738],[80.568,43.774],[80.551,43.81],[80.533,43.847],[80.516,43.883],[80.501,43.916],[80.442,43.986],[80.431,44.053],[80.363,44.125],[80.4,44.258],[80.349,44.45],[80.407,44.602],[80.375,44.656],[80.434,44.688],[80.511,44.704],[80.521,44.732],[80.436,44.766],[80.364,44.774],[80.262,44.824],[80.223,44.82],[80.183,44.815],[80.143,44.81],[80.103,44.805],[80.064,44.8],[80.024,44.796],[80.015,44.794],[79.885,44.858],[79.865,44.896],[79.899,44.916],[79.934,44.936],[79.969,44.955],[80.004,44.975],[80.039,44.995],[80.047,45.0]]}},{"type":"Feature","properties":{},"geometry":{"type":"LineString","coordinates":[[93.233,45.0],[93.283,44.984],[93.362,44.993],[93.437,44.962],[93.531,44.962],[93.675,44.916],[93.756,44.863],[93.792,44.847],[93.829,44.831],[93.866,44.815],[93.902,44.799],[93.939,44.783],[93.976,44.767],[94.013,44.751],[94.049,44.736],[94.086,44.72],[94.123,44.704],[94.159,44.688],[94.196,44.672],[94.214,44.664],[94.318,44.587],[94.363,44.519],[94.459,44.513],[94.607,44.451],[94.724,44.349],[94.763,44.341],[94.803,44.332],[94.842,44.323],[94.881,44.315],[94.92,44.306],[94.944,44.301],[95.021,44.257],[95.06,44.261],[95.1,44.265],[95.14,44.269],[95.18,44.273],[95.22,44.277],[95.259,44.281],[95.299,44.285],[95.339,44.289],[95.379,44.293],[95.411,44.296],[95.423,44.278],[95.348,44.171],[95.355,44.087],[95.336,44.021],[95.427,43.999],[95.54,43.993],[95.628,43.863],[95.656,43.759],[95.746,43.585],[95.77,43.552],[95.793,43.52],[95.816,43.487],[95.839,43.455],[95.862,43.422],[95.881,43.279],[95.924,43.228],[95.956,43.204],[95.988,43.18],[96.02,43.157],[96.052,43.133],[96.084,43.109],[96.116,43.085],[96.149,43.061],[96.181,43.037],[96.213,43.014],[96.245,42.99],[96.277,42.966],[96.309,42.942],[96.341,42.918],[96.357,42.907],[96.383,42.731],[96.423,42.733],[96.463,42.735],[96.503,42.737],[96.543,42.739],[96.583,42.741],[96.623,42.743],[96.663,42.745],[96.703,42.747],[96.743,42.749],[96.783,42.751],[96.823,42.753],[96.862,42.755],[96.902,42.757],[96.942,42.759],[96.982,42.761],[96.998,42.761],[97.172,42.798],[97.211,42.792],[97.251,42.786],[97.29,42.78],[97.33,42.775],[97.37,42.769],[97.409,42.763],[97.449,42.757],[97.488,42.752],[97.528,42.746],[97.568,42.74],[97.607,42.735],[97.647,42.729],[97.686,42.723],[97.726,42.717],[97.766,42.712],[97.805,42.706],[97.845,42.7],[97.884,42.695],[97.924,42.689],[97.963,42.683],[98.003,42.677],[98.043,42.672],[98.082,42.666],[98.122,42.66],[98.161,42.654],[98.201,42.649],[98.221,42.646],[98.261,42.643],[98.301,42.641],[98.341,42.639],[98.381,42.636],[98.421,42.634],[98.461,42.632],[98.501,42.629],[98.541,42.627],[98.581,42.625],[98.621,42.622],[98.661,42.62],[98.701,42.618],[98.74,42.615],[98.78,42.613],[98.82,42.611],[98.86,42.608],[98.9,42.606],[98.94,42.604],[98.98,42.601],[99.02,42.599],[99.06,42.597],[99.1,42.594],[99.14,42.592],[99.18,42.59],[99.22,42.587],[99.26,42.585],[99.3,42.583],[99.339,42.58],[99.379,42.578],[99.419,42.575],[99.459,42.573],[99.498,42.571],[99.538,42.578],[99.577,42.584],[99.617,42.591],[99.656,42.598],[99.696,42.604],[99.735,42.611],[99.774,42.618],[99.814,42.624],[99.853,42.631],[99.893,42.638],[99.932,42.644],[99.972,42.651],[99.986,42.654],[100.026,42.652],[100.066,42.65],[100.106,42.648],[100.146,42.646],[100.186,42.644],[100.226,42.642],[100.255,42.641],[100.315,42.691],[100.355,42.69],[100.395,42.689],[100.435,42.688],[100.475,42.687],[100.515,42.686],[100.555,42.685],[100.595,42.684],[100.635,42.683],[100.675,42.682],[100.715,42.681],[100.755,42.68],[100.795,42.679],[100.835,42.678],[100.875,42.67],[100.914,42.663],[100.953,42.655],[100.993,42.648],[101.032,42.64],[101.071,42.632],[101.11,42.625],[101.15,42.617],[101.189,42.609],[101.228,42.602],[101.267,42.594],[101.307,42.587],[101.346,42.579],[101.385,42.571],[101.425,42.564],[101.464,42.556],[101.503,42.549],[101.542,42.541],[101.582,42.533],[101.596,42.531],[101.635,42.527],[101.675,42.523],[101.715,42.519],[101.755,42.515],[101.795,42.512],[101.815,42.51],[101.842,42.481],[101.87,42.452],[101.897,42.423],[101.925,42.394],[101.952,42.365],[101.98,42.336],[102.008,42.307],[102.035,42.278],[102.063,42.249],[102.077,42.233],[102.116,42.225],[102.155,42.216],[102.194,42.207],[102.233,42.198],[102.272,42.189],[102.311,42.181],[102.35,42.172],[102.389,42.163],[102.428,42.154],[102.442,42.151],[102.55,42.167],[102.713,42.161],[102.75,42.147],[102.787,42.132],[102.824,42.118],[102.862,42.103],[102.899,42.089],[102.936,42.074],[102.973,42.06],[103.011,42.045],[103.048,42.031],[103.085,42.016],[103.122,42.002],[103.16,41.987],[103.197,41.973],[103.234,41.958],[103.272,41.944],[103.309,41.929],[103.346,41.915],[103.383,41.9],[103.416,41.887],[103.456,41.88],[103.495,41.872],[103.534,41.865],[103.574,41.857],[103.613,41.85],[103.652,41.842],[103.691,41.835],[103.731,41.827],[103.77,41.82],[103.809,41.812],[103.849,41.805],[103.863,41.802],[104.061,41.803],[104.101,41.81],[104.14,41.816],[104.18,41.822],[104.219,41.828],[104.259,41.835],[104.298,41.841],[104.338,41.847],[104.377,41.853],[104.417,41.86],[104.456,41.866],[104.496,41.872],[104.527,41.877],[104.526,41.837],[104.526,41.797],[104.525,41.757],[104.525,41.717],[104.524,41.677],[104.524,41.664],[104.684,41.646],[104.724,41.647],[104.764,41.648],[104.804,41.649],[104.844,41.65],[104.884,41.651],[104.924,41.652],[105.012,41.581],[105.044,41.606],[105.075,41.631],[105.107,41.656],[105.138,41.68],[105.17,41.705],[105.201,41.73],[105.227,41.75],[105.376,41.788],[105.412,41.806],[105.448,41.824],[105.483,41.842],[105.519,41.86],[105.555,41.878],[105.573,41.887],[105.611,41.899],[105.649,41.912],[105.686,41.925],[105.724,41.938],[105.762,41.951],[105.8,41.964],[105.838,41.976],[105.876,41.989],[105.914,42.002],[105.952,42.015],[105.99,42.028],[106.027,42.04],[106.065,42.053],[106.103,42.066],[106.141,42.079],[106.179,42.092],[106.217,42.104],[106.255,42.117],[106.293,42.13],[106.331,42.143],[106.369,42.156],[106.406,42.169],[106.444,42.181],[106.482,42.194],[106.52,42.207],[106.558,42.22],[106.596,42.233],[106.634,42.245],[106.672,42.258],[106.71,42.271],[106.747,42.284],[106.782,42.296],[106.822,42.299],[106.862,42.302],[106.902,42.305],[106.941,42.307],[106.981,42.31],[107.025,42.318],[107.065,42.325],[107.104,42.332],[107.144,42.339],[107.183,42.346],[107.222,42.353],[107.262,42.36],[107.277,42.411],[107.316,42.422],[107.354,42.433],[107.393,42.443],[107.431,42.454],[107.47,42.465],[107.516,42.455],[107.571,42.41],[107.611,42.41],[107.651,42.41],[107.691,42.41],[107.731,42.409],[107.771,42.409],[107.811,42.409],[107.851,42.409],[107.891,42.408],[107.908,42.408],[107.947,42.415],[107.987,42.421],[108.026,42.427],[108.066,42.434],[108.105,42.44],[108.145,42.446],[108.184,42.453],[108.224,42.459],[108.248,42.463],[108.299,42.437],[108.339,42.438],[108.379,42.439],[108.419,42.44],[108.459,42.441],[108.499,42.442],[108.528,42.442],[108.567,42.437],[108.607,42.432],[108.647,42.426],[108.686,42.421],[108.726,42.416],[108.766,42.411],[108.805,42.405],[108.845,42.4],[109.0,42.458],[109.04,42.455],[109.08,42.451],[109.12,42.448],[109.159,42.444],[109.199,42.44],[109.239,42.437],[109.279,42.433],[109.314,42.43],[109.321,42.448],[109.518,42.457],[109.529,42.476],[109.69,42.556],[109.727,42.569],[109.765,42.583],[109.803,42.596],[109.84,42.61],[109.878,42.624],[109.916,42.637],[109.927,42.641],[110.107,42.646],[110.134,42.674],[110.172,42.686],[110.21,42.699],[110.248,42.712],[110.286,42.725],[110.324,42.738],[110.362,42.751],[110.4,42.764],[110.437,42.777],[110.472,42.846],[110.634,42.947],[110.689,43.055],[110.771,43.103],[110.799,43.131],[110.828,43.159],[110.857,43.187],[110.885,43.215],[110.914,43.243],[110.942,43.271],[110.971,43.299],[110.99,43.317],[111.077,43.359],[111.115,43.37],[111.154,43.38],[111.192,43.391],[111.231,43.401],[111.269,43.412],[111.308,43.423],[111.347,43.433],[111.355,43.436],[111.436,43.489],[111.59,43.499],[111.62,43.525],[111.65,43.552],[111.68,43.579],[111.709,43.606],[111.739,43.632],[111.769,43.659],[111.784,43.673],[111.897,43.674],[111.918,43.692],[111.958,43.692],[111.978,43.763],[111.96,43.835],[111.934,43.851],[111.879,43.939],[111.808,43.996],[111.675,44.051],[111.557,44.175],[111.508,44.3],[111.426,44.333],[111.421,44.382],[111.441,44.442],[111.561,44.578],[111.568,44.679],[111.59,44.712],[111.613,44.745],[111.635,44.779],[111.658,44.812],[111.68,44.845],[111.702,44.878],[111.725,44.911],[111.747,44.944],[111.769,44.978],[111.785,45.0]]}},{"type":"Feature","properties":{},"geometry":{"type":"LineString","coordinates":[[112.551,45.0],[112.607,44.926],[112.646,44.914],[112.684,44.902],[112.722,44.889],[112.76,44.877],[112.798,44.864],[112.836,44.852],[112.853,44.846],[113.031,44.831],[113.143,44.795],[113.183,44.793],[113.223,44.791],[113.263,44.789],[113.303,44.787],[113.343,44.785],[113.383,44.783],[113.423,44.781],[113.463,44.78],[113.503,44.778],[113.511,44.777],[113.552,44.753],[113.638,44.745],[113.672,44.767],[113.705,44.789],[113.739,44.811],[113.772,44.833],[113.806,44.855],[113.815,44.861],[113.88,44.882],[113.917,44.923],[114.08,44.941],[114.138,45.0]]}},{"type":"Feature","properties":{},"geometry":{"type":"LineString","coordinates":[[61.61,25.193],[61.647,25.306],[61.65,25.346],[61.652,25.386],[61.655,25.426],[61.658,25.466],[61.66,25.506],[61.663,25.546],[61.665,25.585],[61.668,25.625],[61.669,25.633],[61.704,25.677],[61.686,25.721],[61.686,25.795],[61.776,25.819],[61.781,25.858],[61.787,25.898],[61.793,25.937],[61.798,25.977],[61.804,26.017],[61.81,26.056],[61.815,26.096],[61.817,26.109],[61.858,26.235],[61.997,26.277],[62.061,26.312],[62.124,26.318],[62.141,26.383],[62.277,26.354],[62.291,26.365],[62.271,26.424],[62.32,26.472],[62.31,26.502],[62.366,26.541],[62.423,26.546],[62.435,26.566],[62.614,26.58],[62.664,26.609],[62.704,26.602],[62.747,26.614],[62.772,26.65],[62.812,26.65],[62.852,26.65],[62.893,26.65],[62.932,26.65],[62.973,26.65],[62.991,26.65],[63.067,26.634],[63.119,26.644],[63.181,26.634],[63.186,26.674],[63.191,26.713],[63.196,26.753],[63.2,26.793],[63.205,26.832],[63.206,26.842],[63.276,26.869],[63.291,26.892],[63.258,26.94],[63.253,27.084],[63.279,27.122],[63.32,27.134],[63.342,27.122],[63.285,27.222],[63.217,27.244],[63.206,27.268],[63.133,27.244],[63.051,27.245],[62.933,27.213],[62.852,27.239],[62.823,27.23],[62.765,27.272],[62.796,27.286],[62.807,27.323],[62.778,27.353],[62.84,27.474],[62.837,27.514],[62.835,27.554],[62.832,27.594],[62.83,27.634],[62.827,27.674],[62.825,27.714],[62.822,27.754],[62.822,27.76],[62.812,27.799],[62.801,27.838],[62.791,27.876],[62.781,27.915],[62.77,27.953],[62.76,27.992],[62.758,28.0],[62.764,28.04],[62.769,28.079],[62.775,28.119],[62.781,28.159],[62.787,28.198],[62.789,28.212],[62.781,28.267],[62.592,28.234],[62.507,28.309],[62.484,28.363],[62.438,28.378],[62.405,28.417],[62.235,28.449],[62.17,28.481],[62.051,28.496],[61.989,28.531],[61.954,28.529],[61.909,28.552],[61.881,28.58],[61.852,28.608],[61.824,28.637],[61.795,28.665],[61.767,28.693],[61.739,28.721],[61.651,28.785],[61.581,28.881],[61.583,28.909],[61.534,29.012],[61.488,29.044],[61.511,29.089],[61.476,29.103],[61.473,29.142],[61.425,29.155],[61.406,29.222],[61.36,29.266],[61.359,29.384],[61.314,29.396],[61.287,29.425],[61.259,29.454],[61.231,29.482],[61.204,29.511],[61.176,29.54],[61.148,29.569],[61.121,29.598],[61.093,29.627],[61.065,29.656],[61.038,29.685],[61.01,29.714],[60.982,29.742],[60.955,29.771],[60.927,29.8],[60.899,29.829],[60.872,29.858],[60.895,29.892],[60.923,29.92],[60.95,29.949],[60.978,29.978],[61.006,30.007],[61.034,30.035],[61.061,30.064],[61.089,30.093],[61.117,30.122],[61.145,30.151],[61.173,30.179],[61.2,30.208],[61.228,30.237],[61.256,30.266],[61.284,30.294],[61.311,30.323],[61.339,30.352],[61.367,30.381],[61.395,30.41],[61.423,30.438],[61.45,30.467],[61.478,30.496],[61.506,30.525],[61.534,30.553],[61.561,30.582],[61.589,30.611],[61.617,30.64],[61.645,30.669],[61.673,30.697],[61.7,30.726],[61.728,30.755],[61.756,30.784],[61.784,30.812],[61.809,30.839],[61.804,30.946],[61.851,31.021],[61.807,31.139],[61.81,31.182],[61.766,31.245],[61.771,31.318],[61.714,31.383],[61.674,31.389],[61.634,31.394],[61.595,31.399],[61.555,31.404],[61.515,31.41],[61.476,31.415],[61.436,31.42],[61.396,31.425],[61.357,31.431],[61.317,31.436],[61.277,31.441],[61.238,31.446],[61.198,31.451],[61.158,31.457],[61.119,31.462],[61.079,31.467],[61.039,31.472],[61.0,31.478],[60.96,31.483],[60.921,31.488],[60.881,31.493],[60.844,31.498],[60.811,31.66],[60.833,31.738],[60.81,31.861],[60.824,31.944],[60.806,31.985],[60.814,32.019],[60.797,32.037],[60.837,32.09],[60.858,32.235],[60.845,32.273],[60.833,32.311],[60.82,32.349],[60.807,32.387],[60.795,32.425],[60.782,32.463],[60.77,32.501],[60.757,32.538],[60.745,32.576],[60.732,32.614],[60.719,32.652],[60.707,32.69],[60.694,32.728],[60.682,32.766],[60.669,32.804],[60.657,32.842],[60.644,32.88],[60.631,32.918],[60.619,32.956],[60.606,32.994],[60.594,33.032],[60.583,33.066],[60.591,33.163],[60.618,33.193],[60.644,33.223],[60.671,33.253],[60.698,33.282],[60.724,33.312],[60.751,33.342],[60.773,33.367],[60.848,33.414],[60.854,33.49],[60.929,33.504],[60.943,33.519],[60.894,33.556],[60.854,33.558],[60.815,33.56],[60.775,33.562],[60.735,33.564],[60.695,33.566],[60.666,33.568],[60.528,33.644],[60.505,33.739],[60.554,33.813],[60.548,33.853],[60.542,33.892],[60.537,33.932],[60.531,33.972],[60.525,34.011],[60.519,34.051],[60.513,34.09],[60.507,34.13],[60.609,34.256],[60.676,34.288],[60.666,34.312],[60.706,34.314],[60.746,34.315],[60.786,34.316],[60.825,34.317],[60.865,34.319],[60.905,34.32],[60.915,34.32],[60.798,34.466],[60.761,34.48],[60.744,34.518],[60.722,34.522],[60.754,34.552],[60.851,34.566],[60.917,34.639],[60.971,34.644],[60.983,34.734],[61.065,34.813],[61.07,34.929],[61.114,35.011],[61.115,35.064],[61.143,35.098],[61.137,35.137],[61.095,35.184],[61.114,35.202],[61.096,35.233],[61.104,35.279],[61.19,35.301],[61.194,35.402],[61.278,35.52],[61.289,35.626],[61.379,35.635],[61.374,35.607],[61.403,35.597],[61.406,35.564],[61.451,35.55],[61.469,35.524],[61.596,35.444],[61.635,35.438],[61.675,35.432],[61.714,35.425],[61.754,35.419],[61.793,35.413],[61.803,35.411],[61.959,35.458],[62.03,35.449],[62.158,35.339],[62.259,35.298],[62.275,35.271],[62.273,35.204],[62.309,35.142],[62.338,35.169],[62.367,35.197],[62.396,35.224],[62.426,35.251],[62.455,35.279],[62.465,35.289],[62.509,35.277],[62.563,35.232],[62.63,35.226],[62.722,35.255],[62.778,35.308],[62.837,35.324],[62.912,35.379],[63.023,35.428],[63.092,35.432],[63.105,35.451],[63.127,35.534],[63.1,35.554],[63.095,35.626],[63.239,35.7],[63.197,35.721],[63.151,35.772],[63.13,35.775],[63.134,35.807],[63.104,35.826],[63.119,35.862],[63.159,35.861],[63.199,35.86],[63.239,35.859],[63.279,35.859],[63.319,35.858],[63.342,35.857],[63.528,35.905],[63.601,35.964],[63.778,35.981],[63.921,36.037],[64.001,36.034],[64.064,36.0],[64.06,36.088],[64.095,36.123],[64.181,36.171],[64.272,36.169],[64.283,36.152],[64.337,36.225],[64.474,36.256],[64.581,36.369],[64.624,36.447],[64.632,36.527],[64.61,36.597],[64.623,36.655],[64.644,36.689],[64.666,36.722],[64.687,36.756],[64.709,36.79],[64.73,36.824],[64.752,36.857],[64.773,36.891],[64.795,36.925],[64.777,37.071],[64.789,37.118],[64.826,37.134],[64.863,37.151],[64.899,37.167],[64.936,37.183],[64.972,37.2],[65.009,37.216],[65.045,37.232],[65.073,37.244],[65.231,37.23],[65.271,37.233],[65.311,37.237],[65.351,37.24],[65.391,37.243],[65.43,37.246],[65.47,37.25],[65.51,37.253],[65.55,37.256],[65.651,37.356],[65.644,37.449],[65.681,37.517],[65.709,37.539],[65.766,37.534],[65.781,37.571],[65.845,37.504],[65.884,37.493],[65.922,37.482],[65.96,37.47],[65.999,37.459],[66.037,37.448],[66.075,37.436],[66.091,37.432],[66.154,37.375],[66.222,37.374],[66.29,37.325],[66.408,37.346],[66.448,37.319],[66.525,37.366],[66.618,37.363],[66.672,37.338],[66.777,37.367],[66.817,37.37],[66.856,37.372],[66.896,37.375],[66.936,37.378],[66.976,37.38],[67.004,37.382],[67.092,37.344],[67.118,37.28],[67.186,37.258],[67.246,37.184],[67.397,37.217],[67.493,37.281],[67.526,37.269],[67.564,37.214],[67.603,37.248],[67.744,37.225],[67.779,37.194],[67.782,37.096],[67.886,37.061],[67.911,37.014],[67.972,36.98],[68.022,36.924],[68.057,36.932],[68.187,37.021],[68.253,37.005],[68.275,37.012],[68.278,37.087],[68.295,37.108],[68.397,37.099],[68.416,37.109],[68.412,37.148],[68.518,37.159],[68.548,37.186],[68.624,37.201],[68.634,37.24],[68.668,37.246],[68.664,37.275],[68.707,37.267],[68.758,37.277],[68.822,37.245],[68.807,37.318],[68.831,37.327],[68.861,37.32],[68.889,37.28],[68.919,37.276],[68.888,37.339],[69.0,37.308],[69.033,37.251],[69.097,37.208],[69.125,37.163],[69.247,37.094],[69.287,37.104],[69.401,37.167],[69.451,37.225],[69.411,37.241],[69.412,37.297],[69.375,37.382],[69.38,37.451],[69.486,37.532],[69.516,37.581],[69.652,37.571],[69.739,37.597],[69.807,37.583],[69.899,37.615],[69.929,37.607],[69.959,37.565],[69.985,37.567],[70.014,37.546],[70.128,37.529],[70.162,37.54],[70.172,37.563],[70.201,37.574],[70.216,37.617],[70.254,37.616],[70.255,37.654],[70.286,37.703],[70.247,37.813],[70.169,37.866],[70.161,37.934],[70.17,37.942],[70.199,37.919],[70.23,37.938],[70.253,37.935],[70.247,37.964],[70.347,38.023],[70.359,38.051],[70.414,38.094],[70.464,38.112],[70.544,38.257],[70.584,38.279],[70.598,38.342],[70.686,38.375],[70.666,38.396],[70.672,38.414],[70.719,38.411],[70.768,38.445],[70.839,38.436],[70.874,38.453],[70.93,38.431],[70.954,38.443],[70.937,38.464],[70.953,38.472],[71.007,38.457],[71.05,38.403],[71.091,38.411],[71.146,38.386],[71.231,38.31],[71.314,38.294],[71.363,38.249],[71.359,38.162],[71.341,38.127],[71.322,38.091],[71.304,38.056],[71.285,38.02],[71.267,37.985],[71.253,37.923],[71.298,37.918],[71.335,37.888],[71.515,37.949],[71.546,37.943],[71.592,37.903],[71.589,37.816],[71.529,37.764],[71.54,37.711],[71.496,37.558],[71.514,37.468],[71.479,37.405],[71.495,37.365],[71.49,37.284],[71.447,37.208],[71.429,37.076],[71.465,36.986],[71.457,36.946],[71.532,36.845],[71.555,36.761],[71.61,36.701],[71.677,36.676],[71.759,36.675],[71.843,36.693],[71.876,36.715],[71.91,36.737],[71.943,36.759],[71.976,36.781],[72.01,36.803],[72.043,36.825],[72.077,36.847],[72.11,36.869],[72.143,36.891],[72.177,36.913],[72.21,36.935],[72.221,36.942],[72.306,36.979],[72.41,37.003],[72.467,36.994],[72.611,37.026],[72.66,37.022],[72.682,37.055],[72.704,37.089],[72.725,37.122],[72.747,37.156],[72.769,37.189],[72.791,37.223],[72.886,37.247],[72.977,37.299],[73.069,37.314],[73.151,37.401],[73.207,37.404],[73.307,37.463],[73.372,37.447],[73.456,37.476],[73.516,37.471],[73.619,37.436],[73.776,37.435],[73.769,37.341],[73.727,37.309],[73.649,37.304],[73.62,37.263],[73.634,37.24],[73.696,37.252],[73.739,37.222],[73.769,37.237],[73.82,37.228],[73.865,37.265],[73.937,37.274],[74.066,37.323],[74.197,37.339],[74.238,37.361],[74.234,37.404],[74.32,37.403],[74.364,37.429],[74.401,37.399],[74.467,37.406],[74.542,37.382],[74.689,37.397],[74.833,37.326],[74.886,37.249],[74.914,37.239]]}},{"type":"Feature","properties":{},"geometry":{"type":"LineString","coordinates":[[89.136,21.628],[89.032,21.789],[89.039,21.844],[89.023,21.894],[89.069,21.926],[89.076,21.951],[89.076,22.011],[89.046,22.091],[89.097,22.143],[89.077,22.15],[89.075,22.19],[89.007,22.276],[89.022,22.295],[88.993,22.324],[88.998,22.466],[88.972,22.524],[88.929,22.548],[88.949,22.551],[88.959,22.591],[88.942,22.634],[88.957,22.685],[88.93,22.748],[88.961,22.782],[88.971,22.847],[88.925,22.873],[88.904,22.929],[88.863,22.967],[88.87,23.088],[88.916,23.123],[88.945,23.17],[88.984,23.192],[88.986,23.208],[88.944,23.207],[88.842,23.244],[88.798,23.225],[88.721,23.252],[88.711,23.309],[88.756,23.363],[88.761,23.419],[88.786,23.451],[88.793,23.494],[88.781,23.504],[88.749,23.467],[88.73,23.5],[88.661,23.545],[88.638,23.591],[88.587,23.602],[88.591,23.637],[88.564,23.652],[88.586,23.746],[88.575,23.772],[88.6,23.81],[88.603,23.862],[88.622,23.874],[88.669,23.868],[88.737,23.919],[88.743,23.981],[88.723,24.002],[88.753,24.03],[88.726,24.037],[88.726,24.06],[88.699,24.091],[88.708,24.171],[88.744,24.188],[88.739,24.245],[88.691,24.317],[88.652,24.294],[88.577,24.316],[88.498,24.321],[88.464,24.343],[88.431,24.365],[88.397,24.386],[88.364,24.408],[88.33,24.43],[88.324,24.434],[88.286,24.448],[88.249,24.462],[88.211,24.476],[88.174,24.49],[88.137,24.505],[88.126,24.509],[88.097,24.603],[88.044,24.677],[88.075,24.724],[88.077,24.764],[88.105,24.769],[88.114,24.805],[88.132,24.806],[88.171,24.852],[88.138,24.921],[88.227,24.947],[88.256,24.925],[88.264,24.886],[88.338,24.867],[88.396,24.938],[88.463,25.08],[88.451,25.188],[88.499,25.2],[88.581,25.169],[88.62,25.198],[88.705,25.195],[88.752,25.171],[88.806,25.166],[88.838,25.204],[88.941,25.166],[88.934,25.194],[88.957,25.201],[88.954,25.234],[89.009,25.288],[88.996,25.309],[88.939,25.306],[88.906,25.331],[88.882,25.326],[88.844,25.363],[88.821,25.407],[88.84,25.431],[88.839,25.468],[88.799,25.511],[88.767,25.518],[88.766,25.498],[88.724,25.495],[88.694,25.468],[88.62,25.5],[88.547,25.504],[88.543,25.531],[88.521,25.532],[88.498,25.571],[88.451,25.594],[88.447,25.666],[88.345,25.73],[88.28,25.802],[88.251,25.815],[88.152,25.779],[88.111,25.836],[88.096,25.915],[88.123,25.94],[88.147,26.015],[88.183,26.034],[88.184,26.07],[88.156,26.092],[88.184,26.152],[88.244,26.187],[88.351,26.22],[88.356,26.284],[88.396,26.325],[88.434,26.336],[88.457,26.369],[88.473,26.357],[88.526,26.36],[88.483,26.461],[88.371,26.489],[88.354,26.452],[88.338,26.474],[88.372,26.577],[88.409,26.632],[88.433,26.551],[88.482,26.537],[88.573,26.465],[88.616,26.466],[88.651,26.425],[88.681,26.42],[88.674,26.4],[88.694,26.392],[88.696,26.367],[88.74,26.346],[88.734,26.316],[88.704,26.305],[88.701,26.29],[88.672,26.289],[88.672,26.265],[88.77,26.3],[88.803,26.291],[88.83,26.241],[88.849,26.232],[88.869,26.234],[88.875,26.272],[88.911,26.284],[88.976,26.232],[89.051,26.239],[89.061,26.269],[89.036,26.266],[89.033,26.302],[89.006,26.294],[88.995,26.336],[88.961,26.337],[88.95,26.357],[88.918,26.368],[88.925,26.411],[88.971,26.449],[89.036,26.395],[89.075,26.385],[89.071,26.353],[89.126,26.336],[89.123,26.31],[89.105,26.326],[89.089,26.319],[89.152,26.137],[89.227,26.113],[89.251,26.093],[89.257,26.064],[89.289,26.061],[89.323,26.02],[89.37,26.003],[89.409,26.027],[89.433,25.998],[89.513,26.004],[89.548,25.963],[89.573,25.967],[89.582,26.034],[89.636,26.071],[89.627,26.091],[89.592,26.092],[89.592,26.108],[89.629,26.126],[89.596,26.126],[89.591,26.159],[89.612,26.176],[89.644,26.175],[89.63,26.223],[89.678,26.225],[89.677,26.162],[89.739,26.156],[89.781,26.084],[89.778,26.042],[89.816,25.99],[89.834,26.003],[89.856,25.988],[89.821,25.947],[89.866,25.936],[89.807,25.823],[89.826,25.764],[89.82,25.726],[89.864,25.641],[89.851,25.51],[89.814,25.374],[89.845,25.289],[89.87,25.286],[89.917,25.31],[89.954,25.294],[89.99,25.278],[90.027,25.262],[90.064,25.245],[90.1,25.229],[90.111,25.225],[90.289,25.195],[90.383,25.154],[90.438,25.147],[90.523,25.175],[90.604,25.167],[90.653,25.181],[90.683,25.16],[90.741,25.159],[90.776,25.176],[90.848,25.149],[90.964,25.161],[91.076,25.194],[91.226,25.194],[91.258,25.208],[91.336,25.164],[91.389,25.165],[91.482,25.139],[91.554,25.149],[91.59,25.173],[91.601,25.142],[91.649,25.127],[91.695,25.134],[91.711,25.159],[91.747,25.151],[91.757,25.174],[91.791,25.165],[91.933,25.183],[91.98,25.174],[92.041,25.188],[92.12,25.169],[92.146,25.142],[92.193,25.14],[92.242,25.093],[92.332,25.079],[92.342,25.051],[92.406,25.031],[92.423,24.969],[92.453,24.965],[92.449,24.947],[92.481,24.937],[92.497,24.889],[92.437,24.864],[92.383,24.859],[92.282,24.907],[92.248,24.896],[92.264,24.818],[92.257,24.774],[92.202,24.632],[92.191,24.565],[92.132,24.514],[92.135,24.414],[92.086,24.375],[91.975,24.379],[91.969,24.367],[91.998,24.332],[91.989,24.319],[91.948,24.35],[91.924,24.335],[91.933,24.276],[91.897,24.153],[91.876,24.152],[91.839,24.188],[91.832,24.226],[91.758,24.239],[91.758,24.163],[91.734,24.148],[91.695,24.157],[91.657,24.224],[91.634,24.118],[91.612,24.102],[91.546,24.087],[91.412,24.111],[91.373,24.102],[91.367,24.004],[91.35,23.991],[91.303,23.997],[91.27,23.971],[91.238,23.908],[91.253,23.841],[91.223,23.764],[91.173,23.751],[91.157,23.732],[91.159,23.701],[91.2,23.678],[91.19,23.654],[91.162,23.663],[91.159,23.641],[91.206,23.552],[91.207,23.512],[91.249,23.481],[91.282,23.373],[91.315,23.364],[91.289,23.328],[91.303,23.314],[91.31,23.274],[91.317,23.235],[91.324,23.195],[91.331,23.156],[91.338,23.117],[91.34,23.105],[91.37,23.069],[91.402,23.069],[91.378,23.207],[91.393,23.263],[91.421,23.264],[91.454,23.239],[91.456,23.221],[91.473,23.223],[91.473,23.194],[91.493,23.187],[91.526,23.079],[91.518,23.06],[91.543,23.042],[91.549,22.998],[91.572,22.978],[91.601,22.974],[91.614,22.943],[91.647,22.986],[91.725,22.995],[91.782,23.041],[91.783,23.069],[91.818,23.087],[91.769,23.274],[91.845,23.41],[91.933,23.444],[91.964,23.497],[91.937,23.674],[91.95,23.732],[92.031,23.645],[92.07,23.652],[92.158,23.736],[92.194,23.72],[92.212,23.652],[92.23,23.664],[92.252,23.723],[92.289,23.696],[92.278,23.605],[92.306,23.559],[92.325,23.436],[92.369,23.362],[92.384,23.278],[92.348,23.224],[92.361,23.105],[92.384,23.053],[92.375,22.942],[92.444,22.889],[92.471,22.756],[92.515,22.722],[92.533,22.597],[92.525,22.547],[92.542,22.52],[92.548,22.481],[92.554,22.441],[92.559,22.402],[92.565,22.362],[92.571,22.322],[92.577,22.283],[92.582,22.243],[92.588,22.204],[92.589,22.197],[92.606,22.163],[92.599,22.137],[92.562,22.133],[92.571,22.094],[92.581,22.055],[92.59,22.017],[92.599,21.978],[92.608,21.939],[92.617,21.9],[92.622,21.882],[92.599,21.795],[92.602,21.755],[92.604,21.715],[92.606,21.675],[92.609,21.635],[92.611,21.595],[92.613,21.555],[92.615,21.515],[92.618,21.475],[92.669,21.297],[92.624,21.257],[92.596,21.252],[92.554,21.374],[92.525,21.379],[92.48,21.358],[92.427,21.375],[92.408,21.448],[92.363,21.473],[92.317,21.421],[92.266,21.423],[92.253,21.372],[92.194,21.335],[92.213,21.286],[92.192,21.192],[92.201,21.141]]}},{"type":"Feature","properties":{},"geometry":{"type":"LineString","coordinates":[[101.148,21.571],[101.209,21.559],[101.216,21.546],[101.218,21.491],[101.194,21.413],[101.265,21.376],[101.228,21.312],[101.251,21.293],[101.235,21.249],[101.282,21.18],[101.337,21.188],[101.392,21.225],[101.569,21.247],[101.614,21.231],[101.607,21.18],[101.67,21.2],[101.73,21.14],[101.785,21.143],[101.794,21.166],[101.782,21.207],[101.841,21.212],[101.851,21.249],[101.811,21.284],[101.763,21.295],[101.739,21.316],[101.761,21.446],[101.748,21.478],[101.777,21.515],[101.763,21.578],[101.812,21.589],[101.833,21.621],[101.783,21.651],[101.779,21.701],[101.753,21.724],[101.785,21.825],[101.752,21.842],[101.743,21.869],[101.713,21.89],[101.709,21.929],[101.673,21.933],[101.626,21.972],[101.629,22.007],[101.574,22.109],[101.597,22.162],[101.578,22.204],[101.539,22.24],[101.57,22.279],[101.629,22.284],[101.652,22.361],[101.679,22.376],[101.662,22.413],[101.691,22.472],[101.738,22.497],[101.788,22.498],[101.879,22.382],[101.904,22.391],[101.92,22.436],[101.967,22.433],[102.027,22.455],[102.115,22.434],[102.141,22.396],[102.187,22.43],[102.251,22.413],[102.27,22.492],[102.298,22.52],[102.327,22.547],[102.356,22.575],[102.384,22.603],[102.413,22.631],[102.383,22.677],[102.426,22.688],[102.455,22.757],[102.484,22.774],[102.543,22.749],[102.56,22.697],[102.582,22.698],[102.61,22.723],[102.641,22.695],[102.719,22.675],[102.785,22.624],[102.858,22.604],[102.929,22.482],[103.047,22.435],[103.075,22.453],[103.071,22.495],[103.171,22.547],[103.156,22.587],[103.182,22.627],[103.28,22.673],[103.292,22.729],[103.336,22.796],[103.381,22.782],[103.433,22.742],[103.424,22.704],[103.457,22.643],[103.527,22.584],[103.584,22.644],[103.567,22.707],[103.602,22.739],[103.612,22.777],[103.653,22.784],[103.681,22.756],[103.709,22.727],[103.737,22.699],[103.765,22.67],[103.793,22.642],[103.822,22.614],[103.832,22.603],[103.965,22.499],[104.01,22.526],[104.036,22.694],[104.109,22.798],[104.266,22.829],[104.253,22.784],[104.262,22.738],[104.37,22.686],[104.472,22.747],[104.584,22.845],[104.604,22.81],[104.639,22.829],[104.675,22.812],[104.731,22.817],[104.793,22.9],[104.861,22.937],[104.825,23.106],[104.882,23.116],[104.908,23.18],[104.962,23.166],[105.081,23.242],[105.127,23.236],[105.179,23.273],[105.209,23.253],[105.241,23.261],[105.265,23.334],[105.326,23.378],[105.4,23.28],[105.446,23.284],[105.494,23.206],[105.554,23.16],[105.574,23.06],[105.622,23.054],[105.647,23.066],[105.674,23.05],[105.724,23.048],[105.735,23.026],[105.782,23.011],[105.872,22.91],[105.912,22.936],[105.987,22.936],[106.015,22.985],[106.135,22.989],[106.227,22.953],[106.253,22.909],[106.25,22.874],[106.282,22.859],[106.346,22.853],[106.367,22.873],[106.419,22.871],[106.496,22.897],[106.52,22.935],[106.555,22.911],[106.598,22.911],[106.615,22.871],[106.648,22.853],[106.679,22.876],[106.707,22.865],[106.719,22.842],[106.759,22.82],[106.761,22.795],[106.821,22.8],[106.82,22.781],[106.767,22.743],[106.771,22.705],[106.726,22.654],[106.713,22.587],[106.676,22.573],[106.636,22.616],[106.605,22.604],[106.582,22.484],[106.554,22.454],[106.564,22.348],[106.658,22.324],[106.696,22.223],[106.665,22.199],[106.703,22.09],[106.696,22.036],[106.674,22.0],[106.683,21.969],[106.731,21.982],[106.74,22.013],[106.755,22.015],[106.809,21.974],[106.902,21.971],[106.933,21.927],[106.972,21.92],[107.001,21.942],[107.029,21.937],[107.049,21.907],[107.016,21.853],[107.02,21.822],[107.098,21.799],[107.221,21.708],[107.251,21.706],[107.301,21.731],[107.343,21.677],[107.357,21.611],[107.378,21.598],[107.454,21.658],[107.489,21.639],[107.488,21.596],[107.536,21.586],[107.562,21.614],[107.66,21.61],[107.786,21.667]]}},{"type":"Feature","properties":{},"geometry":{"type":"LineString","coordinates":[[74.569,37.026],[74.553,36.962],[74.489,37.011],[74.42,37.002],[74.252,36.899],[74.152,36.904],[74.121,36.839],[74.038,36.815],[74.001,36.83],[73.965,36.846],[73.928,36.861],[73.891,36.877],[73.854,36.892],[73.668,36.91],[73.589,36.901],[73.544,36.881],[73.482,36.893],[73.293,36.872],[73.231,36.882],[73.079,36.875],[73.013,36.846],[72.961,36.861],[72.894,36.837],[72.746,36.843],[72.563,36.823],[72.474,36.763],[72.323,36.756],[72.176,36.712],[72.169,36.697],[72.197,36.666],[72.182,36.65],[72.079,36.632],[72.075,36.589],[72.012,36.576],[71.904,36.507],[71.796,36.492],[71.788,36.473],[71.818,36.422],[71.803,36.402],[71.774,36.397],[71.658,36.464],[71.628,36.462],[71.604,36.4],[71.563,36.372],[71.579,36.332],[71.507,36.316],[71.412,36.221],[71.339,36.205],[71.334,36.174],[71.244,36.13],[71.236,36.1],[71.188,36.047],[71.291,35.969],[71.385,35.942],[71.387,35.897],[71.44,35.871],[71.493,35.789],[71.491,35.757],[71.545,35.711],[71.509,35.621],[71.614,35.562],[71.602,35.501],[71.649,35.425],[71.549,35.328],[71.549,35.301],[71.664,35.196],[71.618,35.131],[71.574,35.121],[71.536,35.087],[71.538,35.02],[71.493,34.956],[71.309,34.884],[71.282,34.805],[71.235,34.774],[71.226,34.744],[71.092,34.673],[71.104,34.614],[71.089,34.559],[70.988,34.551],[70.979,34.505],[71.001,34.463],[71.082,34.387],[71.149,34.364],[71.159,34.348],[71.118,34.26],[71.136,34.166],[71.077,34.113],[71.086,34.06],[71.007,34.037],[70.981,34.009],[70.906,34.013],[70.891,33.966],[70.787,33.952],[70.646,33.961],[70.505,33.943],[70.465,33.949],[70.426,33.956],[70.386,33.962],[70.347,33.969],[70.307,33.975],[70.268,33.981],[70.228,33.988],[70.2,33.993],[70.167,34.016],[70.096,34.019],[70.003,34.053],[69.906,34.035],[69.906,33.992],[69.869,33.957],[69.869,33.93],[69.902,33.906],[69.913,33.858],[69.956,33.817],[69.986,33.753],[70.096,33.726],[70.137,33.732],[70.151,33.666],[70.197,33.641],[70.199,33.602],[70.168,33.521],[70.205,33.475],[70.239,33.466],[70.286,33.423],[70.327,33.332],[70.294,33.309],[70.262,33.286],[70.229,33.262],[70.197,33.239],[70.164,33.216],[70.145,33.202],[70.116,33.194],[70.068,33.205],[70.029,33.136],[69.982,33.135],[69.881,33.09],[69.838,33.095],[69.791,33.127],[69.701,33.078],[69.676,33.092],[69.576,33.087],[69.505,33.034],[69.491,33.004],[69.515,32.874],[69.476,32.855],[69.395,32.774],[69.438,32.732],[69.458,32.671],[69.378,32.568],[69.287,32.526],[69.248,32.444],[69.291,32.318],[69.272,32.145],[69.283,32.107],[69.294,32.068],[69.304,32.03],[69.315,31.991],[69.326,31.953],[69.331,31.934],[69.219,31.86],[69.158,31.759],[69.03,31.646],[68.959,31.649],[68.927,31.624],[68.833,31.604],[68.802,31.616],[68.78,31.659],[68.728,31.704],[68.707,31.781],[68.621,31.788],[68.581,31.821],[68.548,31.829],[68.44,31.791],[68.453,31.771],[68.572,31.765],[68.531,31.727],[68.373,31.769],[68.272,31.772],[68.24,31.812],[68.166,31.833],[68.127,31.768],[68.081,31.729],[68.072,31.695],[67.981,31.636],[67.882,31.638],[67.823,31.58],[67.732,31.529],[67.576,31.532],[67.615,31.468],[67.615,31.428],[67.661,31.401],[67.745,31.415],[67.791,31.395],[67.797,31.352],[67.778,31.332],[67.723,31.334],[67.624,31.274],[67.585,31.274],[67.547,31.263],[67.508,31.251],[67.47,31.24],[67.431,31.229],[67.393,31.218],[67.385,31.215],[67.282,31.212],[67.214,31.221],[67.174,31.246],[67.056,31.243],[67.035,31.254],[67.047,31.313],[66.974,31.322],[66.851,31.278],[66.793,31.22],[66.723,31.212],[66.684,31.086],[66.573,30.981],[66.396,30.941],[66.384,30.903],[66.372,30.864],[66.36,30.826],[66.348,30.788],[66.336,30.75],[66.324,30.712],[66.312,30.673],[66.301,30.635],[66.289,30.597],[66.282,30.575],[66.306,30.519],[66.339,30.497],[66.352,30.445],[66.322,30.298],[66.325,30.238],[66.238,30.071],[66.244,30.051],[66.362,29.956],[66.334,29.949],[66.315,29.904],[66.257,29.852],[66.218,29.842],[66.179,29.832],[66.14,29.822],[66.102,29.813],[66.063,29.803],[66.024,29.793],[65.985,29.783],[65.947,29.773],[65.908,29.763],[65.869,29.753],[65.83,29.744],[65.791,29.734],[65.753,29.724],[65.714,29.714],[65.675,29.704],[65.636,29.694],[65.598,29.684],[65.559,29.675],[65.52,29.665],[65.481,29.655],[65.443,29.645],[65.404,29.635],[65.365,29.625],[65.326,29.615],[65.288,29.606],[65.249,29.596],[65.21,29.586],[65.171,29.576],[65.132,29.566],[65.094,29.556],[65.055,29.546],[65.034,29.541],[64.93,29.566],[64.89,29.57],[64.85,29.573],[64.81,29.576],[64.77,29.579],[64.73,29.582],[64.69,29.585],[64.661,29.588],[64.621,29.583],[64.581,29.578],[64.541,29.573],[64.502,29.568],[64.462,29.563],[64.422,29.558],[64.383,29.553],[64.368,29.551],[64.193,29.488],[64.116,29.388],[64.011,29.432],[63.971,29.439],[63.932,29.446],[63.892,29.452],[63.853,29.459],[63.813,29.466],[63.774,29.472],[63.734,29.479],[63.695,29.486],[63.656,29.492],[63.616,29.499],[63.587,29.504],[63.547,29.5],[63.508,29.497],[63.468,29.493],[63.428,29.49],[63.388,29.486],[63.348,29.483],[63.308,29.479],[63.268,29.476],[63.229,29.472],[63.189,29.469],[63.149,29.465],[63.109,29.461],[63.069,29.458],[63.029,29.454],[62.99,29.451],[62.95,29.447],[62.91,29.444],[62.87,29.44],[62.83,29.437],[62.79,29.433],[62.751,29.43],[62.711,29.426],[62.671,29.423],[62.631,29.419],[62.591,29.416],[62.551,29.412],[62.511,29.409],[62.484,29.406],[62.446,29.417],[62.407,29.428],[62.369,29.439],[62.33,29.449],[62.292,29.46],[62.253,29.471],[62.215,29.482],[62.176,29.493],[62.138,29.504],[62.099,29.515],[62.061,29.525],[62.022,29.536],[61.984,29.547],[61.945,29.558],[61.907,29.569],[61.868,29.58],[61.83,29.59],[61.791,29.601],[61.753,29.612],[61.714,29.623],[61.676,29.634],[61.637,29.645],[61.599,29.656],[61.56,29.666],[61.522,29.677],[61.483,29.688],[61.445,29.699],[61.406,29.71],[61.368,29.721],[61.329,29.731],[61.291,29.742],[61.252,29.753],[61.214,29.764],[61.175,29.775],[61.137,29.786],[61.098,29.797],[61.06,29.807],[61.021,29.818],[60.983,29.829],[60.944,29.84],[60.906,29.851],[60.869,29.861]]}},{"type":"Feature","properties":{},"geometry":{"type":"LineString","coordinates":[[98.744,10.345],[98.761,10.414],[98.802,10.464],[98.825,10.523],[98.802,10.59],[98.774,10.617],[98.787,10.682],[98.859,10.771],[98.901,10.779],[98.913,10.81],[98.935,10.822],[98.959,10.811],[99.007,10.832],[99.021,10.879],[99.004,10.924],[99.02,10.963],[99.077,10.949],[99.107,11.01],[99.166,11.041],[99.196,11.088],[99.234,11.106],[99.278,11.227],[99.324,11.279],[99.33,11.322],[99.401,11.384],[99.405,11.452],[99.444,11.475],[99.469,11.52],[99.468,11.61],[99.49,11.629],[99.552,11.626],[99.569,11.637],[99.589,11.683],[99.636,11.734],[99.662,11.827],[99.627,11.834],[99.583,11.886],[99.594,11.997],[99.553,12.019],[99.544,12.058],[99.571,12.141],[99.473,12.134],[99.5,12.188],[99.481,12.225],[99.486,12.26],[99.448,12.326],[99.447,12.404],[99.412,12.466],[99.439,12.571],[99.413,12.605],[99.305,12.665],[99.284,12.713],[99.245,12.724],[99.236,12.796],[99.201,12.837],[99.179,12.917],[99.192,12.974],[99.112,13.056],[99.138,13.141],[99.121,13.176],[99.213,13.216],[99.197,13.313],[99.214,13.336],[99.217,13.406],[99.211,13.469],[99.171,13.571],[99.181,13.587],[99.169,13.635],[99.18,13.713],[99.163,13.749],[99.128,13.774],[99.113,13.841],[99.119,13.879],[99.033,13.938],[99.019,13.985],[98.975,14.036],[98.972,14.084],[98.896,14.114],[98.87,14.148],[98.76,14.217],[98.731,14.278],[98.7,14.27],[98.611,14.327],[98.592,14.362],[98.573,14.397],[98.555,14.433],[98.536,14.468],[98.517,14.503],[98.502,14.531],[98.477,14.528],[98.448,14.606],[98.32,14.72],[98.304,14.766],[98.264,14.807],[98.266,14.843],[98.247,14.871],[98.255,14.921],[98.214,15.003],[98.234,15.047],[98.184,15.099],[98.217,15.177],[98.204,15.225],[98.239,15.221],[98.266,15.236],[98.31,15.303],[98.378,15.285],[98.414,15.26],[98.42,15.284],[98.401,15.311],[98.424,15.321],[98.426,15.364],[98.459,15.364],[98.497,15.388],[98.551,15.361],[98.559,15.33],[98.58,15.353],[98.596,15.458],[98.566,15.592],[98.576,15.671],[98.565,15.723],[98.609,15.861],[98.592,15.929],[98.618,15.97],[98.573,16.052],[98.638,16.047],[98.672,16.076],[98.674,16.113],[98.693,16.128],[98.787,16.123],[98.808,16.103],[98.853,16.134],[98.863,16.215],[98.919,16.269],[98.913,16.323],[98.928,16.386],[98.868,16.434],[98.861,16.475],[98.832,16.449],[98.814,16.376],[98.757,16.336],[98.713,16.275],[98.69,16.285],[98.654,16.409],[98.66,16.465],[98.59,16.553],[98.58,16.62],[98.533,16.642],[98.513,16.709],[98.478,16.735],[98.495,16.777],[98.528,16.786],[98.529,16.803],[98.547,16.808],[98.512,16.837],[98.52,16.868],[98.55,16.855],[98.544,16.884],[98.502,16.924],[98.511,16.941],[98.489,16.96],[98.488,16.982],[98.469,16.989],[98.462,17.016],[98.424,17.053],[98.342,17.049],[98.311,17.087],[98.32,17.111],[98.294,17.111],[98.304,17.141],[98.244,17.2],[98.243,17.219],[98.221,17.223],[98.119,17.314],[98.116,17.376],[98.053,17.416],[98.055,17.442],[98.029,17.464],[98.015,17.506],[97.948,17.541],[97.919,17.569],[97.89,17.596],[97.861,17.624],[97.832,17.652],[97.803,17.68],[97.778,17.703],[97.774,17.751],[97.697,17.827],[97.687,17.864],[97.706,17.929],[97.752,17.972],[97.718,18.051],[97.691,18.058],[97.7,18.081],[97.683,18.113],[97.687,18.147],[97.618,18.231],[97.621,18.252],[97.647,18.274],[97.643,18.29],[97.61,18.321],[97.564,18.328],[97.536,18.269],[97.501,18.276],[97.455,18.327],[97.438,18.411],[97.346,18.557],[97.362,18.584],[97.37,18.556],[97.416,18.548],[97.442,18.497],[97.527,18.489],[97.611,18.534],[97.624,18.554],[97.775,18.57],[97.781,18.685],[97.761,18.729],[97.748,18.866],[97.677,18.934],[97.728,18.962],[97.745,19.03],[97.836,19.101],[97.841,19.21],[97.788,19.277],[97.837,19.299],[97.793,19.402],[97.877,19.495],[97.862,19.532],[97.87,19.571],[97.905,19.574],[97.969,19.604],[97.995,19.634],[98.035,19.644],[98.028,19.723],[98.05,19.807],[98.081,19.809],[98.103,19.775],[98.139,19.783],[98.201,19.733],[98.239,19.722],[98.243,19.684],[98.26,19.673],[98.333,19.694],[98.472,19.693],[98.51,19.712],[98.562,19.675],[98.582,19.709],[98.619,19.709],[98.649,19.742],[98.776,19.759],[98.837,19.816],[98.914,19.746],[98.961,19.778],[99.0,19.783],[99.032,19.833],[99.038,19.88],[99.022,19.928],[99.039,19.939],[99.041,20.037],[99.081,20.1],[99.191,20.128],[99.244,20.117],[99.326,20.066],[99.451,20.095],[99.509,20.143],[99.539,20.149],[99.555,20.207],[99.513,20.248],[99.498,20.319],[99.445,20.371],[99.454,20.388],[99.534,20.348],[99.674,20.311],[99.729,20.335],[99.809,20.336],[99.87,20.427],[99.959,20.455],[100.02,20.383],[100.064,20.384],[100.076,20.35],[100.092,20.346]]}},{"type":"Feature","properties":{},"geometry":{"type":"LineString","coordinates":[[78.937,33.405],[78.996,33.315],[79.091,33.275],[79.104,33.22],[79.163,33.235],[79.257,33.193],[79.365,33.19],[79.406,33.162],[79.408,33.137],[79.364,33.063],[79.356,32.965],[79.45,32.882],[79.464,32.803],[79.527,32.759],[79.53,32.728],[79.514,32.672],[79.465,32.61],[79.314,32.497],[79.253,32.516],[79.166,32.493],[79.125,32.467],[79.123,32.422],[79.099,32.376],[79.052,32.383],[78.971,32.351],[78.915,32.37],[78.86,32.427],[78.807,32.449],[78.78,32.479],[78.757,32.562],[78.776,32.604],[78.761,32.636],[78.704,32.631],[78.677,32.593],[78.639,32.578],[78.567,32.566],[78.496,32.583],[78.397,32.549],[78.4,32.525],[78.477,32.425],[78.45,32.387],[78.478,32.35],[78.489,32.252],[78.475,32.236],[78.545,32.209],[78.569,32.178],[78.593,32.146],[78.618,32.114],[78.642,32.083],[78.667,32.051],[78.673,32.043],[78.771,31.981],[78.723,31.822],[78.692,31.78],[78.719,31.755],[78.715,31.729],[78.743,31.685],[78.76,31.672],[78.791,31.675],[78.797,31.649],[78.844,31.61],[78.713,31.51],[78.725,31.481],[78.769,31.467],[78.793,31.443],[78.768,31.389],[78.767,31.31],[78.818,31.287],[78.855,31.305],[78.881,31.294],[78.942,31.36],[79.006,31.326],[79.019,31.411],[79.092,31.438],[79.111,31.416],[79.164,31.395],[79.169,31.358],[79.217,31.341],[79.24,31.244],[79.29,31.218],[79.304,31.146],[79.398,31.099],[79.423,31.027],[79.494,31.024],[79.549,30.96],[79.599,30.936],[79.664,30.975],[79.716,30.973],[79.749,30.99],[79.879,30.959],[79.924,30.889],[80.042,30.847],[80.084,30.792],[80.116,30.78],[80.178,30.799],[80.21,30.759],[80.25,30.74],[80.231,30.691],[80.188,30.676],[80.228,30.622],[80.204,30.565],[80.311,30.567],[80.347,30.551],[80.383,30.535],[80.42,30.518],[80.456,30.502],[80.493,30.485],[80.529,30.469],[80.539,30.464],[80.607,30.475],[80.752,30.395],[80.804,30.327],[80.842,30.314],[80.88,30.301],[80.918,30.289],[80.956,30.276],[80.994,30.264],[81.032,30.214],[80.943,30.181],[80.91,30.216],[80.893,30.211],[80.859,30.175],[80.873,30.139],[80.763,30.059],[80.746,30.021],[80.679,29.97],[80.599,29.955],[80.54,29.846],[80.487,29.799],[80.42,29.789],[80.377,29.749],[80.386,29.674],[80.418,29.637],[80.407,29.596],[80.349,29.552],[80.35,29.525],[80.29,29.483],[80.284,29.458],[80.25,29.447],[80.236,29.425],[80.262,29.392],[80.276,29.322],[80.307,29.311],[80.288,29.206],[80.24,29.215],[80.257,29.145],[80.228,29.126],[80.184,29.129],[80.147,29.108],[80.12,29.03],[80.13,28.993],[80.07,28.949],[80.055,28.917],[80.063,28.827],[80.132,28.814],[80.186,28.759],[80.246,28.751],[80.266,28.715],[80.313,28.697],[80.358,28.629],[80.44,28.629],[80.509,28.567],[80.521,28.581],[80.506,28.658],[80.541,28.685],[80.577,28.686],[80.585,28.654],[80.662,28.633],[80.695,28.584],[80.752,28.572],[80.798,28.524],[80.842,28.502],[80.892,28.506],[80.901,28.462],[80.939,28.441],[81.007,28.443],[81.019,28.404],[81.194,28.367],[81.247,28.258],[81.312,28.193],[81.32,28.173],[81.298,28.158],[81.323,28.148],[81.32,28.13],[81.367,28.141],[81.382,28.173],[81.422,28.166],[81.47,28.124],[81.48,28.08],[81.603,28.022],[81.632,27.989],[81.706,27.973],[81.781,27.911],[81.88,27.857],[81.911,27.855],[81.978,27.917],[82.049,27.918],[82.086,27.904],[82.117,27.866],[82.171,27.857],[82.309,27.756],[82.357,27.742],[82.435,27.676],[82.474,27.681],[82.514,27.686],[82.554,27.691],[82.593,27.697],[82.633,27.702],[82.673,27.707],[82.701,27.711],[82.721,27.684],[82.743,27.558],[82.769,27.502],[82.921,27.495],[82.952,27.467],[83.037,27.448],[83.176,27.449],[83.256,27.386],[83.271,27.346],[83.316,27.336],[83.347,27.346],[83.39,27.397],[83.397,27.416],[83.378,27.443],[83.396,27.479],[83.436,27.477],[83.476,27.475],[83.516,27.473],[83.556,27.471],[83.596,27.47],[83.608,27.469],[83.644,27.452],[83.68,27.435],[83.717,27.418],[83.753,27.401],[83.789,27.385],[83.825,27.368],[83.858,27.352],[83.877,27.363],[83.876,27.381],[83.835,27.438],[83.923,27.452],[84.04,27.445],[84.099,27.516],[84.143,27.524],[84.147,27.496],[84.201,27.47],[84.21,27.441],[84.241,27.455],[84.261,27.446],[84.298,27.388],[84.337,27.382],[84.377,27.375],[84.416,27.368],[84.456,27.362],[84.495,27.355],[84.534,27.348],[84.574,27.342],[84.61,27.336],[84.652,27.294],[84.685,27.209],[84.681,27.141],[84.647,27.045],[84.75,27.007],[84.844,27.015],[84.892,26.974],[84.953,26.958],[84.973,26.903],[85.041,26.887],[85.041,26.848],[85.128,26.871],[85.184,26.867],[85.196,26.848],[85.187,26.795],[85.222,26.763],[85.334,26.736],[85.412,26.795],[85.453,26.787],[85.63,26.868],[85.729,26.796],[85.737,26.658],[85.807,26.603],[85.841,26.604],[85.856,26.57],[85.944,26.617],[85.963,26.647],[86.029,26.663],[86.063,26.655],[86.141,26.603],[86.189,26.606],[86.207,26.586],[86.277,26.612],[86.326,26.614],[86.332,26.585],[86.381,26.587],[86.535,26.528],[86.569,26.495],[86.738,26.42],[86.766,26.45],[86.821,26.436],[86.889,26.472],[86.9,26.501],[86.948,26.533]]}},{"type":"Feature","properties":{},"geometry":{"type":"LineString","coordinates":[[94.629,29.328],[94.691,29.313],[94.751,29.268],[94.793,29.22],[94.801,29.167],[94.881,29.182],[95.009,29.124],[95.014,29.138],[94.979,29.163],[94.984,29.174],[95.089,29.144],[95.118,29.121],[95.223,29.101],[95.247,29.066],[95.388,29.035],[95.461,29.052],[95.496,29.141],[95.547,29.139],[95.534,29.212],[95.578,29.22],[95.591,29.255],[95.625,29.255],[95.689,29.301],[95.721,29.304],[95.769,29.353],[95.797,29.344],[95.883,29.396],[95.944,29.393],[96.07,29.467],[96.097,29.458],[96.145,29.4],[96.183,29.349],[96.192,29.302],[96.235,29.254],[96.289,29.241],[96.369,29.289],[96.395,29.255],[96.353,29.183],[96.257,29.164],[96.219,29.147],[96.182,29.097],[96.119,29.079],[96.143,29.068],[96.182,28.995],[96.151,28.93],[96.185,28.898],[96.25,28.941],[96.344,29.033],[96.512,29.07],[96.476,28.975],[96.506,28.968],[96.528,28.939],[96.536,28.891],[96.609,28.806],[96.618,28.763],[96.589,28.726],[96.467,28.685],[96.478,28.639],[96.431,28.59],[96.396,28.595],[96.398,28.57],[96.342,28.553],[96.337,28.53],[96.368,28.493],[96.364,28.477],[96.263,28.411],[96.291,28.411],[96.314,28.389],[96.362,28.393],[96.408,28.351],[96.461,28.422],[96.529,28.429],[96.597,28.469],[96.654,28.467],[96.741,28.426],[96.784,28.373],[96.842,28.364],[96.889,28.379],[96.984,28.333],[97.021,28.335],[97.092,28.379],[97.135,28.381],[97.201,28.321],[97.234,28.318],[97.298,28.24],[97.349,28.224],[97.359,28.204],[97.316,28.089],[97.394,28.019],[97.362,27.946],[97.368,27.897],[97.317,27.878],[97.299,27.917],[97.249,27.908],[97.158,27.821],[97.091,27.782],[97.084,27.749],[97.015,27.741],[96.972,27.677],[96.932,27.662],[96.886,27.606],[96.918,27.505],[96.9,27.475],[96.905,27.452],[96.93,27.42],[96.955,27.389],[96.979,27.357],[97.004,27.326],[97.029,27.294],[97.053,27.263],[97.078,27.231],[97.094,27.21],[97.126,27.191],[97.126,27.164],[97.159,27.139],[97.159,27.121],[97.136,27.086],[97.103,27.102],[97.06,27.093],[97.015,27.129],[96.897,27.172],[96.861,27.21],[96.884,27.255],[96.851,27.266],[96.82,27.324],[96.729,27.366],[96.66,27.339],[96.61,27.367],[96.573,27.312],[96.524,27.294],[96.428,27.305],[96.389,27.299],[96.349,27.293],[96.31,27.288],[96.27,27.282],[96.23,27.276],[96.194,27.271],[96.036,27.192],[95.931,27.046],[95.873,27.012],[95.804,27.001],[95.757,26.959],[95.718,26.891],[95.658,26.895],[95.611,26.821],[95.519,26.823],[95.441,26.709],[95.271,26.645],[95.246,26.68],[95.194,26.636],[95.145,26.616],[95.147,26.566],[95.066,26.48],[95.095,26.41],[95.065,26.326],[95.084,26.223],[95.121,26.202],[95.103,26.176],[95.113,26.109],[95.173,26.081],[95.178,26.059],[95.091,25.959],[95.021,25.929],[95.034,25.742],[94.992,25.729],[94.879,25.591],[94.885,25.572],[94.841,25.559],[94.789,25.497],[94.741,25.496],[94.695,25.473],[94.626,25.398],[94.612,25.332],[94.582,25.286],[94.576,25.214],[94.599,25.178],[94.729,25.136],[94.734,25.025],[94.694,24.979],[94.693,24.926],[94.669,24.868],[94.622,24.814],[94.618,24.76],[94.598,24.725],[94.576,24.709],[94.539,24.709],[94.515,24.619],[94.447,24.569],[94.422,24.5],[94.389,24.48],[94.386,24.42],[94.355,24.405],[94.359,24.372],[94.318,24.333],[94.314,24.286],[94.252,24.149],[94.218,24.006],[94.164,23.94],[94.154,23.86],[94.128,23.844],[94.092,23.888],[93.927,23.956],[93.819,23.935],[93.753,24.007],[93.621,24.016],[93.596,23.972],[93.565,23.988],[93.529,23.964],[93.482,23.965],[93.406,24.076],[93.371,24.091],[93.339,24.078],[93.328,23.982],[93.384,23.921],[93.401,23.736],[93.434,23.679],[93.419,23.652],[93.417,23.613],[93.415,23.573],[93.412,23.533],[93.41,23.493],[93.408,23.453],[93.405,23.413],[93.403,23.378],[93.366,23.349],[93.389,23.23],[93.371,23.162],[93.386,23.14],[93.358,23.111],[93.348,23.069],[93.294,23.009],[93.229,23.013],[93.201,23.059],[93.138,23.048],[93.125,23.014],[93.161,22.919],[93.119,22.876],[93.098,22.79],[93.098,22.659],[93.136,22.594],[93.119,22.533],[93.141,22.465],[93.18,22.441],[93.197,22.256],[93.142,22.237],[93.162,22.201],[93.154,22.187],[93.129,22.185],[93.078,22.212],[93.044,22.202],[93.053,22.119],[93.01,22.107],[92.989,22.061],[93.006,22.004],[92.996,21.993],[92.943,22.028],[92.896,21.955],[92.866,22.049],[92.802,22.107],[92.712,22.16],[92.698,22.152],[92.699,22.095],[92.678,22.1],[92.68,22.027],[92.647,22.021],[92.604,21.982]]}},{"type":"Feature","properties":{},"geometry":{"type":"LineString","coordinates":[[103.09,18.137],[103.141,18.165],[103.151,18.224],[103.171,18.248],[103.281,18.284],[103.282,18.305],[103.24,18.338],[103.237,18.357],[103.305,18.421],[103.397,18.435],[103.508,18.422],[103.618,18.389],[103.692,18.339],[103.815,18.333],[103.872,18.279],[103.936,18.326],[103.973,18.329],[104.072,18.2],[104.103,18.105],[104.212,17.996],[104.276,17.852],[104.357,17.811],[104.465,17.645],[104.501,17.627],[104.537,17.609],[104.572,17.591],[104.608,17.572],[104.643,17.554],[104.679,17.536],[104.691,17.53],[104.752,17.443],[104.789,17.415],[104.809,17.361],[104.814,17.242],[104.798,17.133],[104.742,17.018],[104.745,16.91],[104.768,16.864],[104.747,16.804],[104.769,16.709],[104.743,16.574],[104.748,16.526],[104.853,16.452],[104.906,16.35],[105.012,16.252],[105.044,16.134],[105.077,16.098],[105.189,16.056],[105.228,16.049],[105.267,16.041],[105.307,16.034],[105.346,16.026],[105.385,16.019],[105.422,16.012],[105.427,15.994],[105.386,15.991],[105.346,15.93],[105.401,15.807],[105.449,15.757],[105.505,15.768],[105.596,15.728],[105.638,15.656],[105.634,15.595],[105.601,15.522],[105.6,15.433],[105.563,15.404],[105.492,15.385],[105.475,15.361],[105.505,15.327],[105.589,15.335],[105.596,15.275],[105.547,15.258],[105.489,15.201],[105.469,15.113],[105.524,15.07],[105.547,15.07],[105.58,15.007],[105.62,14.985],[105.557,14.954],[105.579,14.895],[105.541,14.88],[105.551,14.841],[105.513,14.809],[105.517,14.765],[105.537,14.74],[105.515,14.667],[105.528,14.648],[105.536,14.563],[105.448,14.459],[105.442,14.432],[105.38,14.412],[105.356,14.387],[105.321,14.403],[105.298,14.369],[105.248,14.361],[105.227,14.342],[105.211,14.353],[105.21,14.284],[105.283,14.178],[105.326,14.164],[105.377,14.105],[105.47,14.114],[105.559,14.168],[105.588,14.142],[105.602,14.151],[105.63,14.134],[105.643,14.107],[105.669,14.123],[105.708,14.097],[105.734,14.112],[105.781,14.083],[105.797,14.026],[105.91,13.933],[105.971,13.915],[106.008,13.935],[106.095,13.921],[106.11,13.939],[106.108,13.994],[106.165,14.035],[106.174,14.072],[106.126,14.121],[106.106,14.182],[106.037,14.232],[106.034,14.294],[105.998,14.327],[105.998,14.367],[106.078,14.352],[106.098,14.381],[106.172,14.363],[106.216,14.377],[106.239,14.412],[106.254,14.494],[106.334,14.445]]}},{"type":"Feature","properties":{},"geometry":{"type":"LineString","coordinates":[[97.348,28.223],[97.364,28.25],[97.4,28.261],[97.411,28.292],[97.469,28.296],[97.483,28.344],[97.471,28.391],[97.519,28.452],[97.562,28.549],[97.585,28.542],[97.631,28.484],[97.687,28.519],[97.711,28.517],[97.743,28.421],[97.801,28.346],[97.899,28.381],[97.96,28.308],[98.019,28.278],[98.013,28.215],[98.074,28.209],[98.152,28.137],[98.147,28.014],[98.131,27.969],[98.181,27.946],[98.204,27.916],[98.204,27.9],[98.173,27.892],[98.167,27.871],[98.186,27.845],[98.232,27.825],[98.215,27.806],[98.239,27.764],[98.227,27.735],[98.266,27.692],[98.316,27.542],[98.369,27.529],[98.409,27.557],[98.433,27.689],[98.522,27.647],[98.551,27.667],[98.595,27.6],[98.63,27.598],[98.668,27.619],[98.704,27.583],[98.686,27.466],[98.701,27.382],[98.732,27.368],[98.737,27.329],[98.692,27.202],[98.71,27.147],[98.707,27.098],[98.751,27.083],[98.762,27.064],[98.739,27.006],[98.762,26.907],[98.74,26.857],[98.778,26.785],[98.756,26.737],[98.779,26.643],[98.774,26.6],[98.753,26.578],[98.744,26.414],[98.727,26.363],[98.68,26.322],[98.665,26.254],[98.704,26.248],[98.731,26.177],[98.71,26.161],[98.707,26.13],[98.664,26.098],[98.649,26.104],[98.649,26.152],[98.568,26.123],[98.605,25.989],[98.642,25.984],[98.684,25.917],[98.713,25.901],[98.711,25.856],[98.632,25.801],[98.531,25.846],[98.48,25.794],[98.476,25.759],[98.444,25.732],[98.439,25.691],[98.392,25.657],[98.383,25.592],[98.327,25.552],[98.308,25.55],[98.271,25.586],[98.165,25.623],[98.168,25.55],[98.125,25.506],[98.143,25.462],[98.139,25.387],[98.108,25.388],[98.062,25.307],[98.015,25.292],[97.941,25.214],[97.911,25.208],[97.878,25.256],[97.838,25.262],[97.789,25.137],[97.754,25.088],[97.723,25.083],[97.737,24.919],[97.8,24.851],[97.759,24.832],[97.689,24.834],[97.552,24.743],[97.568,24.676],[97.562,24.571],[97.531,24.441],[97.654,24.447],[97.673,24.437],[97.684,24.397],[97.718,24.358],[97.669,24.342],[97.665,24.306],[97.749,24.283],[97.76,24.257],[97.727,24.213],[97.749,24.164],[97.725,24.118],[97.65,24.061],[97.616,24.005],[97.541,23.959],[97.536,23.94],[97.624,23.898],[97.65,23.852],[97.788,23.949],[97.848,23.955],[97.912,24.027],[97.951,24.03],[98.064,24.089],[98.22,24.126],[98.356,24.104],[98.446,24.136],[98.544,24.127],[98.596,24.078],[98.713,24.124],[98.837,24.126],[98.89,24.161],[98.907,24.12],[98.893,24.099],[98.747,23.996],[98.677,23.968],[98.704,23.951],[98.688,23.925],[98.701,23.838],[98.689,23.801],[98.816,23.767],[98.819,23.706],[98.853,23.638],[98.886,23.613],[98.809,23.558],[98.806,23.542],[98.825,23.481],[98.88,23.484],[98.915,23.417],[98.919,23.365],[98.879,23.33],[98.919,23.329],[98.94,23.314],[98.881,23.188],[99.059,23.167],[99.061,23.124],[99.111,23.102],[99.156,23.111],[99.223,23.101],[99.356,23.135],[99.407,23.107],[99.504,23.09],[99.519,23.068],[99.516,23.011],[99.566,22.938],[99.557,22.92],[99.514,22.912],[99.446,22.95],[99.441,22.865],[99.387,22.78],[99.328,22.745],[99.385,22.603],[99.37,22.538],[99.384,22.504],[99.305,22.413],[99.261,22.391],[99.271,22.348],[99.243,22.312],[99.234,22.261],[99.182,22.195],[99.201,22.173],[99.163,22.159],[99.232,22.114],[99.359,22.093],[99.465,22.136],[99.522,22.1],[99.559,22.114],[99.613,22.092],[99.644,22.099],[99.687,22.074],[99.701,22.04],[99.749,22.075],[99.82,22.049],[99.848,22.023],[99.865,22.027],[99.881,22.061],[99.966,22.049]]}},{"type":"Feature","properties":{},"geometry":{"type":"LineString","coordinates":[[109.647,2.071],[109.622,1.966],[109.547,1.904],[109.56,1.869],[109.552,1.842],[109.586,1.801],[109.673,1.78],[109.67,1.613],[109.798,1.494],[109.802,1.46],[109.843,1.464],[109.838,1.429],[109.85,1.414],[109.949,1.396],[109.985,1.302],[110.061,1.262],[110.071,1.22],[110.116,1.195],[110.199,1.176],[110.283,1.041],[110.297,0.99],[110.332,1.002],[110.396,0.982],[110.46,0.903],[110.555,0.854],[110.609,0.86],[110.64,0.904],[110.662,0.879],[110.685,0.874],[110.731,0.904],[110.763,0.898],[110.776,0.919],[110.806,0.907],[110.819,0.949],[110.904,1.014],[111.024,1.025],[111.198,1.063],[111.236,1.086],[111.406,1.009],[111.503,1.025],[111.534,0.961],[111.563,0.999],[111.667,1.039],[111.733,1.006],[111.827,0.999],[111.864,1.024],[111.889,1.074],[111.95,1.13],[112.131,1.147],[112.168,1.301],[112.214,1.379],[112.212,1.402],[112.181,1.409],[112.205,1.454],[112.343,1.514],[112.416,1.522],[112.445,1.554],[112.484,1.57],[112.524,1.567],[112.564,1.565],[112.604,1.562],[112.644,1.559],[112.684,1.556],[112.724,1.554],[112.764,1.551],[112.804,1.548],[112.834,1.546],[112.881,1.588],[113.0,1.573],[113.059,1.536],[113.037,1.477],[112.984,1.433],[112.987,1.415],[113.074,1.438],[113.126,1.432],[113.19,1.381],[113.248,1.389],[113.355,1.359],[113.433,1.286],[113.525,1.315],[113.562,1.314],[113.63,1.238],[113.658,1.225],[113.794,1.308],[113.931,1.445],[113.971,1.45],[114.01,1.454],[114.05,1.458],[114.09,1.463],[114.13,1.467],[114.2,1.423],[114.237,1.439],[114.274,1.455],[114.311,1.471],[114.347,1.486],[114.384,1.502],[114.402,1.51],[114.452,1.492],[114.529,1.438],[114.563,1.434],[114.592,1.459],[114.595,1.551],[114.644,1.591],[114.686,1.665],[114.712,1.783],[114.694,1.829],[114.728,1.863],[114.783,1.864],[114.86,1.904],[114.852,1.96],[114.872,2.008],[114.868,2.044],[114.802,2.039],[114.797,2.106],[114.776,2.147],[114.805,2.249],[114.87,2.279],[114.939,2.286],[114.954,2.306],[114.942,2.341],[114.953,2.364],[115.011,2.365],[115.087,2.419],[115.118,2.464],[115.214,2.491],[115.237,2.522],[115.181,2.6],[115.136,2.612],[115.098,2.598],[115.083,2.611],[115.1,2.668],[115.084,2.721],[115.118,2.736],[115.129,2.772],[115.123,2.8],[115.088,2.833],[115.125,2.858],[115.156,2.926],[115.229,2.969],[115.271,3.045],[115.291,3.041],[115.321,2.986],[115.487,3.027],[115.504,3.111],[115.552,3.159],[115.511,3.192],[115.536,3.323],[115.576,3.426],[115.613,3.42],[115.628,3.432],[115.571,3.613],[115.577,3.709],[115.616,3.861],[115.572,3.892],[115.564,3.919],[115.629,3.982],[115.641,4.02],[115.653,4.058],[115.665,4.097],[115.677,4.135],[115.689,4.173],[115.691,4.18],[115.736,4.204],[115.77,4.245],[115.814,4.235],[115.857,4.288],[115.851,4.322],[115.872,4.361],[115.893,4.369],[115.987,4.34],[116.054,4.277],[116.178,4.379],[116.297,4.354],[116.36,4.368],[116.463,4.293],[116.49,4.328],[116.526,4.317],[116.534,4.338],[116.522,4.366],[116.57,4.386],[116.628,4.342],[116.677,4.329],[116.743,4.373],[116.781,4.343],[116.837,4.33],[116.911,4.352],[117.004,4.329],[117.189,4.336],[117.233,4.359],[117.254,4.353],[117.28,4.31],[117.398,4.258],[117.453,4.189],[117.529,4.175],[117.568,4.184],[117.623,4.159],[117.663,4.162],[117.703,4.164],[117.743,4.167],[117.783,4.169],[117.823,4.172],[117.863,4.174],[117.9,4.177]]}},{"type":"Feature","properties":{},"geometry":{"type":"LineString","coordinates":[[86.946,26.532],[86.994,26.529],[87.048,26.585],[87.067,26.586],[87.094,26.456],[87.137,26.41],[87.156,26.399],[87.245,26.412],[87.27,26.375],[87.328,26.348],[87.35,26.357],[87.371,26.403],[87.448,26.432],[87.495,26.432],[87.6,26.38],[87.698,26.429],[87.766,26.409],[87.786,26.456],[87.843,26.439],[87.891,26.473],[87.949,26.401],[88.008,26.365],[88.031,26.372],[88.096,26.439],[88.102,26.53],[88.129,26.604],[88.171,26.661],[88.195,26.754],[88.176,26.874],[88.128,26.936],[88.119,26.984],[88.031,27.052],[87.993,27.114],[88.011,27.151],[88.014,27.224],[88.06,27.328],[88.039,27.376],[88.067,27.437],[88.046,27.485],[88.057,27.533],[88.119,27.608],[88.189,27.788],[88.178,27.816],[88.194,27.848],[88.129,27.882],[88.131,27.941],[88.146,27.955],[88.185,27.96],[88.225,27.964],[88.265,27.969],[88.305,27.973],[88.344,27.977],[88.384,27.982],[88.397,27.983],[88.496,28.041],[88.534,28.029],[88.551,28.067],[88.629,28.119],[88.666,28.08],[88.751,28.066],[88.839,28.006],[88.834,27.939],[88.871,27.901],[88.881,27.842],[88.859,27.808],[88.857,27.732],[88.834,27.661],[88.763,27.543],[88.783,27.518],[88.783,27.438],[88.823,27.387],[88.848,27.384],[88.919,27.32],[88.901,27.282],[88.798,27.246],[88.751,27.146],[88.795,27.141],[88.864,27.092],[88.876,26.951],[88.901,26.983],[88.933,26.985],[88.952,26.927],[88.979,26.917],[89.031,26.927],[89.082,26.891],[89.115,26.827],[89.221,26.815],[89.274,26.828],[89.302,26.852],[89.367,26.859],[89.468,26.799],[89.533,26.812],[89.636,26.771],[89.644,26.753],[89.618,26.727],[89.632,26.718],[89.686,26.734],[89.762,26.703],[89.842,26.701],[89.853,26.704],[89.851,26.74],[89.915,26.72],[89.955,26.726],[89.994,26.732],[90.034,26.739],[90.073,26.745],[90.113,26.751],[90.152,26.757],[90.181,26.777],[90.184,26.818],[90.217,26.851],[90.298,26.858],[90.344,26.894],[90.385,26.903],[90.414,26.897],[90.457,26.857],[90.529,26.82],[90.688,26.773],[90.728,26.774],[90.768,26.775],[90.808,26.776],[90.848,26.777],[90.888,26.779],[90.928,26.78],[90.968,26.781],[91.008,26.782],[91.032,26.783],[91.091,26.816],[91.241,26.805],[91.314,26.778],[91.38,26.807],[91.424,26.876],[91.497,26.872],[91.548,26.803],[91.621,26.82],[91.713,26.8],[91.844,26.864],[91.874,26.852],[91.881,26.818],[91.905,26.806],[91.915,26.836],[91.899,26.849],[91.928,26.865],[91.915,26.894],[91.991,26.853],[92.032,26.852],[92.089,26.874],[92.114,26.926],[92.083,27.023],[92.019,27.076],[92.01,27.105],[92.015,27.168],[92.046,27.19],[92.064,27.246],[92.115,27.291],[92.095,27.326],[92.074,27.36],[92.054,27.395],[92.033,27.429],[92.013,27.463],[92.008,27.472],[91.992,27.478],[91.951,27.45],[91.884,27.453],[91.768,27.416],[91.77,27.453],[91.678,27.486],[91.621,27.549],[91.595,27.652],[91.644,27.699],[91.659,27.732],[91.653,27.855],[91.68,27.911],[91.658,27.948],[91.62,27.958],[91.581,27.968],[91.542,27.978],[91.504,27.989],[91.465,27.999],[91.426,28.009],[91.419,28.011],[91.338,28.052],[91.315,28.097],[91.292,28.075],[91.219,28.076],[91.126,27.978],[91.087,27.97],[91.011,27.98],[90.951,28.033],[90.91,28.049],[90.786,28.058],[90.699,28.096],[90.608,28.064],[90.533,28.081],[90.371,28.08],[90.35,28.112],[90.396,28.199],[90.386,28.248],[90.347,28.257],[90.308,28.265],[90.269,28.273],[90.23,28.281],[90.19,28.29],[90.151,28.298],[90.112,28.306],[90.073,28.314],[90.034,28.323],[90.024,28.325],[89.996,28.323],[89.95,28.292],[89.894,28.306],[89.806,28.235],[89.793,28.194],[89.624,28.158],[89.487,28.058],[89.465,28.025],[89.442,27.992],[89.42,27.959],[89.397,27.926],[89.374,27.893],[89.36,27.872],[89.226,27.795],[89.128,27.623],[89.126,27.567],[88.971,27.474],[88.917,27.321]]}},{"type":"Feature","properties":{},"geometry":{"type":"LineString","coordinates":[[102.139,22.397],[102.181,22.336],[102.184,22.301],[102.223,22.277],[102.238,22.243],[102.272,22.214],[102.317,22.202],[102.419,22.121],[102.456,22.058],[102.516,22.029],[102.492,21.998],[102.506,21.962],[102.608,21.926],[102.648,21.85],[102.662,21.783],[102.654,21.731],[102.677,21.656],[102.753,21.669],[102.813,21.726],[102.806,21.821],[102.821,21.847],[102.858,21.827],[102.867,21.711],[102.939,21.725],[102.965,21.749],[102.976,21.739],[103.0,21.581],[102.892,21.469],[102.875,21.433],[102.928,21.459],[102.947,21.449],[102.905,21.382],[102.901,21.303],[102.865,21.298],[102.823,21.257],[102.883,21.255],[102.919,21.232],[102.91,21.171],[102.946,21.157],[102.967,21.079],[103.037,21.054],[103.087,20.963],[103.086,20.94],[103.171,20.847],[103.25,20.825],[103.289,20.838],[103.389,20.784],[103.431,20.796],[103.456,20.826],[103.511,20.758],[103.604,20.741],[103.694,20.657],[103.738,20.67],[103.735,20.731],[103.789,20.749],[103.777,20.795],[103.806,20.848],[103.86,20.853],[103.89,20.878],[103.929,20.88],[103.985,20.908],[104.035,20.905],[104.06,20.95],[104.109,20.977],[104.138,20.948],[104.175,20.949],[104.236,20.926],[104.247,20.897],[104.301,20.897],[104.333,20.875],[104.348,20.834],[104.389,20.816],[104.409,20.778],[104.483,20.768],[104.499,20.714],[104.645,20.658],[104.63,20.619],[104.591,20.579],[104.589,20.552],[104.551,20.516],[104.512,20.516],[104.471,20.537],[104.448,20.498],[104.381,20.461],[104.382,20.445],[104.414,20.426],[104.514,20.408],[104.622,20.414],[104.652,20.367],[104.711,20.337],[104.714,20.29],[104.678,20.277],[104.683,20.217],[104.748,20.202],[104.796,20.228],[104.832,20.229],[104.944,20.181],[104.932,20.136],[104.966,20.1],[104.992,20.093],[104.965,20.064],[104.979,20.005],[104.946,19.984],[104.893,19.989],[104.896,19.965],[104.788,19.89],[104.787,19.861],[104.832,19.865],[104.848,19.851],[104.836,19.791],[104.789,19.78],[104.764,19.751],[104.713,19.746],[104.668,19.689],[104.64,19.612],[104.601,19.623],[104.569,19.606],[104.516,19.606],[104.489,19.641],[104.449,19.646],[104.414,19.693],[104.365,19.688],[104.321,19.66],[104.309,19.687],[104.226,19.704],[104.157,19.687],[104.135,19.659],[104.091,19.662],[104.041,19.694]]}},{"type":"Feature","properties":{},"geometry":{"type":"LineString","coordinates":[[74.589,31.596],[74.641,31.458],[74.591,31.397],[74.547,31.288],[74.529,31.167],[74.567,31.116],[74.64,31.121],[74.681,31.091],[74.691,31.065],[74.657,31.056],[74.629,31.025],[74.556,31.062],[74.521,30.983],[74.467,30.97],[74.411,30.912],[74.37,30.893],[74.372,30.858],[74.314,30.84],[74.299,30.793],[74.268,30.774],[74.269,30.74],[74.223,30.721],[74.204,30.685],[74.102,30.614],[74.077,30.531],[74.041,30.539],[74.001,30.528],[73.962,30.462],[73.933,30.481],[73.927,30.423],[73.9,30.415],[73.905,30.394],[73.874,30.39],[73.856,30.365],[73.934,30.314],[73.972,30.195],[73.939,30.172],[73.907,30.148],[73.875,30.125],[73.842,30.102],[73.81,30.078],[73.799,30.071],[73.76,30.061],[73.721,30.052],[73.682,30.043],[73.643,30.033],[73.604,30.024],[73.589,30.02],[73.552,30.005],[73.514,29.99],[73.477,29.975],[73.44,29.96],[73.403,29.945],[73.385,29.905],[73.372,29.867],[73.359,29.829],[73.347,29.791],[73.334,29.753],[73.321,29.715],[73.308,29.677],[73.296,29.639],[73.283,29.601],[73.27,29.564],[73.25,29.527],[73.23,29.492],[73.209,29.458],[73.189,29.423],[73.169,29.389],[73.149,29.354],[73.129,29.32],[73.109,29.285],[73.089,29.25],[72.989,29.142],[72.948,29.036],[72.911,29.022],[72.873,29.008],[72.836,28.994],[72.799,28.98],[72.761,28.966],[72.729,28.954],[72.694,28.934],[72.659,28.915],[72.624,28.896],[72.589,28.877],[72.553,28.858],[72.518,28.838],[72.483,28.819],[72.457,28.805],[72.39,28.785],[72.292,28.68],[72.28,28.642],[72.269,28.604],[72.257,28.565],[72.245,28.527],[72.233,28.489],[72.222,28.451],[72.21,28.412],[72.207,28.402],[72.137,28.325],[71.992,28.216],[71.92,28.121],[71.897,27.962],[71.859,27.95],[71.821,27.938],[71.783,27.926],[71.744,27.913],[71.706,27.901],[71.668,27.889],[71.63,27.877],[71.587,27.875],[71.547,27.873],[71.507,27.872],[71.467,27.871],[71.427,27.87],[71.399,27.869],[71.226,27.846],[71.189,27.83],[71.152,27.815],[71.115,27.8],[71.078,27.785],[71.041,27.769],[71.004,27.754],[70.967,27.739],[70.93,27.723],[70.836,27.706],[70.738,27.731],[70.662,27.863],[70.664,27.928],[70.583,28.007],[70.487,28.046],[70.368,28.021],[70.337,27.996],[70.306,27.971],[70.275,27.946],[70.243,27.921],[70.212,27.896],[70.181,27.871],[70.15,27.846],[70.128,27.829],[70.113,27.792],[70.098,27.755],[70.083,27.717],[70.069,27.68],[70.054,27.643],[70.039,27.606],[70.034,27.595],[69.934,27.507],[69.868,27.409],[69.756,27.309],[69.701,27.287],[69.58,27.173],[69.51,26.992],[69.485,26.817],[69.506,26.754],[69.543,26.739],[69.58,26.724],[69.617,26.709],[69.654,26.694],[69.691,26.678],[69.723,26.665],[69.801,26.594],[69.842,26.585],[69.882,26.587],[69.922,26.588],[69.962,26.59],[70.002,26.591],[70.042,26.593],[70.082,26.595],[70.146,26.572],[70.184,26.536],[70.176,26.448],[70.187,26.38],[70.163,26.319],[70.174,26.244],[70.094,26.087],[70.09,25.978],[70.126,25.907],[70.183,25.835],[70.224,25.807],[70.282,25.707],[70.386,25.675],[70.532,25.684],[70.618,25.715],[70.672,25.69],[70.673,25.65],[70.673,25.61],[70.674,25.57],[70.675,25.53],[70.676,25.49],[70.677,25.45],[70.677,25.41],[70.677,25.402],[70.737,25.333],[70.753,25.274],[70.88,25.156],[70.891,25.118],[70.902,25.079],[70.913,25.041],[70.924,25.002],[70.935,24.964],[70.944,24.931],[71.018,24.829],[71.044,24.753],[71.088,24.686],[71.004,24.648],[70.977,24.596],[70.981,24.555],[71.006,24.541],[70.996,24.481],[71.006,24.458],[71.082,24.449],[71.106,24.433],[71.106,24.416],[71.051,24.395],[71.029,24.364],[70.957,24.374],[70.928,24.362],[70.864,24.317],[70.886,24.274],[70.791,24.239],[70.714,24.235],[70.651,24.241],[70.584,24.278],[70.568,24.371],[70.601,24.415],[70.579,24.432],[70.429,24.409],[70.381,24.368],[70.319,24.368],[70.254,24.332],[70.12,24.31],[70.071,24.197],[70.028,24.173],[69.988,24.173],[69.948,24.172],[69.908,24.172],[69.868,24.172],[69.828,24.172],[69.788,24.171],[69.748,24.171],[69.724,24.171],[69.599,24.281],[69.559,24.284],[69.519,24.286],[69.479,24.288],[69.439,24.29],[69.399,24.292],[69.359,24.294],[69.319,24.296],[69.311,24.297],[69.228,24.269]]}},{"type":"Feature","properties":{},"geometry":{"type":"LineString","coordinates":[[102.916,11.636],[102.925,11.658],[102.914,11.752],[102.848,11.836],[102.829,11.902],[102.782,11.985],[102.781,12.047],[102.716,12.166],[102.741,12.363],[102.783,12.403],[102.788,12.44],[102.738,12.467],[102.724,12.515],[102.634,12.603],[102.506,12.675],[102.505,12.735],[102.535,12.805],[102.502,12.846],[102.51,12.872],[102.49,12.941],[102.505,12.958],[102.493,12.977],[102.519,12.998],[102.417,13.117],[102.373,13.24],[102.346,13.274],[102.349,13.314],[102.351,13.354],[102.354,13.394],[102.356,13.434],[102.358,13.474],[102.36,13.501],[102.341,13.558],[102.368,13.577],[102.446,13.561],[102.538,13.569],[102.594,13.604],[102.623,13.607],[102.562,13.65],[102.562,13.679],[102.726,13.768],[102.791,13.937],[102.904,14.022],[102.902,14.079],[102.939,14.142],[102.945,14.191],[103.024,14.228],[103.101,14.298],[103.18,14.33],[103.237,14.333],[103.28,14.356],[103.396,14.359],[103.442,14.395],[103.467,14.372],[103.573,14.426],[103.612,14.404],[103.645,14.42],[103.659,14.448],[103.696,14.44],[103.706,14.388],[103.806,14.366],[103.845,14.381],[103.877,14.351],[103.922,14.339],[103.942,14.349],[103.946,14.369],[104.0,14.371],[104.026,14.344],[104.122,14.384],[104.16,14.368],[104.206,14.413],[104.207,14.39],[104.223,14.382],[104.279,14.409],[104.339,14.38],[104.396,14.383],[104.473,14.357],[104.509,14.381],[104.557,14.363],[104.587,14.371],[104.646,14.43],[104.688,14.408],[104.723,14.438],[104.736,14.41],[104.806,14.448],[104.852,14.416],[104.881,14.423],[105.002,14.383],[104.993,14.317],[105.036,14.243],[105.077,14.217],[105.147,14.246],[105.178,14.343],[105.211,14.351]]}},{"type":"Feature","properties":{},"geometry":{"type":"LineString","coordinates":[[125.0,40.456],[124.919,40.453],[124.904,40.475],[124.886,40.473],[124.833,40.409],[124.743,40.37],[124.709,40.305],[124.621,40.281],[124.555,40.242],[124.544,40.217],[124.511,40.194],[124.479,40.17],[124.446,40.147],[124.414,40.124],[124.381,40.1],[124.372,40.093]]}},{"type":"Feature","properties":{},"geometry":{"type":"LineString","coordinates":[[104.039,19.692],[104.021,19.669],[104.037,19.611],[104.074,19.569],[104.1,19.562],[104.122,19.494],[104.086,19.476],[104.07,19.41],[104.038,19.42],[103.965,19.389],[103.937,19.347],[103.88,19.32],[103.879,19.294],[103.916,19.3],[103.927,19.274],[103.998,19.23],[104.059,19.24],[104.104,19.21],[104.171,19.193],[104.224,19.151],[104.223,19.11],[104.284,19.111],[104.321,19.077],[104.378,19.059],[104.447,18.983],[104.49,18.994],[104.526,18.977],[104.573,18.901],[104.622,18.881],[104.672,18.837],[104.71,18.832],[104.741,18.797],[104.848,18.776],[104.914,18.78],[104.942,18.738],[105.013,18.744],[105.064,18.707],[105.139,18.703],[105.147,18.671],[105.194,18.643],[105.195,18.617],[105.185,18.599],[105.146,18.594],[105.104,18.448],[105.145,18.398],[105.192,18.378],[105.185,18.318],[105.237,18.286],[105.259,18.254],[105.294,18.247],[105.319,18.26],[105.322,18.197],[105.394,18.15],[105.41,18.19],[105.434,18.208],[105.5,18.18],[105.503,18.129],[105.534,18.114],[105.54,18.084],[105.579,18.057],[105.588,18.014],[105.617,18.005],[105.634,17.977],[105.615,17.871],[105.679,17.823],[105.685,17.781],[105.721,17.744],[105.754,17.67],[105.861,17.619],[105.887,17.588],[105.912,17.557],[105.938,17.527],[105.964,17.496],[105.99,17.466],[106.015,17.435],[106.039,17.407],[106.07,17.381],[106.1,17.355],[106.131,17.329],[106.162,17.304],[106.192,17.278],[106.212,17.262],[106.26,17.247],[106.282,17.291],[106.312,17.291],[106.315,17.255],[106.338,17.229],[106.327,17.196],[106.376,17.114],[106.421,17.072],[106.413,17.041],[106.442,16.989],[106.462,16.993],[106.52,16.966],[106.561,16.997],[106.561,16.957],[106.56,16.917],[106.56,16.877],[106.56,16.837],[106.559,16.797],[106.559,16.757],[106.559,16.717],[106.559,16.69],[106.587,16.627]]}},{"type":"Feature","properties":{},"geometry":{"type":"LineString","coordinates":[[61.278,35.605],[61.229,35.678],[61.262,35.813],[61.245,35.897],[61.228,35.899],[61.207,35.941],[61.123,35.975],[61.17,35.995],[61.165,36.035],[61.196,36.059],[61.229,36.127],[61.184,36.287],[61.15,36.315],[61.143,36.393],[61.165,36.425],[61.164,36.499],[61.19,36.568],[61.157,36.65],[61.117,36.65],[61.077,36.65],[61.037,36.649],[60.997,36.649],[60.957,36.649],[60.917,36.649],[60.877,36.648],[60.837,36.648],[60.797,36.648],[60.757,36.648],[60.717,36.647],[60.677,36.647],[60.637,36.647],[60.597,36.647],[60.557,36.646],[60.517,36.646],[60.477,36.646],[60.437,36.646],[60.397,36.645],[60.373,36.645],[60.333,36.656],[60.298,36.702],[60.284,36.754],[60.16,36.867],[60.065,37.009],[60.029,37.037],[59.915,37.059],[59.813,37.125],[59.738,37.13],[59.671,37.156],[59.62,37.132],[59.606,37.178],[59.567,37.209],[59.52,37.196],[59.477,37.219],[59.491,37.248],[59.393,37.323],[59.37,37.412],[59.381,37.486],[59.339,37.539],[59.302,37.539],[59.25,37.513],[59.216,37.534],[59.182,37.555],[59.148,37.576],[59.114,37.597],[59.08,37.618],[59.06,37.63],[58.941,37.667],[58.876,37.669],[58.823,37.704],[58.804,37.667],[58.749,37.667],[58.713,37.649],[58.646,37.662],[58.562,37.709],[58.535,37.698],[58.498,37.648],[58.389,37.636],[58.359,37.66],[58.228,37.681],[58.203,37.783],[58.174,37.796],[58.047,37.809],[57.962,37.855],[57.88,37.878],[57.815,37.875],[57.785,37.906],[57.752,37.905],[57.708,37.927],[57.668,37.929],[57.628,37.931],[57.588,37.932],[57.548,37.934],[57.508,37.936],[57.468,37.938],[57.45,37.939],[57.353,37.989],[57.371,38.093],[57.288,38.171],[57.244,38.271],[57.212,38.282],[57.165,38.276],[57.135,38.236],[57.059,38.194],[57.019,38.201],[56.98,38.208],[56.941,38.216],[56.901,38.223],[56.862,38.23],[56.756,38.285],[56.664,38.268],[56.614,38.241],[56.547,38.266],[56.443,38.26],[56.322,38.185],[56.32,38.168],[56.353,38.139],[56.333,38.086],[56.23,38.071],[56.164,38.095],[55.983,38.072],[55.944,38.081],[55.905,38.09],[55.866,38.1],[55.827,38.109],[55.788,38.118],[55.756,38.125],[55.716,38.12],[55.677,38.115],[55.637,38.11],[55.597,38.105],[55.558,38.1],[55.518,38.095],[55.478,38.09],[55.443,38.086],[55.385,38.042],[55.244,37.991],[55.21,37.962],[55.141,37.956],[55.11,37.931],[55.079,37.906],[55.048,37.88],[55.017,37.855],[55.0,37.842]]}},{"type":"Feature","properties":{},"geometry":{"type":"LineString","coordinates":[[61.384,41.234],[61.355,41.187],[61.273,41.161],[61.167,41.199],[61.142,41.232],[61.086,41.237],[61.047,41.221],[61.033,41.246],[61.002,41.208],[60.956,41.249],[60.812,41.258],[60.705,41.258],[60.666,41.251],[60.626,41.244],[60.587,41.237],[60.547,41.23],[60.508,41.223],[60.488,41.219],[60.339,41.309],[60.301,41.322],[60.263,41.336],[60.226,41.35],[60.188,41.364],[60.151,41.377],[60.14,41.381],[60.087,41.414],[60.078,41.454],[60.099,41.537],[60.178,41.579],[60.186,41.599],[60.08,41.724],[60.07,41.758],[60.122,41.805],[60.257,41.772],[60.276,41.793],[60.256,41.823],[60.178,41.862],[60.129,41.919],[60.09,41.929],[60.052,41.939],[60.013,41.949],[59.974,41.959],[59.936,41.969],[59.928,41.971],[59.937,41.995],[60.025,42.015],[59.992,42.132],[60.061,42.177],[60.056,42.201],[59.966,42.236],[59.921,42.294],[59.857,42.316],[59.781,42.311],[59.736,42.322],[59.696,42.318],[59.656,42.314],[59.616,42.31],[59.577,42.306],[59.537,42.301],[59.497,42.297],[59.457,42.293],[59.371,42.338],[59.285,42.348],[59.264,42.372],[59.259,42.452],[59.156,42.541],[59.127,42.546],[59.047,42.524],[58.952,42.541],[58.802,42.639],[58.771,42.665],[58.74,42.69],[58.709,42.716],[58.678,42.741],[58.648,42.767],[58.617,42.792],[58.61,42.798],[58.563,42.662],[58.423,42.661],[58.294,42.697],[58.164,42.652],[58.143,42.631],[58.164,42.601],[58.315,42.548],[58.339,42.517],[58.364,42.485],[58.388,42.453],[58.413,42.422],[58.437,42.39],[58.447,42.378],[58.514,42.318],[58.511,42.301],[58.412,42.297],[58.406,42.398],[58.312,42.452],[58.226,42.476],[58.147,42.462],[58.102,42.504],[58.027,42.504],[57.976,42.454],[57.924,42.442],[57.964,42.367],[57.905,42.261],[57.848,42.238],[57.875,42.206],[57.869,42.191],[57.752,42.184],[57.664,42.154],[57.474,42.175],[57.387,42.162],[57.246,42.095],[57.12,41.942],[56.978,41.885],[56.969,41.843],[56.995,41.75],[56.976,41.665],[57.036,41.575],[57.043,41.467],[57.096,41.401],[57.188,41.371],[57.092,41.322],[57.05,41.263],[57.011,41.269],[56.971,41.276],[56.932,41.282],[56.892,41.289],[56.853,41.295],[56.827,41.299],[56.667,41.288],[56.627,41.29],[56.587,41.293],[56.547,41.295],[56.507,41.297],[56.467,41.299],[56.427,41.302],[56.387,41.304],[56.347,41.306],[56.307,41.309],[56.268,41.311],[56.228,41.313],[56.188,41.315],[56.148,41.318],[56.108,41.32],[56.068,41.322],[56.028,41.324],[56.0,41.326]]}},{"type":"Feature","properties":{},"geometry":{"type":"LineString","coordinates":[[100.58,20.155],[100.57,20.117],[100.56,20.078],[100.55,20.039],[100.54,20.0],[100.53,19.962],[100.52,19.923],[100.51,19.885],[100.456,19.847],[100.404,19.758],[100.434,19.702],[100.446,19.628],[100.484,19.583],[100.49,19.538],[100.583,19.493],[100.618,19.544],[100.652,19.552],[100.749,19.512],[100.775,19.484],[100.904,19.624],[101.036,19.619],[101.121,19.568],[101.197,19.569],[101.228,19.595],[101.281,19.562],[101.285,19.518],[101.269,19.477],[101.211,19.459],[101.202,19.357],[101.241,19.331],[101.232,19.301],[101.257,19.226],[101.258,19.128],[101.354,19.039],[101.302,18.98],[101.296,18.941],[101.252,18.89],[101.255,18.788],[101.229,18.722],[101.268,18.681],[101.235,18.631],[101.188,18.607],[101.184,18.563],[101.1,18.514],[101.095,18.484],[101.056,18.436],[101.094,18.375],[101.182,18.331],[101.158,18.306],[101.152,18.254],[101.165,18.219],[101.188,18.203],[101.167,18.12],[101.191,18.054],[101.139,18.018],[101.088,17.931],[101.022,17.893],[101.03,17.836],[100.99,17.806],[101.001,17.786],[100.981,17.765],[100.987,17.719],[100.91,17.593],[100.924,17.566],[101.028,17.544],[101.079,17.496],[101.099,17.498],[101.119,17.472],[101.156,17.46],[101.188,17.493],[101.191,17.516],[101.23,17.527]]}},{"type":"Feature","properties":{},"geometry":{"type":"LineString","coordinates":[[106.459,11.67],[106.432,11.67],[106.386,11.698],[106.306,11.678],[106.261,11.726],[106.183,11.751],[106.129,11.745],[106.086,11.772],[106.043,11.777],[106.023,11.764],[106.012,11.714],[105.964,11.645],[105.869,11.67],[105.848,11.655],[105.839,11.624],[105.815,11.615],[105.827,11.572],[105.881,11.548],[105.886,11.463],[105.901,11.442],[105.881,11.385],[105.872,11.291],[105.912,11.274],[105.919,11.234],[105.949,11.202],[106.008,11.189],[106.027,11.148],[106.1,11.091],[106.11,11.061],[106.13,11.088],[106.159,11.094],[106.191,11.053],[106.214,10.976],[106.153,10.974],[106.146,10.919],[106.176,10.875],[106.203,10.771],[106.18,10.792],[106.082,10.803],[105.957,10.9],[105.933,10.834],[105.872,10.85],[105.858,10.917],[105.779,11.023],[105.741,11.011],[105.703,10.999],[105.665,10.987],[105.627,10.974],[105.589,10.962],[105.55,10.95],[105.543,10.948],[105.492,10.941],[105.43,10.966],[105.369,10.897],[105.348,10.843],[105.274,10.89],[105.115,10.918],[105.119,10.945],[105.102,10.956],[105.065,10.932],[105.037,10.884],[105.098,10.716],[104.966,10.642],[104.884,10.534],[104.821,10.52],[104.781,10.523],[104.742,10.525],[104.702,10.528],[104.662,10.53],[104.622,10.533],[104.598,10.534],[104.505,10.414],[104.447,10.422]]}},{"type":"Feature","properties":{},"geometry":{"type":"LineString","coordinates":[[77.821,35.5],[77.786,35.482],[77.75,35.464],[77.715,35.445],[77.679,35.427],[77.644,35.409],[77.608,35.391],[77.572,35.372],[77.537,35.354],[77.501,35.336],[77.466,35.317],[77.43,35.299],[77.395,35.281],[77.359,35.262],[77.323,35.244],[77.288,35.226],[77.252,35.208],[77.217,35.189],[77.181,35.171],[77.146,35.153],[77.11,35.134],[77.074,35.116],[77.042,35.099],[77.063,35.021],[76.962,34.936],[76.947,34.784],[76.922,34.745],[76.918,34.688],[76.876,34.661],[76.801,34.673],[76.722,34.746],[76.563,34.732],[76.492,34.767],[76.456,34.769],[76.299,34.703],[76.229,34.61],[76.179,34.59],[76.153,34.586],[76.053,34.628],[75.994,34.628],[75.912,34.595],[75.806,34.507],[75.737,34.518],[75.662,34.501],[75.622,34.509],[75.583,34.517],[75.544,34.525],[75.505,34.533],[75.466,34.54],[75.426,34.548],[75.393,34.555],[75.243,34.626],[75.11,34.628],[75.071,34.635],[75.031,34.641],[74.992,34.647],[74.952,34.653],[74.913,34.659],[74.873,34.665],[74.834,34.672],[74.794,34.678],[74.755,34.684],[74.715,34.69],[74.693,34.694],[74.655,34.705],[74.616,34.716],[74.578,34.727],[74.539,34.738],[74.501,34.749],[74.463,34.759],[74.424,34.77],[74.386,34.781],[74.299,34.773],[74.15,34.699],[73.996,34.677],[73.942,34.647],[73.947,34.565],[73.882,34.522],[73.871,34.459],[73.808,34.414],[73.797,34.386],[73.807,34.353],[73.849,34.319],[73.974,34.303],[74.022,34.209],[74.014,34.176],[73.919,34.125],[73.914,34.069],[73.979,34.012],[74.086,34.028],[74.158,34.007],[74.245,34.019],[74.276,34.009],[74.296,33.978],[74.28,33.925],[74.231,33.881],[74.148,33.842],[74.051,33.832],[73.991,33.744],[73.984,33.7],[74.001,33.654],[74.154,33.562],[74.182,33.517],[74.121,33.334],[74.018,33.267],[74.017,33.189],[74.125,33.115],[74.184,33.042],[74.302,33.017],[74.338,32.997],[74.364,32.869],[74.333,32.815],[74.36,32.776],[74.395,32.769],[74.454,32.793],[74.524,32.752],[74.599,32.759],[74.646,32.781],[74.671,32.839],[74.713,32.839],[74.67,32.716],[74.684,32.659],[74.654,32.593],[74.684,32.507],[74.717,32.476],[74.784,32.467],[74.855,32.486],[74.946,32.449],[75.049,32.478],[75.141,32.413],[75.205,32.409],[75.31,32.354],[75.355,32.303]]}},{"type":"Feature","properties":{},"geometry":{"type":"LineString","coordinates":[[106.589,16.629],[106.598,16.609],[106.624,16.613],[106.67,16.584],[106.66,16.533],[106.702,16.44],[106.749,16.437],[106.751,16.419],[106.78,16.431],[106.787,16.463],[106.821,16.478],[106.841,16.532],[106.875,16.539],[106.899,16.502],[106.898,16.45],[106.882,16.419],[106.909,16.421],[106.907,16.393],[106.981,16.342],[106.989,16.298],[107.091,16.302],[107.133,16.274],[107.149,16.261],[107.161,16.188],[107.204,16.153],[107.257,16.144],[107.334,16.057],[107.465,16.079],[107.457,16.046],[107.475,16.021],[107.398,15.914],[107.338,15.91],[107.26,15.856],[107.204,15.86],[107.175,15.788],[107.188,15.759],[107.255,15.724],[107.261,15.65],[107.343,15.603],[107.399,15.496],[107.438,15.514],[107.455,15.503],[107.47,15.517],[107.486,15.488],[107.51,15.493],[107.518,15.426],[107.549,15.411],[107.602,15.414],[107.596,15.384],[107.613,15.348],[107.695,15.271],[107.683,15.205],[107.655,15.212],[107.648,15.137],[107.607,15.101],[107.615,15.062],[107.584,15.044],[107.541,15.058],[107.468,15.025],[107.483,14.966],[107.589,14.891],[107.514,14.804],[107.536,14.77],[107.522,14.746],[107.549,14.724],[107.546,14.705]]}},{"type":"Feature","properties":{},"geometry":{"type":"LineString","coordinates":[[100.894,21.683],[101.006,21.711],[101.093,21.767],[101.122,21.77],[101.125,21.694],[101.169,21.63],[101.171,21.605],[101.148,21.574],[101.162,21.531],[101.1,21.464],[100.992,21.393],[100.908,21.362],[100.844,21.306],[100.723,21.307],[100.7,21.181],[100.672,21.128],[100.621,21.052],[100.546,21.025],[100.552,20.985],[100.52,20.949],[100.513,20.888],[100.526,20.871],[100.634,20.891],[100.647,20.871],[100.616,20.839],[100.532,20.805],[100.369,20.827],[100.343,20.791],[100.254,20.746],[100.175,20.635],[100.167,20.596],[100.159,20.557],[100.15,20.518],[100.142,20.479],[100.134,20.44],[100.125,20.401],[100.091,20.349],[100.105,20.309],[100.097,20.256],[100.16,20.235],[100.172,20.249],[100.163,20.288],[100.215,20.313],[100.224,20.352],[100.256,20.385],[100.333,20.389],[100.376,20.344],[100.416,20.243],[100.446,20.219],[100.454,20.191],[100.521,20.145],[100.554,20.167],[100.581,20.158]]}},{"type":"Feature","properties":{},"geometry":{"type":"LineString","coordinates":[[107.461,13.796],[107.533,13.722],[107.589,13.595],[107.629,13.543],[107.636,13.382],[107.621,13.345],[107.605,13.308],[107.59,13.271],[107.574,13.234],[107.558,13.198],[107.543,13.161],[107.527,13.124],[107.512,13.087],[107.496,13.05],[107.483,13.021],[107.506,12.996],[107.492,12.956],[107.511,12.879],[107.569,12.799],[107.566,12.713],[107.584,12.682],[107.575,12.658],[107.593,12.604],[107.595,12.554],[107.574,12.519],[107.585,12.483],[107.554,12.416],[107.548,12.354],[107.516,12.324],[107.469,12.306],[107.454,12.265],[107.434,12.252],[107.35,12.334],[107.167,12.278],[107.097,12.185],[106.981,12.086],[106.91,12.064],[106.791,12.075],[106.717,11.969],[106.694,11.963],[106.66,11.981],[106.665,11.965],[106.641,11.961],[106.622,11.976],[106.521,11.979],[106.489,11.954],[106.468,11.979],[106.42,11.974],[106.471,11.869]]}},{"type":"Feature","properties":{},"geometry":{"type":"LineString","coordinates":[[101.228,17.53],[101.271,17.601],[101.319,17.644],[101.356,17.657],[101.391,17.692],[101.412,17.685],[101.434,17.716],[101.408,17.731],[101.456,17.735],[101.484,17.756],[101.494,17.725],[101.514,17.765],[101.584,17.788],[101.559,17.815],[101.579,17.864],[101.604,17.849],[101.628,17.887],[101.727,17.909],[101.76,18.034],[101.78,18.063],[101.882,18.03],[101.907,18.034],[101.934,18.064],[101.96,18.094],[101.987,18.124],[102.014,18.154],[102.04,18.183],[102.053,18.197],[102.086,18.214],[102.179,18.194],[102.191,18.149],[102.285,18.073],[102.295,18.05],[102.366,18.033],[102.422,17.982],[102.478,17.968],[102.539,17.973],[102.599,17.954],[102.613,17.895],[102.59,17.842],[102.67,17.802],[102.686,17.81],[102.672,17.862],[102.742,17.888],[102.859,17.975],[102.952,18.007],[103.015,17.979],[103.038,17.988],[103.071,18.034],[103.062,18.11],[103.091,18.139]]}},{"type":"Feature","properties":{},"geometry":{"type":"LineString","coordinates":[[66.536,37.366],[66.517,37.405],[66.572,37.464],[66.517,37.522],[66.548,37.664],[66.538,37.773],[66.558,37.824],[66.666,37.937],[66.67,37.973],[66.644,38.003],[66.556,38.038],[66.424,38.044],[66.319,38.085],[66.254,38.155],[66.163,38.174],[66.072,38.236],[65.99,38.243],[65.895,38.281],[65.846,38.276],[65.736,38.225],[65.564,38.268],[65.529,38.287],[65.494,38.305],[65.458,38.324],[65.423,38.343],[65.387,38.361],[65.352,38.38],[65.316,38.398],[65.292,38.411],[65.26,38.434],[65.227,38.457],[65.194,38.48],[65.162,38.503],[65.129,38.526],[65.096,38.549],[65.064,38.573],[65.031,38.596],[64.998,38.619],[64.987,38.627],[64.95,38.641],[64.912,38.655],[64.875,38.669],[64.838,38.683],[64.8,38.698],[64.763,38.712],[64.725,38.726],[64.688,38.74],[64.651,38.754],[64.632,38.761],[64.599,38.784],[64.565,38.806],[64.532,38.828],[64.499,38.851],[64.466,38.873],[64.445,38.887],[64.34,38.991],[64.215,38.954],[64.174,38.955],[64.139,38.974],[64.104,38.993],[64.069,39.012],[64.033,39.032],[63.998,39.051],[63.963,39.07],[63.928,39.089],[63.893,39.108],[63.858,39.127],[63.823,39.146],[63.787,39.165],[63.752,39.185],[63.717,39.204],[63.685,39.234],[63.656,39.263],[63.628,39.291],[63.6,39.32],[63.572,39.348],[63.544,39.376],[63.526,39.394],[63.491,39.412],[63.455,39.43],[63.42,39.448],[63.384,39.467],[63.349,39.485],[63.313,39.503],[63.277,39.522],[63.242,39.54],[63.206,39.558],[63.171,39.576],[63.135,39.595],[63.1,39.613],[63.064,39.631],[63.039,39.644],[63.005,39.666],[62.971,39.687],[62.937,39.709],[62.904,39.731],[62.87,39.752],[62.836,39.774],[62.819,39.784],[62.784,39.803],[62.749,39.822],[62.714,39.841],[62.678,39.86],[62.643,39.878],[62.608,39.897],[62.584,39.91],[62.441,40.031]]}},{"type":"Feature","properties":{},"geometry":{"type":"LineString","coordinates":[[66.536,37.366],[66.517,37.405],[66.572,37.464],[66.517,37.522],[66.548,37.664],[66.538,37.773],[66.558,37.824],[66.666,37.937],[66.67,37.973],[66.644,38.003],[66.556,38.038],[66.424,38.044],[66.319,38.085],[66.254,38.155],[66.163,38.174],[66.072,38.236],[65.99,38.243],[65.895,38.281],[65.846,38.276],[65.736,38.225],[65.564,38.268],[65.529,38.287],[65.494,38.305],[65.458,38.324],[65.423,38.343],[65.387,38.361],[65.352,38.38],[65.316,38.398],[65.292,38.411],[65.26,38.434],[65.227,38.457],[65.194,38.48],[65.162,38.503],[65.129,38.526],[65.096,38.549],[65.064,38.573],[65.031,38.596],[64.998,38.619],[64.987,38.627],[64.95,38.641],[64.912,38.655],[64.875,38.669],[64.838,38.683],[64.8,38.698],[64.763,38.712],[64.725,38.726],[64.688,38.74],[64.651,38.754],[64.632,38.761],[64.599,38.784],[64.565,38.806],[64.532,38.828],[64.499,38.851],[64.466,38.873],[64.445,38.887],[64.34,38.991],[64.215,38.954],[64.174,38.955],[64.139,38.974],[64.104,38.993],[64.069,39.012],[64.033,39.032],[63.998,39.051],[63.963,39.07],[63.928,39.089],[63.893,39.108],[63.858,39.127],[63.823,39.146],[63.787,39.165],[63.752,39.185],[63.717,39.204],[63.685,39.234],[63.656,39.263],[63.628,39.291],[63.6,39.32],[63.572,39.348],[63.544,39.376],[63.526,39.394],[63.491,39.412],[63.455,39.43],[63.42,39.448],[63.384,39.467],[63.349,39.485],[63.313,39.503],[63.277,39.522],[63.242,39.54],[63.206,39.558],[63.171,39.576],[63.135,39.595],[63.1,39.613],[63.064,39.631],[63.039,39.644],[63.005,39.666],[62.971,39.687],[62.937,39.709],[62.904,39.731],[62.87,39.752],[62.836,39.774],[62.819,39.784],[62.784,39.803],[62.749,39.822],[62.714,39.841],[62.678,39.86],[62.643,39.878],[62.608,39.897],[62.584,39.91],[62.441,40.031]]}},{"type":"Feature","properties":{},"geometry":{"type":"LineString","coordinates":[[72.194,41.004],[72.217,41.06],[72.184,41.193],[72.122,41.202],[72.053,41.159],[71.999,41.202],[71.922,41.187],[71.893,41.194],[71.887,41.333],[71.764,41.462],[71.748,41.431],[71.725,41.456],[71.695,41.432],[71.716,41.522],[71.691,41.556],[71.646,41.556],[71.621,41.507],[71.66,41.429],[71.604,41.319],[71.55,41.301],[71.438,41.349],[71.438,41.309],[71.439,41.269],[71.439,41.229],[71.44,41.189],[71.44,41.149],[71.44,41.137],[71.418,41.119],[71.35,41.166],[71.311,41.122],[71.285,41.119],[71.271,41.176],[71.243,41.196],[71.202,41.182],[71.213,41.137],[71.196,41.117],[71.151,41.164],[71.107,41.164],[71.055,41.195],[70.933,41.199],[70.847,41.256],[70.785,41.243],[70.793,41.357],[70.707,41.474],[70.669,41.476],[70.481,41.411],[70.377,41.497],[70.187,41.528],[70.192,41.591],[70.229,41.607],[70.265,41.624],[70.302,41.64],[70.339,41.656],[70.375,41.672],[70.412,41.688],[70.449,41.704],[70.47,41.713],[70.526,41.797],[70.685,41.905],[70.844,41.925],[70.871,42.04],[70.987,42.044],[71.147,42.132],[71.223,42.142],[71.274,42.189],[71.276,42.204],[71.24,42.221],[71.204,42.238],[71.167,42.255],[71.131,42.271],[71.095,42.288],[71.059,42.305],[70.969,42.253]]}},{"type":"Feature","properties":{},"geometry":{"type":"LineString","coordinates":[[99.462,6.421],[99.501,6.429],[99.541,6.437],[99.58,6.444],[99.619,6.452],[99.658,6.46],[99.698,6.468],[99.737,6.475],[99.776,6.483],[99.816,6.491],[99.855,6.498],[99.894,6.506],[100.023,6.417],[100.124,6.42],[100.171,6.477],[100.17,6.537],[100.194,6.569],[100.174,6.626],[100.196,6.702],[100.215,6.711],[100.248,6.683],[100.26,6.707],[100.303,6.699],[100.337,6.583],[100.382,6.538],[100.437,6.516],[100.499,6.523],[100.529,6.491],[100.661,6.448],[100.754,6.502],[100.766,6.452],[100.806,6.448],[100.834,6.419],[100.857,6.234],[100.881,6.251],[100.951,6.24],[100.99,6.277],[101.033,6.244],[101.116,6.249],[101.122,6.187],[101.076,6.151],[101.12,6.098],[101.105,6.037],[101.119,5.984],[101.101,5.927],[101.036,5.896],[100.99,5.788],[101.028,5.729],[101.084,5.714],[101.146,5.631],[101.223,5.67],[101.256,5.706],[101.286,5.808],[101.351,5.808],[101.411,5.86],[101.495,5.875],[101.57,5.917],[101.611,5.902],[101.634,5.864],[101.659,5.861],[101.66,5.815],[101.692,5.764],[101.762,5.789],[101.797,5.747],[101.834,5.743],[101.85,5.784],[101.944,5.862],[101.951,5.974],[102.092,6.111],[102.096,6.235]]}},{"type":"Feature","properties":{},"geometry":{"type":"LineString","coordinates":[[70.347,40.43],[70.378,40.402],[70.375,40.377],[70.457,40.351],[70.516,40.36],[70.558,40.342],[70.6,40.238],[70.641,40.206],[70.716,40.204],[70.871,40.243],[70.987,40.246],[71.006,40.271],[71.046,40.271],[71.086,40.271],[71.126,40.27],[71.166,40.27],[71.206,40.269],[71.217,40.269],[71.274,40.332],[71.309,40.303],[71.39,40.302],[71.421,40.273],[71.464,40.275],[71.49,40.233],[71.563,40.206],[71.622,40.206],[71.635,40.255],[71.666,40.261],[71.688,40.221],[71.688,40.169],[71.711,40.146],[71.797,40.184],[71.863,40.264],[71.957,40.239],[71.983,40.253],[72.042,40.247],[72.049,40.263],[71.98,40.292],[71.974,40.318],[72.098,40.372],[72.11,40.431],[72.174,40.46],[72.283,40.463],[72.276,40.446],[72.238,40.44],[72.241,40.426],[72.296,40.431],[72.424,40.389],[72.453,40.464],[72.381,40.521],[72.396,40.56],[72.369,40.599],[72.384,40.615],[72.426,40.607],[72.474,40.558],[72.522,40.557],[72.636,40.514],[72.673,40.533],[72.69,40.583],[72.768,40.57],[72.804,40.675],[72.917,40.7],[72.989,40.739],[73.096,40.771],[73.173,40.823],[73.146,40.849],[73.055,40.843],[73.035,40.879],[72.895,40.823],[72.899,40.868],[72.882,40.877],[72.726,40.869],[72.632,40.885],[72.567,40.965],[72.507,40.976],[72.506,41.015],[72.405,41.034],[72.351,41.083],[72.319,41.032],[72.196,41.006]]}},{"type":"Feature","properties":{},"geometry":{"type":"LineString","coordinates":[[70.969,42.253],[70.907,42.267],[70.873,42.313],[70.963,42.388],[70.955,42.428],[70.996,42.487],[71.052,42.462],[71.086,42.476],[71.087,42.497],[71.034,42.535],[71.031,42.574],[71.063,42.59],[71.167,42.604],[71.176,42.695],[71.228,42.707],[71.275,42.76],[71.359,42.746],[71.425,42.804],[71.503,42.789],[71.53,42.802],[71.574,42.765],[71.597,42.764],[71.726,42.822],[71.809,42.824],[71.87,42.843],[71.908,42.83],[71.946,42.817],[71.983,42.805],[72.021,42.792],[72.059,42.779],[72.097,42.766],[72.124,42.757],[72.172,42.774],[72.297,42.774],[72.334,42.758],[72.371,42.743],[72.408,42.728],[72.445,42.713],[72.482,42.697],[72.505,42.688],[72.599,42.692],[72.757,42.656],[72.792,42.638],[72.833,42.577],[72.909,42.548],[72.968,42.539],[73.157,42.56],[73.209,42.521],[73.334,42.509],[73.344,42.429],[73.422,42.434],[73.52,42.408],[73.533,42.434],[73.451,42.533],[73.433,42.621],[73.461,42.711],[73.526,42.8],[73.514,42.896],[73.584,43.039],[73.621,43.052],[73.659,43.066],[73.697,43.08],[73.734,43.094],[73.772,43.107],[73.809,43.121],[73.832,43.129],[73.913,43.123],[73.973,43.224],[74.059,43.188],[74.235,43.207],[74.236,43.231],[74.201,43.269]]}},{"type":"Feature","properties":{},"geometry":{"type":"LineString","coordinates":[[75.676,42.806],[75.747,42.851],[75.802,42.941],[75.911,42.947],[76.018,42.924],[76.095,42.941],[76.187,42.928],[76.24,42.937],[76.323,42.925],[76.343,42.907],[76.411,42.916],[76.441,42.892],[76.501,42.923],[76.617,42.9],[76.669,42.92],[76.724,42.917],[76.774,42.947],[76.812,42.947],[76.854,42.982],[76.908,42.978],[76.977,42.996],[77.062,42.971],[77.147,42.966],[77.208,42.917],[77.308,42.912],[77.35,42.897],[77.46,42.93],[77.536,42.921],[77.591,42.887],[77.66,42.915],[77.73,42.915],[77.812,42.902],[77.829,42.871],[77.897,42.9],[77.953,42.893],[77.999,42.867],[78.102,42.857],[78.265,42.876],[78.337,42.853],[78.391,42.88],[78.489,42.887],[78.654,42.843],[78.689,42.812],[78.802,42.809],[78.921,42.775],[78.974,42.783],[79.028,42.76],[79.186,42.797],[79.21,42.78],[79.197,42.727],[79.215,42.679],[79.27,42.629],[79.357,42.608],[79.444,42.472],[79.572,42.453],[79.717,42.474],[79.816,42.446],[79.953,42.434],[79.984,42.409],[80.015,42.384],[80.046,42.359],[80.077,42.333],[80.108,42.308],[80.177,42.22],[80.234,42.196]]}},{"type":"Feature","properties":{},"geometry":{"type":"LineString","coordinates":[[70.982,40.245],[70.996,40.215],[70.974,40.181],[70.918,40.169],[70.861,40.18],[70.834,40.16],[70.82,40.171],[70.776,40.135],[70.661,40.104],[70.644,39.989],[70.603,39.958],[70.528,39.95],[70.504,39.908],[70.467,39.936],[70.493,39.974],[70.552,40.009],[70.56,40.026],[70.542,40.046],[70.39,40.085],[70.349,40.083],[70.286,40.133],[70.173,40.142],[70.103,40.187],[70.008,40.219],[69.969,40.209],[69.93,40.198],[69.892,40.188],[69.853,40.178],[69.815,40.167],[69.776,40.157],[69.737,40.147],[69.699,40.137],[69.66,40.126],[69.621,40.116],[69.606,40.112],[69.572,40.107],[69.541,40.131],[69.484,40.036],[69.526,39.932],[69.425,39.902],[69.398,39.952],[69.338,39.996],[69.265,39.86],[69.249,39.754],[69.309,39.692],[69.302,39.555],[69.332,39.518],[69.378,39.558],[69.446,39.531],[69.544,39.546],[69.59,39.579],[69.708,39.588],[69.773,39.576],[69.843,39.537],[69.943,39.559],[70.003,39.534],[70.052,39.58],[70.163,39.554],[70.228,39.625],[70.235,39.526],[70.269,39.529],[70.356,39.582],[70.407,39.577],[70.417,39.592],[70.492,39.608],[70.549,39.582],[70.634,39.581],[70.674,39.507]]}},{"type":"Feature","properties":{},"geometry":{"type":"LineString","coordinates":[[55.199,22.7],[55.218,22.807],[55.217,22.847],[55.217,22.887],[55.216,22.927],[55.215,22.967],[55.214,23.007],[55.214,23.014],[55.242,23.118],[55.341,23.274],[55.351,23.313],[55.362,23.351],[55.373,23.39],[55.384,23.428],[55.395,23.467],[55.399,23.48],[55.463,23.54],[55.501,23.685],[55.565,23.774],[55.557,23.888],[55.484,23.933],[55.473,23.968],[55.559,23.989],[55.646,24.03],[55.741,24.022],[55.783,24.038],[55.82,24.01],[55.858,24.022],[55.896,24.034],[55.934,24.047],[55.972,24.059],[56.01,24.071],[56.025,24.076],[55.978,24.141],[55.976,24.184],[55.949,24.235],[55.909,24.236],[55.859,24.214],[55.777,24.235],[55.833,24.338],[55.831,24.4],[55.791,24.439],[55.798,24.477],[55.779,24.564],[55.809,24.584],[55.811,24.625],[55.844,24.65],[55.814,24.717],[55.822,24.773],[55.808,24.878],[55.915,24.973],[55.954,24.984],[56.009,24.975],[56.032,24.954],[56.051,24.866],[55.994,24.891],[55.979,24.884],[55.983,24.863],[56.025,24.832],[56.026,24.801],[56.062,24.745],[56.141,24.74],[56.154,24.772],[56.18,24.782],[56.191,24.83],[56.268,24.848],[56.336,24.897],[56.335,24.966],[56.373,24.979]]}},{"type":"Feature","properties":{},"geometry":{"type":"LineString","coordinates":[[68.144,41.051],[68.151,41.031],[68.122,41.02],[68.144,40.998],[68.135,40.936],[68.088,40.863],[68.016,40.814],[68.064,40.807],[68.097,40.784],[68.13,40.762],[68.163,40.739],[68.196,40.717],[68.229,40.694],[68.271,40.678],[68.308,40.664],[68.346,40.65],[68.384,40.636],[68.421,40.623],[68.455,40.598],[68.484,40.591],[68.537,40.626],[68.608,40.6],[68.632,40.607],[68.648,40.626],[68.624,40.636],[68.652,40.672],[68.632,40.722],[68.59,40.73],[68.568,40.861],[68.594,40.874],[68.594,40.92],[68.612,40.913],[68.617,40.937],[68.724,40.979],[68.774,41.077],[68.868,41.109],[68.898,41.161],[68.984,41.176],[69.063,41.216],[69.081,41.351],[69.056,41.379],[69.123,41.408],[69.151,41.402],[69.157,41.426],[69.248,41.471],[69.293,41.459],[69.346,41.484],[69.419,41.475],[69.402,41.519],[69.425,41.554],[69.507,41.583],[69.642,41.673],[69.786,41.703],[69.936,41.714],[70.009,41.78],[70.058,41.78],[70.087,41.809],[70.145,41.831],[70.226,41.941],[70.302,41.977],[70.333,42.039],[70.373,42.064],[70.488,42.1],[70.531,42.069],[70.539,42.038],[70.624,42.02],[70.648,42.052],[70.671,42.085],[70.694,42.118],[70.717,42.15],[70.74,42.183],[70.753,42.201],[70.857,42.196],[70.969,42.253]]}},{"type":"Feature","properties":{},"geometry":{"type":"LineString","coordinates":[[91.661,27.765],[91.824,27.766],[91.885,27.731],[91.978,27.729],[92.046,27.75],[92.118,27.812],[92.254,27.816],[92.261,27.874],[92.306,27.798],[92.323,27.794],[92.358,27.844],[92.386,27.805],[92.415,27.86],[92.431,27.859],[92.452,27.826],[92.555,27.867],[92.586,27.908],[92.636,27.912],[92.718,27.974],[92.726,28.047],[92.661,28.069],[92.695,28.133],[92.802,28.202],[92.824,28.178],[92.881,28.2],[92.931,28.257],[92.987,28.274],[93.137,28.39],[93.151,28.427],[93.165,28.465],[93.179,28.502],[93.193,28.54],[93.207,28.577],[93.221,28.615],[93.228,28.633],[93.29,28.64],[93.324,28.666],[93.378,28.656],[93.472,28.679],[93.654,28.678],[93.703,28.712],[93.743,28.699],[93.792,28.747],[93.853,28.775],[93.898,28.778],[93.905,28.798],[93.939,28.806],[93.933,28.833],[94.003,28.841],[94.049,28.864],[94.037,28.975],[94.062,28.982],[94.134,28.968],[94.22,29.083],[94.29,29.147],[94.356,29.152],[94.424,29.213],[94.542,29.222],[94.57,29.272],[94.631,29.327]]}},{"type":"Feature","properties":{},"geometry":{"type":"LineString","coordinates":[[81.025,30.196],[81.096,30.085],[81.109,30.025],[81.168,30.031],[81.223,30.01],[81.256,30.026],[81.247,30.056],[81.302,30.084],[81.291,30.131],[81.346,30.139],[81.378,30.167],[81.383,30.215],[81.402,30.238],[81.391,30.321],[81.421,30.385],[81.486,30.345],[81.542,30.331],[81.558,30.382],[81.603,30.393],[81.616,30.42],[81.637,30.424],[81.803,30.364],[81.844,30.377],[81.917,30.356],[81.951,30.364],[81.997,30.332],[82.101,30.342],[82.116,30.33],[82.107,30.231],[82.179,30.191],[82.15,30.126],[82.177,30.064],[82.231,30.075],[82.289,30.039],[82.343,30.037],[82.371,30.009],[82.421,30.01],[82.503,29.949],[82.558,29.943],[82.656,29.835],[82.715,29.832],[82.711,29.79],[82.77,29.758],[82.781,29.727],[82.839,29.697],[82.855,29.669],[82.882,29.667],[82.909,29.694],[82.959,29.668],[82.992,29.673],[83.093,29.583],[83.118,29.621],[83.195,29.631],[83.227,29.586],[83.257,29.58],[83.283,29.551],[83.287,29.527],[83.27,29.511],[83.284,29.474],[83.346,29.497],[83.379,29.466],[83.381,29.416],[83.416,29.397],[83.412,29.369],[83.454,29.339],[83.464,29.307],[83.527,29.269],[83.553,29.186],[83.609,29.164],[83.672,29.16],[83.721,29.229],[83.751,29.243],[83.818,29.239],[83.891,29.266],[83.912,29.29],[83.982,29.297],[84.0,29.269],[84.032,29.279],[84.057,29.254],[84.114,29.262],[84.136,29.214],[84.186,29.206],[84.158,29.135],[84.203,29.09],[84.202,29.057],[84.256,29.042],[84.229,28.954],[84.237,28.919],[84.321,28.874],[84.396,28.859],[84.454,28.799],[84.456,28.764],[84.481,28.737],[84.636,28.703],[84.657,28.674],[84.707,28.661],[84.706,28.601],[84.775,28.599],[84.847,28.544],[84.913,28.555],[84.954,28.544],[84.974,28.579],[85.02,28.595],[85.06,28.641],[85.19,28.603],[85.182,28.53],[85.147,28.511],[85.139,28.471],[85.102,28.447],[85.114,28.396],[85.103,28.316],[85.115,28.304],[85.16,28.297],[85.199,28.312],[85.237,28.279],[85.284,28.272],[85.333,28.289],[85.377,28.264],[85.459,28.302],[85.497,28.284],[85.596,28.279],[85.62,28.251],[85.718,28.339],[85.721,28.279],[85.747,28.237],[85.886,28.152],[85.92,28.09],[85.919,28.033],[85.978,27.99],[85.973,27.916],[86.014,27.883],[86.044,27.896],[86.089,27.891],[86.137,27.932],[86.12,27.963],[86.124,27.993],[86.099,28.009],[86.109,28.049],[86.094,28.086],[86.184,28.164],[86.206,28.154],[86.215,28.118],[86.196,28.063],[86.22,28.043],[86.226,28.007],[86.304,27.991],[86.345,27.948],[86.392,27.951],[86.445,27.908],[86.535,27.955],[86.541,28.024],[86.565,28.058],[86.572,28.106],[86.593,28.113],[86.636,28.086],[86.686,28.112],[86.758,28.08],[86.764,28.027],[86.874,28.018],[86.933,27.951],[87.039,27.961],[87.089,27.921],[87.1,27.885],[87.132,27.869],[87.137,27.846],[87.193,27.823],[87.256,27.839],[87.306,27.816],[87.404,27.861],[87.394,27.809],[87.546,27.846],[87.569,27.843],[87.598,27.81],[87.661,27.829],[87.721,27.805],[87.797,27.837],[87.844,27.907],[87.869,27.919],[87.889,27.896],[87.951,27.903],[88.003,27.886],[88.05,27.899],[88.149,27.864]]}},{"type":"Feature","properties":{},"geometry":{"type":"LineString","coordinates":[[70.674,39.507],[70.724,39.477],[70.721,39.419],[70.748,39.399],[70.801,39.389],[70.849,39.411],[70.89,39.402],[70.922,39.435],[70.952,39.41],[70.998,39.401],[71.033,39.412],[71.097,39.511],[71.203,39.534],[71.275,39.517],[71.316,39.565],[71.406,39.606],[71.444,39.603],[71.48,39.62],[71.553,39.567],[71.515,39.499],[71.543,39.461],[71.605,39.449],[71.757,39.462],[71.774,39.391],[71.731,39.338],[71.773,39.278],[71.857,39.287],[71.979,39.352],[72.077,39.375],[72.102,39.341],[72.109,39.288],[72.23,39.245],[72.249,39.192],[72.306,39.257],[72.342,39.336],[72.386,39.336],[72.422,39.359],[72.497,39.352],[72.539,39.382],[72.593,39.364],[72.664,39.402],[72.858,39.363],[72.924,39.371],[73.028,39.352],[73.099,39.382],[73.154,39.353],[73.344,39.395],[73.36,39.401],[73.37,39.442],[73.491,39.47],[73.67,39.459]]}},{"type":"Feature","properties":{},"geometry":{"type":"LineString","coordinates":[[56.001,41.327],[55.904,41.334],[55.812,41.29],[55.729,41.292],[55.652,41.267],[55.537,41.262],[55.457,41.287],[55.395,41.387],[55.289,41.44],[55.243,41.485],[55.22,41.517],[55.197,41.55],[55.174,41.583],[55.151,41.615],[55.128,41.648],[55.121,41.658],[55.092,41.686],[55.063,41.714],[55.035,41.741],[55.006,41.769],[55.0,41.775]]}},{"type":"Feature","properties":{},"geometry":{"type":"LineString","coordinates":[[106.332,14.445],[106.411,14.458],[106.44,14.49],[106.433,14.523],[106.483,14.52],[106.471,14.562],[106.543,14.599],[106.571,14.514],[106.606,14.507],[106.63,14.465],[106.713,14.432],[106.734,14.442],[106.798,14.346],[106.847,14.305],[106.909,14.343],[106.967,14.324],[106.982,14.334],[106.982,14.362],[107.048,14.419],[107.05,14.443],[107.095,14.404],[107.116,14.402],[107.193,14.464],[107.204,14.503],[107.249,14.503],[107.259,14.546],[107.304,14.603],[107.335,14.603],[107.376,14.559],[107.426,14.545],[107.451,14.553],[107.471,14.637],[107.495,14.646],[107.549,14.707]]}},{"type":"Feature","properties":{},"geometry":{"type":"LineString","coordinates":[[67.367,39.294],[67.382,39.21],[67.518,39.168],[67.618,39.172],[67.654,39.14],[67.695,39.135],[67.687,39.049],[67.709,38.997],[67.863,38.977],[67.969,39.009],[68.037,38.984],[68.077,39.001],[68.113,38.997],[68.184,38.901],[68.196,38.854],[68.155,38.809],[68.083,38.794],[68.101,38.739],[68.058,38.697],[68.081,38.609],[68.072,38.541],[68.111,38.498],[68.127,38.424],[68.216,38.332],[68.331,38.273],[68.384,38.196],[68.369,38.112],[68.296,38.018],[68.277,37.959],[68.151,37.928],[68.073,37.765],[68.044,37.738],[68.015,37.71],[67.986,37.683],[67.957,37.655],[67.928,37.628],[67.917,37.617],[67.838,37.506],[67.817,37.428],[67.841,37.353],[67.841,37.276],[67.78,37.186]]}},{"type":"Feature","properties":{},"geometry":{"type":"LineString","coordinates":[[69.098,40.224],[69.235,40.19],[69.321,40.212],[69.232,40.282],[69.24,40.312],[69.308,40.286],[69.339,40.328],[69.26,40.503],[69.211,40.559],[69.251,40.59],[69.332,40.602],[69.335,40.738],[69.352,40.769],[69.406,40.802],[69.459,40.811],[69.489,40.786],[69.54,40.779],[69.68,40.647],[69.732,40.639],[69.823,40.716],[69.862,40.725],[69.901,40.734],[69.94,40.744],[69.979,40.753],[70.018,40.762],[70.05,40.77],[70.122,40.827],[70.248,40.856],[70.317,40.894],[70.375,40.958],[70.382,41.028],[70.431,41.05],[70.472,41.037],[70.544,40.981],[70.574,40.954],[70.603,40.927],[70.633,40.9],[70.662,40.873],[70.692,40.846],[70.721,40.819],[70.732,40.81],[70.724,40.798],[70.693,40.8],[70.656,40.829],[70.642,40.811],[70.653,40.782],[70.777,40.756],[70.796,40.726]]}},{"type":"Feature","properties":{},"geometry":{"type":"LineString","coordinates":[[67.366,39.294],[67.411,39.299],[67.442,39.486],[67.514,39.496],[67.51,39.555],[67.605,39.566],[67.71,39.626],[67.827,39.621],[67.867,39.613],[67.906,39.605],[67.945,39.596],[67.984,39.588],[68.023,39.58],[68.062,39.572],[68.082,39.567],[68.122,39.564],[68.162,39.562],[68.202,39.559],[68.242,39.556],[68.282,39.553],[68.304,39.552],[68.353,39.537],[68.473,39.537],[68.54,39.555],[68.537,39.587],[68.592,39.614],[68.63,39.656],[68.64,39.856],[68.656,39.863],[68.674,39.85],[68.722,39.871],[68.761,39.827],[68.779,39.839],[68.774,39.862],[68.812,39.878],[68.775,39.987],[68.806,39.972],[68.853,39.874],[68.873,39.871],[68.909,39.891],[68.815,39.994],[68.808,40.043],[68.785,40.071],[68.809,40.083],[68.839,40.041],[68.901,40.077],[68.997,40.07],[69.009,40.101],[68.987,40.149]]}},{"type":"Feature","properties":{},"geometry":{"type":"LineString","coordinates":[[104.444,10.424],[104.412,10.401],[104.379,10.377],[104.347,10.354],[104.314,10.331],[104.281,10.308],[104.249,10.284],[104.216,10.261],[104.184,10.238],[104.151,10.214],[104.119,10.191],[104.086,10.168],[104.111,10.22],[104.111,10.343],[104.096,10.401],[104.055,10.448],[103.997,10.483],[103.963,10.468],[103.924,10.398],[103.872,10.411],[103.841,10.402],[103.82,10.37],[103.832,10.312],[103.857,10.28],[103.921,10.255],[103.969,10.086],[103.897,10.032]]}},{"type":"Feature","properties":{},"geometry":{"type":"LineString","coordinates":[[114.095,4.59],[114.18,4.573],[114.246,4.522],[114.311,4.429],[114.329,4.271],[114.381,4.256],[114.454,4.262],[114.503,4.146],[114.607,4.058],[114.61,4.028],[114.641,4.019],[114.702,4.047],[114.805,4.142],[114.806,4.197],[114.848,4.279],[114.81,4.265],[114.805,4.279],[114.867,4.355],[114.879,4.39],[114.877,4.433],[114.835,4.446],[114.831,4.486],[114.827,4.526],[114.824,4.566],[114.82,4.606],[114.816,4.646],[114.813,4.68],[114.78,4.709],[114.781,4.739],[114.83,4.764],[114.856,4.806],[114.979,4.832],[115.019,4.896]]}},{"type":"Feature","properties":{},"geometry":{"type":"LineString","coordinates":[[62.442,40.031],[62.418,40.105],[62.441,40.184],[62.407,40.229],[62.394,40.324],[62.355,40.368],[62.355,40.42],[62.275,40.469],[62.201,40.486],[62.123,40.584],[62.097,40.654],[62.042,40.724],[61.996,40.849],[61.975,41.0],[61.893,41.112],[61.858,41.131],[61.823,41.15],[61.788,41.17],[61.753,41.189],[61.718,41.208],[61.683,41.228],[61.648,41.247],[61.613,41.266],[61.425,41.303],[61.403,41.292],[61.386,41.236]]}},{"type":"Feature","properties":{},"geometry":{"type":"LineString","coordinates":[[69.231,24.269],[69.189,24.258],[69.08,24.297],[68.988,24.257],[68.954,24.307],[68.921,24.325],[68.901,24.318],[68.874,24.246],[68.858,24.242],[68.825,24.333],[68.753,24.321],[68.753,24.281],[68.752,24.241],[68.751,24.201],[68.751,24.161],[68.75,24.121],[68.749,24.081],[68.748,24.041],[68.748,24.001],[68.747,23.97],[68.707,23.97],[68.667,23.969],[68.627,23.969],[68.587,23.969],[68.547,23.969],[68.507,23.968],[68.467,23.968],[68.427,23.968],[68.391,23.967],[68.376,23.944],[68.362,23.974],[68.35,23.964],[68.356,23.941],[68.326,23.912],[68.291,23.944],[68.271,23.919],[68.282,23.898],[68.252,23.896],[68.214,23.868],[68.186,23.688],[68.135,23.648]]}},{"type":"Feature","properties":{},"geometry":{"type":"LineString","coordinates":[[113.863,22.461],[113.905,22.474],[113.921,22.508],[113.945,22.52],[114.05,22.508],[114.176,22.556],[114.224,22.55],[114.307,22.595],[114.395,22.609],[114.465,22.556],[114.474,22.494],[114.499,22.449],[114.5,22.409],[114.5,22.369],[114.5,22.329],[114.501,22.289],[114.501,22.249],[114.502,22.209],[114.502,22.169],[114.503,22.144],[114.463,22.144],[114.423,22.144],[114.382,22.144],[114.342,22.144],[114.303,22.144],[114.263,22.144],[114.223,22.144],[114.183,22.144],[114.143,22.144],[114.103,22.144],[114.062,22.144],[114.022,22.144],[113.983,22.144],[113.943,22.144],[113.903,22.144],[113.881,22.144],[113.822,22.218],[113.853,22.258],[113.854,22.298],[113.856,22.338],[113.858,22.378],[113.859,22.418],[113.861,22.458],[113.861,22.459]]}},{"type":"Feature","properties":{},"geometry":{"type":"LineString","coordinates":[[107.545,14.708],[107.559,14.655],[107.527,14.597],[107.534,14.551],[107.478,14.431],[107.456,14.421],[107.441,14.438],[107.423,14.435],[107.379,14.356],[107.384,14.234],[107.342,14.124],[107.37,14.088],[107.372,14.018],[107.385,14.003],[107.448,14.003],[107.457,13.943],[107.474,13.93]]}},{"type":"Feature","properties":{},"geometry":{"type":"LineString","coordinates":[[99.968,22.05],[99.959,22.028],[99.991,21.958],[99.942,21.821],[99.973,21.734],[100.002,21.696],[100.125,21.691],[100.172,21.654],[100.107,21.586],[100.116,21.526],[100.168,21.461],[100.213,21.433]]}},{"type":"Feature","properties":{},"geometry":{"type":"LineString","coordinates":[[100.89,21.685],[100.831,21.643],[100.796,21.58],[100.725,21.513],[100.691,21.504],[100.666,21.479],[100.572,21.451],[100.522,21.467],[100.485,21.458],[100.43,21.529],[100.379,21.539],[100.349,21.53],[100.305,21.479],[100.235,21.457],[100.216,21.435]]}},{"type":"Feature","properties":{},"geometry":{"type":"LineString","coordinates":[[62.024,43.486],[62.063,43.491],[62.103,43.496],[62.143,43.501],[62.182,43.506],[62.222,43.511],[62.262,43.516],[62.301,43.521],[62.341,43.526],[62.381,43.531],[62.42,43.536],[62.46,43.541],[62.5,43.546],[62.539,43.551],[62.579,43.556],[62.619,43.561],[62.659,43.566],[62.698,43.571],[62.738,43.576],[62.778,43.581],[62.817,43.586],[62.857,43.591],[62.897,43.596],[62.936,43.601],[62.976,43.607],[63.016,43.612],[63.055,43.617],[63.095,43.622],[63.135,43.627],[63.174,43.632],[63.211,43.636],[63.251,43.633],[63.291,43.63],[63.331,43.626],[63.371,43.623],[63.411,43.62],[63.451,43.616],[63.49,43.613],[63.53,43.61],[63.57,43.606],[63.61,43.603],[63.65,43.6],[63.69,43.596],[63.73,43.593],[63.769,43.59],[63.809,43.586],[63.849,43.583],[63.889,43.58],[63.929,43.576],[63.969,43.573],[63.997,43.571],[64.037,43.569],[64.077,43.567],[64.117,43.565],[64.157,43.563],[64.197,43.561],[64.237,43.559],[64.277,43.557],[64.317,43.555],[64.357,43.553],[64.397,43.551],[64.437,43.549],[64.458,43.548],[64.495,43.563],[64.532,43.578],[64.569,43.593],[64.607,43.608],[64.644,43.623],[64.681,43.637],[64.718,43.652],[64.755,43.667],[64.792,43.682],[64.829,43.697],[64.867,43.712],[64.904,43.727],[64.931,43.738],[64.961,43.711],[64.991,43.684],[65.02,43.657],[65.05,43.63],[65.08,43.604],[65.109,43.577],[65.139,43.55],[65.169,43.523],[65.198,43.496],[65.228,43.469],[65.257,43.442],[65.268,43.432],[65.305,43.416],[65.341,43.4],[65.378,43.384],[65.414,43.367],[65.451,43.351],[65.488,43.335],[65.524,43.318],[65.549,43.284],[65.571,43.251],[65.594,43.218],[65.616,43.184],[65.638,43.151],[65.661,43.118],[65.683,43.085],[65.705,43.051],[65.727,43.018],[65.75,42.985],[65.772,42.952],[65.794,42.919],[65.816,42.885],[65.822,42.877],[65.859,42.892],[65.896,42.907],[65.933,42.921],[65.971,42.936],[66.008,42.951],[66.045,42.966],[66.082,42.98],[66.119,42.995],[66.12,42.957],[66.117,42.917],[66.113,42.877],[66.109,42.838],[66.105,42.798],[66.102,42.758],[66.098,42.718],[66.094,42.678],[66.091,42.638],[66.087,42.599],[66.083,42.559],[66.08,42.519],[66.076,42.479],[66.072,42.439],[66.071,42.424]]}},{"type":"Feature","properties":{},"geometry":{"type":"LineString","coordinates":[[62.024,43.486],[62.063,43.491],[62.103,43.496],[62.143,43.501],[62.182,43.506],[62.222,43.511],[62.262,43.516],[62.301,43.521],[62.341,43.526],[62.381,43.531],[62.42,43.536],[62.46,43.541],[62.5,43.546],[62.539,43.551],[62.579,43.556],[62.619,43.561],[62.659,43.566],[62.698,43.571],[62.738,43.576],[62.778,43.581],[62.817,43.586],[62.857,43.591],[62.897,43.596],[62.936,43.601],[62.976,43.607],[63.016,43.612],[63.055,43.617],[63.095,43.622],[63.135,43.627],[63.174,43.632],[63.211,43.636],[63.251,43.633],[63.291,43.63],[63.331,43.626],[63.371,43.623],[63.411,43.62],[63.451,43.616],[63.49,43.613],[63.53,43.61],[63.57,43.606],[63.61,43.603],[63.65,43.6],[63.69,43.596],[63.73,43.593],[63.769,43.59],[63.809,43.586],[63.849,43.583],[63.889,43.58],[63.929,43.576],[63.969,43.573],[63.997,43.571],[64.037,43.569],[64.077,43.567],[64.117,43.565],[64.157,43.563],[64.197,43.561],[64.237,43.559],[64.277,43.557],[64.317,43.555],[64.357,43.553],[64.397,43.551],[64.437,43.549],[64.458,43.548],[64.495,43.563],[64.532,43.578],[64.569,43.593],[64.607,43.608],[64.644,43.623],[64.681,43.637],[64.718,43.652],[64.755,43.667],[64.792,43.682],[64.829,43.697],[64.867,43.712],[64.904,43.727],[64.931,43.738],[64.961,43.711],[64.991,43.684],[65.02,43.657],[65.05,43.63],[65.08,43.604],[65.109,43.577],[65.139,43.55],[65.169,43.523],[65.198,43.496],[65.228,43.469],[65.257,43.442],[65.268,43.432],[65.305,43.416],[65.341,43.4],[65.378,43.384],[65.414,43.367],[65.451,43.351],[65.488,43.335],[65.524,43.318],[65.549,43.284],[65.571,43.251],[65.594,43.218],[65.616,43.184],[65.638,43.151],[65.661,43.118],[65.683,43.085],[65.705,43.051],[65.727,43.018],[65.75,42.985],[65.772,42.952],[65.794,42.919],[65.816,42.885],[65.822,42.877],[65.859,42.892],[65.896,42.907],[65.933,42.921],[65.971,42.936],[66.008,42.951],[66.045,42.966],[66.082,42.98],[66.119,42.995],[66.12,42.957],[66.117,42.917],[66.113,42.877],[66.109,42.838],[66.105,42.798],[66.102,42.758],[66.098,42.718],[66.094,42.678],[66.091,42.638],[66.087,42.599],[66.083,42.559],[66.08,42.519],[66.076,42.479],[66.072,42.439],[66.071,42.424]]}},{"type":"Feature","properties":{},"geometry":{"type":"LineString","coordinates":[[56.0,41.326],[56.0,41.366],[56.0,41.406],[56.0,41.446],[56.0,41.486],[56.0,41.526],[56.0,41.566],[56.0,41.606],[55.999,41.646],[55.999,41.686],[55.999,41.726],[55.999,41.766],[55.999,41.806],[55.999,41.846],[55.999,41.886],[55.999,41.926],[55.999,41.966],[55.999,42.006],[55.999,42.046],[55.999,42.086],[55.999,42.126],[55.999,42.166],[55.999,42.206],[55.999,42.246],[55.999,42.286],[55.999,42.326],[55.999,42.366],[55.999,42.406],[55.999,42.446],[55.999,42.486],[55.999,42.526],[55.999,42.566],[55.999,42.606],[55.999,42.646],[55.999,42.686],[55.999,42.726],[55.999,42.766],[55.999,42.806],[55.999,42.846],[55.999,42.886],[55.999,42.926],[55.999,42.966],[55.999,43.006],[55.999,43.046],[55.999,43.086],[55.998,43.126],[55.998,43.166],[55.998,43.206],[55.998,43.246],[55.998,43.286],[55.998,43.326],[55.998,43.366],[55.998,43.406],[55.998,43.446],[55.998,43.486],[55.998,43.526],[55.998,43.566],[55.998,43.606],[55.998,43.646],[55.998,43.686],[55.998,43.726],[55.998,43.766],[55.998,43.806],[55.998,43.846],[55.998,43.886],[55.998,43.926],[55.998,43.966],[55.998,44.006],[55.998,44.046],[55.998,44.086],[55.998,44.126],[55.998,44.166],[55.998,44.206],[55.998,44.246],[55.998,44.286],[55.998,44.326],[55.998,44.366],[55.998,44.406],[55.998,44.446],[55.998,44.486],[55.998,44.526],[55.997,44.566],[55.997,44.606],[55.997,44.646],[55.997,44.686],[55.997,44.726],[55.997,44.766],[55.997,44.806],[55.997,44.846],[55.997,44.886],[55.997,44.926],[55.997,44.966],[55.997,45.0]]}},{"type":"Feature","properties":{},"geometry":{"type":"LineString","coordinates":[[115.028,4.819],[115.018,4.743],[115.027,4.657],[115.073,4.532],[115.101,4.382],[115.187,4.356],[115.223,4.36],[115.255,4.337],[115.349,4.314],[115.356,4.352],[115.274,4.449],[115.264,4.541],[115.283,4.612],[115.243,4.706],[115.223,4.805],[115.182,4.861],[115.15,4.877],[115.146,4.902]]}},{"type":"Feature","properties":{},"geometry":{"type":"LineString","coordinates":[[97.88,9.528],[98.077,9.509],[98.197,9.569],[98.231,9.612],[98.248,9.648],[98.265,9.684],[98.282,9.72],[98.299,9.757],[98.316,9.793],[98.327,9.816],[98.375,9.881],[98.451,9.937],[98.524,9.918],[98.554,9.937],[98.571,9.973],[98.588,10.009],[98.605,10.046],[98.622,10.082],[98.64,10.118],[98.651,10.141],[98.703,10.22],[98.744,10.352]]}},{"type":"Feature","properties":{},"geometry":{"type":"LineString","coordinates":[[75.357,32.304],[75.381,32.27],[75.362,32.228],[75.325,32.206],[75.327,32.173],[75.306,32.149],[75.254,32.15],[75.197,32.125],[75.167,32.105],[75.174,32.084],[75.131,32.088],[75.105,32.07],[75.03,32.098],[75.03,32.063],[74.99,32.064],[74.963,32.032],[74.885,32.032],[74.871,32.011],[74.814,32.02],[74.784,31.944],[74.701,31.947],[74.645,31.883],[74.538,31.816],[74.542,31.771],[74.513,31.729],[74.592,31.599]]}},{"type":"Feature","properties":{},"geometry":{"type":"LineString","coordinates":[[74.201,43.269],[74.293,43.217],[74.391,43.195],[74.451,43.152],[74.484,43.156],[74.566,43.132],[74.631,43.066],[74.752,42.993],[74.881,42.983],[74.918,42.968],[74.955,42.954],[74.992,42.939],[75.03,42.924],[75.067,42.91],[75.104,42.895],[75.141,42.88],[75.178,42.866],[75.21,42.853],[75.25,42.851],[75.29,42.849],[75.33,42.847],[75.37,42.845],[75.41,42.843],[75.45,42.841],[75.49,42.838],[75.53,42.836],[75.569,42.834],[75.676,42.806]]}},{"type":"Feature","properties":{},"geometry":{"type":"LineString","coordinates":[[71.033,40.163],[71.062,40.151],[71.094,40.092],[71.168,40.066],[71.19,40.043],[71.233,40.062],[71.265,40.057],[71.265,40.041],[71.195,39.993],[71.204,39.968],[71.239,39.952],[71.233,39.893],[71.126,39.881],[71.094,39.916],[71.055,39.891],[71.031,39.894],[71.078,39.98],[71.051,39.995],[70.975,39.995],[71.032,40.059],[70.979,40.076],[70.976,40.091],[70.999,40.15],[71.033,40.163]]}},{"type":"Feature","properties":{},"geometry":{"type":"LineString","coordinates":[[113.572,22.204],[113.597,22.168],[113.604,22.118],[113.593,22.096],[113.566,22.092],[113.55,22.102],[113.527,22.176],[113.536,22.212],[113.573,22.203]]}},{"type":"Feature","properties":{},"geometry":{"type":"LineString","coordinates":[[55.0,20.0],[55.013,20.038],[55.025,20.076],[55.038,20.114],[55.051,20.152],[55.063,20.19],[55.076,20.228],[55.088,20.266],[55.101,20.304],[55.114,20.342],[55.126,20.38],[55.139,20.417],[55.152,20.455],[55.164,20.493],[55.177,20.531],[55.19,20.569],[55.202,20.607],[55.215,20.645],[55.228,20.683],[55.24,20.721],[55.253,20.759],[55.265,20.797],[55.278,20.835],[55.291,20.873],[55.303,20.911],[55.316,20.949],[55.329,20.987],[55.341,21.025],[55.354,21.063],[55.367,21.101],[55.379,21.138],[55.392,21.176],[55.405,21.214],[55.417,21.252],[55.43,21.29],[55.442,21.328],[55.455,21.366],[55.468,21.404],[55.48,21.442],[55.493,21.48],[55.506,21.518],[55.518,21.556],[55.531,21.594],[55.544,21.632],[55.556,21.67],[55.569,21.708],[55.581,21.746],[55.594,21.784],[55.607,21.822],[55.619,21.86],[55.632,21.897],[55.645,21.935],[55.657,21.973],[55.666,22.0],[55.644,22.033],[55.622,22.066],[55.6,22.1],[55.577,22.133],[55.555,22.166],[55.533,22.199],[55.511,22.233],[55.489,22.266],[55.466,22.299],[55.444,22.332],[55.422,22.366],[55.4,22.399],[55.378,22.432],[55.355,22.466],[55.333,22.499],[55.311,22.532],[55.289,22.565],[55.267,22.599],[55.244,22.632],[55.222,22.665],[55.2,22.699],[55.171,22.671],[55.143,22.643],[55.114,22.615],[55.086,22.586],[55.058,22.558],[55.03,22.53],[55.001,22.501],[55.0,22.5]]}},{"type":"Feature","properties":{},"geometry":{"type":"LineString","coordinates":[[107.783,21.667],[107.864,21.647],[107.882,21.605],[107.919,21.587],[107.953,21.539],[108.012,21.552],[108.06,21.528],[108.119,21.449]]}},{"type":"Feature","properties":{},"geometry":{"type":"LineString","coordinates":[[104.095,1.311],[104.081,1.355],[104.089,1.409],[104.077,1.425],[104.047,1.43],[103.944,1.408],[103.808,1.464],[103.765,1.439],[103.686,1.434],[103.603,1.278]]}},{"type":"Feature","properties":{},"geometry":{"type":"LineString","coordinates":[[60.64,44.605],[60.676,44.587],[60.711,44.569],[60.747,44.551],[60.782,44.533],[60.818,44.514],[60.854,44.496],[60.889,44.478],[60.925,44.46],[60.961,44.441],[60.996,44.423],[61.032,44.405],[61.067,44.387],[61.083,44.379],[61.123,44.245],[61.151,44.209],[61.182,44.184],[61.213,44.158],[61.244,44.133],[61.274,44.107],[61.305,44.082],[61.336,44.056],[61.367,44.031],[61.398,44.005],[61.428,43.98],[61.459,43.954],[61.49,43.928],[61.521,43.903],[61.552,43.877],[61.582,43.852],[61.613,43.826],[61.644,43.801],[61.675,43.775],[61.706,43.75],[61.736,43.724],[61.767,43.699],[61.798,43.673],[61.829,43.648],[61.86,43.622],[61.89,43.597],[61.921,43.571],[61.952,43.546],[61.983,43.52],[62.014,43.495],[62.024,43.486]]}},{"type":"Feature","properties":{},"geometry":{"type":"LineString","coordinates":[[66.072,42.424],[66.037,42.423],[66.036,42.383],[66.035,42.343],[66.035,42.303],[66.034,42.263],[66.033,42.223],[66.032,42.183],[66.032,42.143],[66.031,42.103],[66.03,42.063],[66.03,42.023],[66.029,42.003],[66.069,42.003],[66.109,42.003],[66.149,42.003],[66.189,42.003],[66.229,42.003],[66.269,42.003],[66.309,42.003],[66.349,42.003],[66.389,42.003],[66.429,42.003],[66.469,42.003],[66.509,42.003],[66.526,42.003],[66.531,41.963],[66.536,41.924],[66.541,41.884],[66.545,41.844],[66.55,41.805],[66.555,41.765],[66.559,41.733],[66.57,41.694],[66.581,41.656],[66.592,41.618],[66.603,41.579],[66.614,41.541],[66.625,41.502],[66.636,41.464],[66.648,41.425],[66.659,41.387],[66.67,41.349],[66.681,41.31],[66.692,41.272],[66.703,41.233],[66.714,41.195],[66.72,41.175],[66.876,41.15],[67.071,41.144]]}},{"type":"Feature","properties":{},"geometry":{"type":"LineString","coordinates":[[56.08,26.066],[56.117,26.064],[56.159,26.084],[56.186,26.015],[56.171,25.874],[56.139,25.833],[56.173,25.769],[56.141,25.735],[56.147,25.666],[56.183,25.655],[56.215,25.615],[56.27,25.636]]}},{"type":"Feature","properties":{},"geometry":{"type":"LineString","coordinates":[[56.08,26.066],[56.117,26.064],[56.159,26.084],[56.186,26.015],[56.171,25.874],[56.139,25.833],[56.173,25.769],[56.141,25.735],[56.147,25.666],[56.183,25.655],[56.215,25.615],[56.27,25.636]]}},{"type":"Feature","properties":{},"geometry":{"type":"LineString","coordinates":[[67.071,41.143],[67.111,41.144],[67.151,41.145],[67.191,41.146],[67.231,41.147],[67.271,41.148],[67.311,41.15],[67.351,41.151],[67.39,41.152],[67.43,41.153],[67.456,41.153],[67.495,41.158],[67.535,41.164],[67.575,41.169],[67.614,41.174],[67.654,41.179],[67.694,41.184],[67.733,41.19],[67.755,41.193],[67.861,41.163],[67.934,41.194]]}},{"type":"Feature","properties":{},"geometry":{"type":"LineString","coordinates":[[70.522,39.887],[70.675,39.856],[70.716,39.868],[70.727,39.823],[70.659,39.807],[70.597,39.766],[70.578,39.813],[70.519,39.847],[70.502,39.884],[70.522,39.888]]}},{"type":"Feature","properties":{},"geometry":{"type":"LineString","coordinates":[[70.794,40.725],[70.762,40.702],[70.729,40.679],[70.696,40.656],[70.663,40.633],[70.63,40.61],[70.598,40.587],[70.58,40.575],[70.515,40.55],[70.485,40.507],[70.351,40.462],[70.346,40.43]]}},{"type":"Feature","properties":{},"geometry":{"type":"LineString","coordinates":[[106.47,11.871],[106.448,11.852],[106.449,11.819],[106.423,11.761],[106.462,11.687],[106.459,11.665]]}},{"type":"Feature","properties":{},"geometry":{"type":"LineString","coordinates":[[69.097,40.224],[69.032,40.239],[68.876,40.219],[68.836,40.195],[68.768,40.208],[68.642,40.185]]}},{"type":"Feature","properties":{},"geometry":{"type":"LineString","coordinates":[[124.131,39.829],[124.248,39.916],[124.292,39.928],[124.307,39.963],[124.341,39.978],[124.365,40.011],[124.356,40.072],[124.371,40.096]]}},{"type":"Feature","properties":{},"geometry":{"type":"LineString","coordinates":[[71.78,39.989],[71.818,39.988],[71.786,39.908],[71.695,39.931],[71.699,39.959],[71.742,39.96],[71.78,39.989]]}},{"type":"Feature","properties":{},"geometry":{"type":"LineString","coordinates":[[68.144,41.051],[68.106,41.066],[68.082,41.044],[68.059,41.054],[68.028,41.044],[67.997,41.12],[67.934,41.194]]}},{"type":"Feature","properties":{},"geometry":{"type":"LineString","coordinates":[[70.587,40.999],[70.574,41.022],[70.587,41.033],[70.658,40.983],[70.67,40.944],[70.645,40.947],[70.584,41.001]]}},{"type":"Feature","properties":{},"geometry":{"type":"LineString","coordinates":[[107.473,13.934],[107.481,13.902],[107.462,13.874],[107.478,13.85],[107.463,13.796]]}},{"type":"Feature","properties":{},"geometry":{"type":"LineString","coordinates":[[68.987,40.149],[68.864,40.142]]}},{"type":"Feature","properties":{},"geometry":{"type":"LineString","coordinates":[[124.65,38.025],[124.719,38.011],[124.755,37.988],[124.767,37.949],[124.779,37.911],[124.792,37.873],[124.804,37.835],[124.817,37.797],[124.829,37.759],[124.829,37.759]]}},{"type":"Feature","properties":{},"geometry":{"type":"LineString","coordinates":[[124.743,37.997],[124.778,37.946],[124.829,37.759]]}},{"type":"Feature","properties":{},"geometry":{"type":"LineString","coordinates":[[124.65,38.025],[124.743,37.997]]}}]}