{"type":"FeatureCollection","source":"GSHHS high-res (public domain), simplified","features":[{"type":"Feature","properties":{},"geometry":{"type":"Polygon","coordinates":[[[130.0,41.991],[129.989,41.946],[129.956,41.898],[129.907,41.915],[129.889,41.869],[129.882,41.823],[129.85,41.769],[129.791,41.775],[129.76,41.728],[129.726,41.678],[129.681,41.606],[129.653,41.559],[129.655,41.513],[129.67,41.455],[129.733,41.421],[129.788,41.392],[129.793,41.336],[129.759,41.284],[129.739,41.232],[129.724,41.177],[129.712,41.13],[129.721,41.077],[129.718,41.027],[129.736,40.98],[129.75,40.924],[129.735,40.866],[129.687,40.844],[129.632,40.844],[129.576,40.841],[129.53,40.809],[129.484,40.795],[129.428,40.781],[129.373,40.776],[129.325,40.719],[129.271,40.71],[129.219,40.702],[129.201,40.654],[129.173,40.598],[129.152,40.548],[129.098,40.491],[129.037,40.483],[128.983,40.463],[128.931,40.425],[128.876,40.379],[128.817,40.363],[128.763,40.352],[128.712,40.335],[128.66,40.31],[128.637,40.258],[128.664,40.204],[128.617,40.18],[128.56,40.173],[128.514,40.134],[128.469,40.135],[128.421,40.1],[128.367,40.098],[128.326,40.04],[128.265,40.076],[128.226,40.028],[128.175,40.03],[128.114,40.039],[128.065,40.038],[128.018,40.047],[127.968,40.016],[127.92,39.978],[127.89,39.926],[127.837,39.89],[127.78,39.901],[127.767,39.855],[127.71,39.853],[127.666,39.806],[127.617,39.83],[127.567,39.8],[127.507,39.737],[127.492,39.667],[127.546,39.646],[127.572,39.6],[127.537,39.553],[127.517,39.49],[127.554,39.372],[127.572,39.306],[127.522,39.307],[127.528,39.352],[127.53,39.404],[127.484,39.393],[127.416,39.393],[127.462,39.368],[127.434,39.32],[127.387,39.295],[127.369,39.239],[127.414,39.19],[127.469,39.16],[127.538,39.144],[127.59,39.148],[127.653,39.116],[127.699,39.118],[127.746,39.133],[127.796,39.063],[127.838,39.017],[127.878,38.971],[127.934,38.922],[127.98,38.881],[128.044,38.849],[128.105,38.827],[128.166,38.78],[128.185,38.732],[128.23,38.735],[128.283,38.752],[128.325,38.705],[128.357,38.65],[128.37,38.597],[128.409,38.542],[128.436,38.488],[128.46,38.429],[128.515,38.372],[128.535,38.319],[128.565,38.256],[128.604,38.21],[128.614,38.146],[128.678,38.083],[128.728,38.025],[128.759,37.975],[128.794,37.93],[128.831,37.882],[128.878,37.84],[128.935,37.781],[128.988,37.74],[129.059,37.675],[129.065,37.614],[129.119,37.577],[129.126,37.527],[129.191,37.455],[129.221,37.4],[129.269,37.342],[129.304,37.294],[129.351,37.248],[129.343,37.197],[129.37,37.142],[129.4,37.083],[129.419,37.037],[129.41,36.982],[129.42,36.919],[129.429,36.849],[129.462,36.788],[129.478,36.727],[129.465,36.679],[129.419,36.638],[129.411,36.589],[129.442,36.523],[129.437,36.469],[129.43,36.408],[129.389,36.358],[129.38,36.293],[129.386,36.24],[129.381,36.189],[129.396,36.14],[129.419,36.088],[129.373,36.047],[129.418,36.001],[129.477,36.016],[129.526,36.059],[129.583,36.047],[129.575,36.002],[129.55,35.952],[129.534,35.901],[129.527,35.854],[129.513,35.807],[129.493,35.76],[129.48,35.713],[129.467,35.668],[129.453,35.62],[129.46,35.554],[129.435,35.508],[129.37,35.545],[129.388,35.492],[129.339,35.475],[129.366,35.429],[129.346,35.379],[129.315,35.331],[129.265,35.317],[129.247,35.272],[129.239,35.221],[129.197,35.163],[129.151,35.153],[129.125,35.1],[129.07,35.111],[129.097,35.061],[129.036,35.085],[128.982,35.064],[128.96,35.112],[128.913,35.09],[128.864,35.1],[128.818,35.092],[128.77,35.104],[128.715,35.097],[128.692,35.148],[128.643,35.143],[128.592,35.179],[128.59,35.133],[128.628,35.086],[128.574,35.054],[128.543,35.104],[128.491,35.107],[128.478,35.057],[128.493,35.005],[128.441,34.993],[128.43,34.946],[128.428,34.9],[128.476,34.89],[128.443,34.842],[128.44,34.793],[128.388,34.776],[128.358,34.824],[128.406,34.831],[128.383,34.884],[128.334,34.881],[128.344,34.928],[128.287,34.91],[128.238,34.94],[128.197,34.893],[128.147,34.904],[128.099,34.92],[128.048,34.933],[128.04,34.994],[128.039,35.042],[128.015,34.991],[127.962,34.987],[127.916,34.988],[127.857,34.95],[127.808,34.964],[127.762,34.97],[127.713,34.935],[127.667,34.922],[127.615,34.914],[127.604,34.862],[127.661,34.825],[127.728,34.864],[127.775,34.861],[127.772,34.812],[127.756,34.765],[127.789,34.716],[127.798,34.669],[127.794,34.619],[127.736,34.605],[127.723,34.656],[127.775,34.685],[127.734,34.735],[127.68,34.735],[127.635,34.711],[127.635,34.662],[127.581,34.651],[127.561,34.701],[127.595,34.747],[127.56,34.796],[127.545,34.842],[127.516,34.889],[127.487,34.839],[127.438,34.841],[127.393,34.827],[127.387,34.78],[127.342,34.767],[127.395,34.776],[127.382,34.731],[127.429,34.685],[127.476,34.658],[127.507,34.607],[127.462,34.58],[127.416,34.584],[127.364,34.599],[127.358,34.554],[127.411,34.555],[127.404,34.504],[127.358,34.492],[127.34,34.445],[127.282,34.48],[127.232,34.518],[127.178,34.546],[127.13,34.528],[127.135,34.58],[127.177,34.63],[127.18,34.58],[127.227,34.587],[127.245,34.634],[127.233,34.681],[127.282,34.718],[127.281,34.673],[127.327,34.688],[127.327,34.751],[127.279,34.734],[127.232,34.763],[127.199,34.707],[127.143,34.694],[127.072,34.661],[127.015,34.624],[126.969,34.626],[126.986,34.577],[126.963,34.526],[126.979,34.471],[126.93,34.446],[126.872,34.458],[126.819,34.45],[126.794,34.496],[126.791,34.542],[126.779,34.592],[126.765,34.547],[126.766,34.5],[126.72,34.475],[126.681,34.427],[126.628,34.404],[126.601,34.349],[126.545,34.305],[126.521,34.355],[126.472,34.35],[126.488,34.396],[126.453,34.448],[126.463,34.495],[126.521,34.523],[126.535,34.572],[126.487,34.563],[126.433,34.535],[126.387,34.532],[126.364,34.583],[126.314,34.566],[126.283,34.618],[126.259,34.678],[126.275,34.723],[126.323,34.74],[126.33,34.681],[126.354,34.627],[126.402,34.606],[126.451,34.584],[126.451,34.634],[126.402,34.655],[126.382,34.701],[126.427,34.686],[126.475,34.645],[126.528,34.625],[126.577,34.632],[126.563,34.682],[126.506,34.726],[126.455,34.729],[126.406,34.744],[126.453,34.758],[126.499,34.75],[126.523,34.797],[126.576,34.81],[126.633,34.789],[126.683,34.818],[126.637,34.827],[126.591,34.825],[126.579,34.877],[126.517,34.92],[126.544,34.979],[126.54,34.92],[126.538,34.859],[126.531,34.807],[126.485,34.79],[126.437,34.803],[126.39,34.781],[126.385,34.83],[126.402,34.883],[126.39,34.93],[126.441,34.973],[126.392,34.997],[126.371,34.947],[126.325,34.931],[126.304,34.978],[126.353,34.985],[126.389,35.035],[126.344,35.051],[126.303,35.098],[126.297,35.041],[126.271,35.089],[126.253,35.135],[126.307,35.138],[126.333,35.091],[126.38,35.075],[126.405,35.028],[126.45,35.072],[126.431,35.118],[126.384,35.142],[126.366,35.188],[126.327,35.235],[126.382,35.287],[126.379,35.333],[126.428,35.356],[126.474,35.326],[126.427,35.364],[126.474,35.386],[126.426,35.382],[126.428,35.43],[126.475,35.422],[126.429,35.433],[126.461,35.483],[126.509,35.529],[126.567,35.545],[126.617,35.557],[126.662,35.544],[126.673,35.59],[126.616,35.594],[126.569,35.589],[126.516,35.58],[126.467,35.604],[126.495,35.658],[126.554,35.698],[126.6,35.722],[126.648,35.756],[126.713,35.778],[126.764,35.781],[126.717,35.834],[126.776,35.862],[126.822,35.897],[126.776,35.883],[126.723,35.886],[126.675,35.893],[126.627,35.888],[126.611,35.935],[126.685,35.983],[126.738,35.985],[126.808,36.028],[126.867,36.058],[126.884,36.122],[126.862,36.065],[126.814,36.051],[126.767,36.034],[126.713,36.001],[126.665,36.006],[126.644,36.054],[126.622,36.101],[126.576,36.138],[126.521,36.151],[126.568,36.18],[126.53,36.236],[126.555,36.298],[126.501,36.322],[126.552,36.349],[126.502,36.38],[126.495,36.427],[126.55,36.454],[126.495,36.434],[126.48,36.498],[126.464,36.547],[126.455,36.593],[126.505,36.603],[126.482,36.651],[126.47,36.702],[126.422,36.68],[126.382,36.628],[126.385,36.677],[126.37,36.727],[126.325,36.722],[126.316,36.675],[126.332,36.623],[126.369,36.577],[126.38,36.531],[126.402,36.477],[126.413,36.424],[126.362,36.416],[126.334,36.462],[126.326,36.516],[126.313,36.57],[126.287,36.616],[126.282,36.672],[126.27,36.728],[126.209,36.693],[126.154,36.679],[126.205,36.706],[126.192,36.757],[126.145,36.772],[126.138,36.721],[126.113,36.767],[126.152,36.812],[126.203,36.818],[126.198,36.865],[126.241,36.91],[126.292,36.928],[126.3,36.98],[126.309,36.93],[126.326,36.885],[126.313,36.84],[126.266,36.809],[126.313,36.807],[126.33,36.863],[126.379,36.857],[126.426,36.898],[126.382,36.943],[126.333,36.963],[126.387,36.97],[126.327,36.988],[126.386,36.997],[126.433,37.01],[126.462,36.96],[126.473,36.907],[126.467,36.845],[126.478,36.892],[126.505,36.949],[126.555,36.916],[126.537,36.963],[126.491,37.004],[126.554,36.981],[126.525,37.038],[126.574,37.025],[126.633,36.973],[126.687,37.0],[126.744,36.972],[126.795,36.944],[126.818,36.898],[126.814,36.849],[126.855,36.803],[126.858,36.864],[126.903,36.887],[126.955,36.907],[126.985,36.964],[126.938,36.926],[126.854,36.954],[126.805,37.0],[126.85,37.009],[126.803,37.015],[126.749,37.036],[126.77,37.102],[126.802,37.15],[126.757,37.165],[126.706,37.129],[126.658,37.152],[126.687,37.201],[126.688,37.25],[126.741,37.254],[126.787,37.244],[126.848,37.259],[126.798,37.296],[126.749,37.308],[126.703,37.336],[126.745,37.382],[126.694,37.39],[126.647,37.412],[126.59,37.445],[126.64,37.489],[126.66,37.54],[126.633,37.587],[126.573,37.61],[126.533,37.656],[126.53,37.704],[126.52,37.766],[126.572,37.754],[126.634,37.774],[126.665,37.693],[126.752,37.625],[126.805,37.601],[126.857,37.564],[126.903,37.544],[126.847,37.578],[126.789,37.62],[126.696,37.666],[126.691,37.719],[126.688,37.765],[126.683,37.813],[126.73,37.844],[126.673,37.837],[126.652,37.789],[126.594,37.772],[126.539,37.801],[126.468,37.82],[126.403,37.883],[126.352,37.882],[126.286,37.848],[126.213,37.85],[126.158,37.838],[126.169,37.782],[126.107,37.752],[126.078,37.799],[126.054,37.858],[126.002,37.862],[125.956,37.883],[125.977,37.838],[125.926,37.836],[125.88,37.877],[125.831,37.929],[125.803,37.98],[125.757,38.016],[125.712,38.017],[125.658,38.027],[125.609,38.033],[125.56,38.027],[125.612,37.983],[125.672,37.983],[125.723,37.953],[125.715,37.906],[125.662,37.892],[125.616,37.856],[125.612,37.81],[125.618,37.764],[125.564,37.77],[125.514,37.782],[125.468,37.725],[125.415,37.737],[125.361,37.717],[125.315,37.718],[125.364,37.755],[125.413,37.772],[125.363,37.782],[125.408,37.797],[125.457,37.83],[125.507,37.815],[125.496,37.861],[125.461,37.915],[125.412,37.894],[125.442,37.843],[125.394,37.857],[125.347,37.871],[125.351,37.822],[125.3,37.801],[125.255,37.827],[125.306,37.875],[125.251,37.904],[125.238,37.95],[125.239,37.903],[125.192,37.874],[125.138,37.882],[125.086,37.88],[125.037,37.9],[124.991,37.925],[125.036,37.971],[125.085,37.971],[125.136,37.964],[125.11,38.017],[125.166,38.054],[125.219,38.041],[125.266,38.07],[125.217,38.085],[125.152,38.089],[125.101,38.088],[125.043,38.067],[124.996,38.074],[124.941,38.096],[124.886,38.125],[124.834,38.105],[124.783,38.1],[124.718,38.11],[124.666,38.12],[124.722,38.136],[124.773,38.174],[124.82,38.184],[124.868,38.24],[124.915,38.212],[124.962,38.219],[124.908,38.224],[124.867,38.273],[124.87,38.32],[124.898,38.38],[124.93,38.427],[124.963,38.472],[125.011,38.493],[124.991,38.548],[124.961,38.593],[125.006,38.588],[125.052,38.569],[125.105,38.58],[125.13,38.625],[125.118,38.674],[125.167,38.626],[125.217,38.655],[125.267,38.675],[125.31,38.63],[125.323,38.675],[125.378,38.697],[125.427,38.691],[125.472,38.704],[125.503,38.658],[125.548,38.69],[125.597,38.645],[125.584,38.692],[125.533,38.715],[125.481,38.734],[125.435,38.752],[125.387,38.715],[125.339,38.71],[125.288,38.704],[125.235,38.725],[125.268,38.771],[125.216,38.809],[125.233,38.764],[125.182,38.773],[125.134,38.809],[125.163,38.856],[125.156,38.904],[125.172,38.95],[125.218,38.984],[125.257,39.058],[125.31,39.084],[125.292,39.141],[125.316,39.187],[125.374,39.196],[125.385,39.249],[125.41,39.3],[125.402,39.349],[125.452,39.388],[125.387,39.4],[125.382,39.447],[125.335,39.457],[125.385,39.491],[125.402,39.539],[125.458,39.575],[125.508,39.573],[125.569,39.6],[125.503,39.581],[125.454,39.583],[125.495,39.657],[125.548,39.65],[125.493,39.658],[125.444,39.594],[125.394,39.568],[125.339,39.55],[125.285,39.528],[125.236,39.58],[125.24,39.632],[125.188,39.595],[125.138,39.571],[125.102,39.618],[125.055,39.639],[125.004,39.637],[124.959,39.668],[124.907,39.663],[124.861,39.696],[124.812,39.72],[124.76,39.748],[124.753,39.702],[124.736,39.653],[124.687,39.623],[124.64,39.587],[124.625,39.642],[124.648,39.698],[124.595,39.722],[124.584,39.776],[124.573,39.829],[124.518,39.816],[124.455,39.841],[124.407,39.803],[124.398,39.858],[124.351,39.885],[124.327,39.932],[124.38,39.959],[124.316,39.95],[124.258,39.932],[124.268,39.872],[124.231,39.821],[124.23,39.868],[124.236,39.921],[124.207,39.866],[124.159,39.858],[124.104,39.834],[124.057,39.822],[124.003,39.82],[123.923,39.825],[123.874,39.832],[123.828,39.848],[123.768,39.825],[123.697,39.829],[123.652,39.858],[123.655,39.911],[123.635,39.848],[123.605,39.797],[123.553,39.757],[123.504,39.787],[123.458,39.757],[123.407,39.737],[123.403,39.79],[123.354,39.789],[123.303,39.779],[123.287,39.827],[123.242,39.807],[123.261,39.748],[123.21,39.749],[123.255,39.73],[123.206,39.691],[123.159,39.674],[123.103,39.686],[123.057,39.672],[123.01,39.67],[122.963,39.67],[122.968,39.619],[122.899,39.616],[122.84,39.598],[122.792,39.587],[122.746,39.559],[122.691,39.529],[122.645,39.538],[122.62,39.489],[122.571,39.464],[122.514,39.5],[122.564,39.48],[122.51,39.437],[122.447,39.416],[122.392,39.42],[122.341,39.389],[122.291,39.363],[122.237,39.338],[122.243,39.282],[122.197,39.26],[122.15,39.238],[122.11,39.177],[122.156,39.154],[122.092,39.128],[122.034,39.13],[122.045,39.083],[121.991,39.07],[121.922,39.053],[121.869,39.042],[121.824,39.027],[121.871,38.999],[121.865,38.945],[121.82,38.971],[121.792,39.021],[121.745,39.035],[121.7,39.047],[121.748,39.012],[121.683,39.015],[121.635,38.997],[121.592,38.947],[121.643,38.935],[121.719,38.904],[121.674,38.876],[121.615,38.86],[121.562,38.872],[121.514,38.836],[121.457,38.814],[121.405,38.812],[121.357,38.822],[121.307,38.79],[121.257,38.792],[121.216,38.738],[121.168,38.72],[121.12,38.766],[121.135,38.815],[121.118,38.866],[121.167,38.877],[121.092,38.894],[121.12,38.945],[121.167,38.949],[121.224,38.931],[121.271,38.955],[121.32,38.968],[121.321,39.014],[121.367,39.043],[121.42,39.015],[121.507,39.03],[121.567,39.051],[121.616,39.074],[121.68,39.103],[121.662,39.151],[121.607,39.17],[121.592,39.224],[121.646,39.242],[121.594,39.251],[121.648,39.268],[121.7,39.285],[121.756,39.321],[121.757,39.375],[121.803,39.361],[121.86,39.365],[121.91,39.388],[121.862,39.399],[121.815,39.388],[121.763,39.385],[121.713,39.406],[121.65,39.358],[121.604,39.368],[121.539,39.365],[121.492,39.392],[121.47,39.445],[121.422,39.438],[121.428,39.382],[121.374,39.37],[121.32,39.376],[121.365,39.413],[121.304,39.403],[121.249,39.385],[121.267,39.435],[121.317,39.458],[121.367,39.481],[121.417,39.48],[121.47,39.45],[121.442,39.511],[121.503,39.53],[121.55,39.54],[121.537,39.589],[121.527,39.645],[121.522,39.702],[121.47,39.734],[121.487,39.779],[121.522,39.836],[121.573,39.853],[121.625,39.871],[121.676,39.915],[121.722,39.915],[121.776,39.914],[121.817,39.966],[121.873,39.983],[121.826,40.023],[121.883,40.033],[121.932,40.082],[121.982,40.115],[122.011,40.16],[122.057,40.206],[122.105,40.23],[122.111,40.276],[122.151,40.321],[122.199,40.37],[122.205,40.418],[122.271,40.454],[122.265,40.518],[122.219,40.555],[122.153,40.593],[122.16,40.641],[122.152,40.696],[122.217,40.679],[122.269,40.692],[122.207,40.711],[122.161,40.755],[122.095,40.791],[122.15,40.754],[122.202,40.697],[122.255,40.706],[122.198,40.688],[122.151,40.708],[122.075,40.712],[122.022,40.745],[121.956,40.78],[121.927,40.828],[121.945,40.78],[121.892,40.801],[121.841,40.847],[121.825,40.898],[121.837,40.946],[121.875,41.012],[121.825,40.972],[121.801,40.913],[121.77,40.865],[121.714,40.839],[121.644,40.838],[121.59,40.833],[121.539,40.862],[121.491,40.895],[121.44,40.889],[121.363,40.911],[121.314,40.926],[121.263,40.905],[121.212,40.929],[121.152,40.907],[121.104,40.87],[121.074,40.824],[121.018,40.825],[120.962,40.818],[120.968,40.771],[120.92,40.766],[120.947,40.718],[120.998,40.732],[120.952,40.696],[120.893,40.682],[120.834,40.676],[120.8,40.618],[120.749,40.563],[120.695,40.54],[120.659,40.491],[120.61,40.477],[120.591,40.427],[120.537,40.411],[120.585,40.38],[120.535,40.339],[120.5,40.277],[120.471,40.222],[120.379,40.195],[120.313,40.182],[120.252,40.146],[120.185,40.123],[120.102,40.094],[120.056,40.08],[120.004,40.07],[119.946,40.052],[119.913,39.999],[119.867,39.989],[119.82,39.984],[119.769,39.965],[119.707,39.94],[119.65,39.934],[119.595,39.906],[119.535,39.891],[119.521,39.833],[119.464,39.812],[119.412,39.78],[119.362,39.745],[119.33,39.694],[119.284,39.582],[119.234,39.582],[119.249,39.499],[119.26,39.438],[119.295,39.391],[119.238,39.38],[119.182,39.348],[119.123,39.29],[119.068,39.235],[119.005,39.197],[118.946,39.18],[118.898,39.164],[118.842,39.16],[118.795,39.128],[118.741,39.13],[118.69,39.133],[118.609,39.162],[118.536,39.136],[118.475,39.093],[118.412,39.058],[118.336,39.005],[118.286,39.031],[118.239,39.037],[118.182,39.086],[118.164,39.141],[118.085,39.199],[118.009,39.209],[117.912,39.193],[117.865,39.175],[117.817,39.146],[117.768,39.1],[117.722,39.106],[117.768,39.068],[117.764,39.019],[117.746,38.969],[117.697,38.938],[117.65,38.897],[117.59,38.806],[117.558,38.727],[117.55,38.663],[117.556,38.618],[117.577,38.57],[117.616,38.5],[117.691,38.389],[117.753,38.333],[117.803,38.287],[117.816,38.238],[117.868,38.271],[117.936,38.24],[117.978,38.195],[118.023,38.19],[118.035,38.135],[118.087,38.14],[118.143,38.146],[118.189,38.152],[118.246,38.142],[118.295,38.151],[118.365,38.144],[118.433,38.126],[118.488,38.115],[118.533,38.085],[118.581,38.122],[118.637,38.142],[118.69,38.145],[118.749,38.19],[118.801,38.211],[118.798,38.164],[118.831,38.215],[118.855,38.164],[118.844,38.105],[118.853,38.042],[118.822,37.986],[118.848,38.033],[118.91,38.072],[118.955,38.033],[118.945,37.986],[119.005,37.957],[119.033,37.872],[119.011,37.822],[118.959,37.789],[119.005,37.779],[119.057,37.762],[119.077,37.698],[119.029,37.69],[118.979,37.605],[118.958,37.549],[118.954,37.502],[118.96,37.447],[118.97,37.382],[118.904,37.356],[118.956,37.353],[119.001,37.307],[119.055,37.27],[119.118,37.218],[119.187,37.19],[119.185,37.142],[119.244,37.167],[119.291,37.151],[119.353,37.148],[119.41,37.148],[119.466,37.154],[119.515,37.155],[119.56,37.143],[119.606,37.135],[119.693,37.136],[119.763,37.155],[119.828,37.197],[119.879,37.234],[119.91,37.297],[119.857,37.341],[119.921,37.383],[119.999,37.422],[120.081,37.444],[120.143,37.474],[120.226,37.533],[120.299,37.59],[120.325,37.642],[120.263,37.676],[120.315,37.688],[120.369,37.696],[120.448,37.748],[120.496,37.748],[120.574,37.756],[120.623,37.782],[120.719,37.824],[120.782,37.825],[120.844,37.815],[120.89,37.829],[120.943,37.814],[120.977,37.755],[121.036,37.71],[121.09,37.713],[121.14,37.712],[121.125,37.666],[121.134,37.613],[121.206,37.577],[121.257,37.572],[121.303,37.569],[121.357,37.589],[121.415,37.604],[121.366,37.585],[121.415,37.535],[121.466,37.472],[121.526,37.455],[121.573,37.425],[121.627,37.435],[121.676,37.448],[121.738,37.455],[121.784,37.415],[121.853,37.461],[121.948,37.472],[121.932,37.426],[121.988,37.435],[121.962,37.484],[122.009,37.505],[122.057,37.54],[122.104,37.543],[122.152,37.541],[122.128,37.493],[122.155,37.445],[122.203,37.45],[122.262,37.455],[122.311,37.415],[122.38,37.416],[122.426,37.41],[122.482,37.431],[122.458,37.382],[122.507,37.371],[122.567,37.4],[122.613,37.422],[122.669,37.412],[122.618,37.376],[122.568,37.364],[122.579,37.312],[122.563,37.266],[122.603,37.213],[122.564,37.167],[122.489,37.155],[122.467,37.105],[122.441,37.057],[122.39,37.027],[122.438,37.011],[122.484,37.014],[122.529,37.007],[122.525,36.957],[122.517,36.897],[122.518,36.943],[122.457,36.929],[122.409,36.945],[122.417,36.9],[122.372,36.856],[122.319,36.836],[122.265,36.845],[122.197,36.847],[122.194,36.902],[122.239,36.883],[122.188,36.917],[122.162,36.967],[122.207,37.008],[122.175,37.054],[122.143,37.002],[122.142,36.952],[122.095,36.941],[122.048,36.91],[122.022,36.963],[121.975,37.004],[121.919,37.001],[121.922,36.953],[121.867,36.918],[121.765,36.883],[121.734,36.837],[121.666,36.822],[121.62,36.816],[121.625,36.762],[121.58,36.761],[121.532,36.756],[121.485,36.771],[121.552,36.804],[121.598,36.831],[121.546,36.844],[121.486,36.794],[121.502,36.839],[121.45,36.848],[121.468,36.795],[121.423,36.758],[121.374,36.725],[121.313,36.711],[121.247,36.693],[121.201,36.689],[121.152,36.681],[121.099,36.629],[121.051,36.612],[120.995,36.601],[120.937,36.588],[120.951,36.642],[120.906,36.635],[120.86,36.656],[120.815,36.635],[120.755,36.582],[120.812,36.588],[120.857,36.6],[120.889,36.549],[120.938,36.542],[120.944,36.493],[120.897,36.457],[120.897,36.407],[120.852,36.382],[120.849,36.43],[120.756,36.462],[120.708,36.445],[120.69,36.385],[120.735,36.333],[120.682,36.328],[120.645,36.275],[120.68,36.228],[120.686,36.173],[120.647,36.123],[120.6,36.114],[120.543,36.115],[120.492,36.088],[120.438,36.063],[120.39,36.051],[120.342,36.05],[120.292,36.055],[120.34,36.101],[120.376,36.152],[120.369,36.211],[120.338,36.256],[120.29,36.28],[120.28,36.224],[120.233,36.194],[120.162,36.208],[120.113,36.192],[120.09,36.138],[120.132,36.092],[120.183,36.062],[120.236,36.057],[120.189,36.019],[120.247,36.008],[120.304,36.013],[120.256,35.965],[120.19,35.905],[120.208,35.95],[120.16,35.928],[120.101,35.903],[120.051,35.861],[120.025,35.814],[120.035,35.768],[120.013,35.722],[119.963,35.742],[119.916,35.76],[119.936,35.707],[119.907,35.658],[119.872,35.613],[119.826,35.622],[119.838,35.669],[119.79,35.629],[119.762,35.584],[119.745,35.629],[119.698,35.608],[119.643,35.612],[119.642,35.565],[119.625,35.507],[119.6,35.462],[119.563,35.408],[119.513,35.337],[119.463,35.323],[119.406,35.264],[119.391,35.211],[119.382,35.156],[119.37,35.106],[119.32,35.089],[119.269,35.08],[119.222,35.061],[119.201,35.005],[119.2,34.952],[119.193,34.894],[119.184,34.84],[119.212,34.782],[119.195,34.737],[119.184,34.69],[119.207,34.737],[119.267,34.755],[119.327,34.745],[119.387,34.745],[119.454,34.74],[119.463,34.692],[119.556,34.6],[119.613,34.579],[119.65,34.526],[119.702,34.535],[119.756,34.517],[119.783,34.468],[119.84,34.465],[119.889,34.46],[119.947,34.452],[120.005,34.43],[120.061,34.407],[120.199,34.341],[120.268,34.315],[120.283,34.252],[120.325,34.169],[120.339,34.117],[120.36,34.061],[120.393,33.999],[120.396,33.947],[120.407,33.884],[120.409,33.831],[120.458,33.827],[120.435,33.751],[120.47,33.796],[120.508,33.75],[120.525,33.702],[120.548,33.657],[120.531,33.611],[120.545,33.565],[120.588,33.518],[120.614,33.464],[120.6,33.408],[120.611,33.361],[120.654,33.302],[120.68,33.246],[120.717,33.2],[120.738,33.155],[120.755,33.104],[120.792,33.057],[120.84,33.038],[120.884,32.967],[120.895,32.919],[120.928,32.858],[120.881,32.826],[120.882,32.78],[120.836,32.795],[120.882,32.755],[120.923,32.709],[120.905,32.66],[120.858,32.644],[120.905,32.615],[120.978,32.555],[121.04,32.53],[121.088,32.523],[121.173,32.487],[121.22,32.465],[121.268,32.445],[121.317,32.428],[121.375,32.385],[121.39,32.333],[121.388,32.278],[121.363,32.204],[121.418,32.175],[121.427,32.114],[121.472,32.113],[121.529,32.111],[121.592,32.086],[121.658,32.063],[121.725,32.031],[121.761,31.982],[121.809,31.934],[121.835,31.882],[121.861,31.829],[121.892,31.777],[121.904,31.712],[121.854,31.68],[121.789,31.694],[121.738,31.715],[121.67,31.723],[121.608,31.746],[121.557,31.77],[121.5,31.8],[121.415,31.846],[121.35,31.86],[121.303,31.884],[121.239,31.861],[121.191,31.848],[121.144,31.837],[121.091,31.844],[121.099,31.795],[121.045,31.809],[120.978,31.805],[120.927,31.846],[120.906,31.915],[120.857,31.972],[120.839,32.035],[120.771,32.031],[120.766,32.103],[120.74,32.047],[120.68,32.059],[120.623,32.079],[120.569,32.068],[120.507,32.09],[120.462,32.07],[120.343,31.999],[120.28,31.96],[120.208,31.945],[120.101,31.961],[120.055,31.953],[120.102,31.94],[120.182,31.914],[120.227,31.928],[120.298,31.945],[120.344,31.955],[120.391,31.969],[120.447,31.976],[120.453,32.023],[120.505,32.016],[120.553,31.998],[120.611,31.99],[120.699,31.996],[120.753,31.976],[120.775,31.923],[120.816,31.863],[120.799,31.812],[120.748,31.837],[120.795,31.796],[120.848,31.772],[120.906,31.759],[120.957,31.76],[121.007,31.757],[121.063,31.727],[121.122,31.694],[121.173,31.667],[121.232,31.624],[121.275,31.572],[121.302,31.518],[121.351,31.498],[121.412,31.469],[121.463,31.425],[121.508,31.395],[121.573,31.378],[121.636,31.34],[121.682,31.316],[121.729,31.271],[121.814,31.133],[121.875,31.014],[121.912,30.938],[121.897,30.891],[121.831,30.866],[121.633,30.85],[121.546,30.832],[121.482,30.813],[121.423,30.788],[121.372,30.729],[121.276,30.7],[121.196,30.665],[121.147,30.618],[121.092,30.596],[121.027,30.58],[120.98,30.542],[120.938,30.482],[120.962,30.437],[120.91,30.413],[120.883,30.366],[120.832,30.35],[120.783,30.35],[120.727,30.384],[120.677,30.397],[120.555,30.401],[120.489,30.402],[120.442,30.395],[120.386,30.372],[120.362,30.309],[120.343,30.264],[120.295,30.3],[120.228,30.273],[120.192,30.225],[120.137,30.2],[120.208,30.223],[120.249,30.271],[120.306,30.282],[120.372,30.25],[120.435,30.352],[120.506,30.367],[120.609,30.36],[120.656,30.31],[120.637,30.233],[120.665,30.182],[120.63,30.134],[120.679,30.099],[120.736,30.087],[120.691,30.099],[120.707,30.144],[120.847,30.129],[120.915,30.158],[120.972,30.189],[121.033,30.233],[121.08,30.256],[121.136,30.301],[121.197,30.323],[121.26,30.32],[121.32,30.316],[121.368,30.295],[121.432,30.251],[121.485,30.2],[121.527,30.153],[121.569,30.103],[121.62,30.044],[121.663,29.996],[121.723,29.968],[121.769,29.97],[121.815,29.945],[121.869,29.923],[121.924,29.912],[122.004,29.891],[122.058,29.886],[122.114,29.911],[122.102,29.864],[122.056,29.847],[121.992,29.822],[121.942,29.789],[121.886,29.765],[121.864,29.72],[121.805,29.673],[121.75,29.62],[121.7,29.598],[121.649,29.55],[121.591,29.543],[121.534,29.521],[121.473,29.533],[121.44,29.487],[121.446,29.442],[121.494,29.48],[121.514,29.425],[121.562,29.465],[121.608,29.49],[121.655,29.497],[121.713,29.537],[121.758,29.53],[121.765,29.477],[121.815,29.491],[121.842,29.539],[121.796,29.547],[121.745,29.541],[121.787,29.592],[121.835,29.62],[121.884,29.626],[121.933,29.64],[121.978,29.612],[121.959,29.565],[121.937,29.515],[121.984,29.457],[121.922,29.422],[121.917,29.372],[121.948,29.324],[121.938,29.274],[121.988,29.287],[121.97,29.236],[121.903,29.189],[121.849,29.162],[121.799,29.201],[121.83,29.248],[121.84,29.297],[121.83,29.345],[121.783,29.371],[121.784,29.318],[121.785,29.272],[121.76,29.208],[121.71,29.176],[121.656,29.178],[121.652,29.268],[121.66,29.316],[121.642,29.242],[121.643,29.186],[121.601,29.239],[121.598,29.285],[121.547,29.273],[121.5,29.273],[121.549,29.261],[121.53,29.207],[121.496,29.16],[121.433,29.17],[121.458,29.124],[121.533,29.111],[121.579,29.12],[121.628,29.109],[121.63,29.062],[121.579,29.055],[121.533,29.06],[121.525,29.003],[121.55,29.051],[121.607,29.044],[121.662,29.056],[121.71,29.017],[121.665,28.986],[121.712,28.958],[121.665,28.905],[121.616,28.918],[121.555,28.942],[121.582,28.895],[121.633,28.88],[121.669,28.833],[121.653,28.786],[121.642,28.73],[121.595,28.72],[121.542,28.694],[121.49,28.696],[121.415,28.702],[121.369,28.7],[121.416,28.685],[121.477,28.671],[121.524,28.587],[121.546,28.542],[121.58,28.494],[121.577,28.442],[121.604,28.395],[121.618,28.349],[121.671,28.349],[121.643,28.302],[121.612,28.254],[121.584,28.302],[121.518,28.335],[121.464,28.336],[121.419,28.307],[121.42,28.259],[121.365,28.223],[121.383,28.176],[121.337,28.147],[121.292,28.195],[121.262,28.24],[121.25,28.286],[121.215,28.34],[121.275,28.357],[121.23,28.358],[121.181,28.39],[121.152,28.343],[121.121,28.295],[121.073,28.307],[121.028,28.292],[121.075,28.281],[121.121,28.257],[121.116,28.21],[121.059,28.16],[121.011,28.132],[120.99,28.084],[120.985,28.033],[120.966,27.988],[120.921,27.991],[120.843,27.995],[120.791,28.0],[120.724,28.038],[120.672,28.049],[120.62,28.037],[120.599,28.085],[120.59,28.037],[120.651,28.028],[120.709,28.021],[120.772,27.973],[120.828,27.958],[120.857,27.9],[120.817,27.849],[120.749,27.765],[120.705,27.717],[120.643,27.748],[120.679,27.702],[120.666,27.65],[120.641,27.602],[120.586,27.593],[120.601,27.547],[120.629,27.497],[120.674,27.483],[120.65,27.434],[120.65,27.383],[120.602,27.39],[120.547,27.405],[120.542,27.358],[120.555,27.312],[120.525,27.264],[120.511,27.215],[120.481,27.166],[120.457,27.223],[120.434,27.169],[120.385,27.205],[120.367,27.25],[120.378,27.202],[120.406,27.156],[120.388,27.109],[120.322,27.095],[120.271,27.102],[120.28,27.057],[120.269,27.011],[120.213,26.975],[120.164,26.98],[120.231,26.969],[120.231,26.922],[120.185,26.92],[120.134,26.921],[120.086,26.88],[120.039,26.897],[120.023,26.85],[120.081,26.823],[120.135,26.798],[120.096,26.748],[120.143,26.741],[120.101,26.691],[120.106,26.642],[120.037,26.623],[119.982,26.601],[119.928,26.582],[119.894,26.536],[119.846,26.519],[119.834,26.564],[119.885,26.615],[119.932,26.612],[119.989,26.645],[119.97,26.691],[120.024,26.716],[120.071,26.772],[119.99,26.789],[119.934,26.795],[119.933,26.747],[119.899,26.702],[119.882,26.654],[119.835,26.694],[119.789,26.705],[119.791,26.751],[119.842,26.777],[119.795,26.795],[119.842,26.844],[119.796,26.852],[119.765,26.804],[119.761,26.754],[119.712,26.811],[119.685,26.862],[119.685,26.812],[119.679,26.762],[119.73,26.733],[119.672,26.73],[119.613,26.758],[119.567,26.801],[119.562,26.746],[119.601,26.689],[119.553,26.675],[119.545,26.628],[119.592,26.59],[119.646,26.607],[119.697,26.612],[119.75,26.598],[119.797,26.552],[119.801,26.506],[119.807,26.46],[119.779,26.411],[119.723,26.445],[119.673,26.479],[119.627,26.475],[119.575,26.481],[119.58,26.424],[119.632,26.44],[119.658,26.382],[119.693,26.335],[119.747,26.326],[119.752,26.372],[119.798,26.397],[119.844,26.414],[119.871,26.367],[119.921,26.362],[119.902,26.315],[119.851,26.328],[119.79,26.311],[119.743,26.288],[119.695,26.282],[119.646,26.271],[119.593,26.242],[119.642,26.258],[119.652,26.205],[119.604,26.179],[119.557,26.131],[119.512,26.075],[119.612,26.046],[119.665,26.013],[119.716,26.017],[119.71,25.966],[119.691,25.915],[119.64,25.915],[119.614,25.864],[119.568,25.88],[119.585,25.834],[119.619,25.779],[119.603,25.729],[119.552,25.706],[119.492,25.695],[119.444,25.702],[119.462,25.649],[119.48,25.591],[119.527,25.566],[119.578,25.585],[119.568,25.538],[119.589,25.483],[119.637,25.478],[119.61,25.432],[119.655,25.412],[119.632,25.364],[119.59,25.411],[119.588,25.46],[119.537,25.443],[119.52,25.397],[119.568,25.415],[119.512,25.381],[119.504,25.431],[119.455,25.452],[119.458,25.499],[119.407,25.515],[119.357,25.537],[119.381,25.592],[119.329,25.615],[119.307,25.565],[119.271,25.518],[119.225,25.481],[119.177,25.467],[119.132,25.414],[119.165,25.365],[119.215,25.362],[119.232,25.316],[119.212,25.268],[119.258,25.312],[119.305,25.327],[119.346,25.274],[119.299,25.238],[119.302,25.188],[119.252,25.182],[119.196,25.183],[119.148,25.212],[119.15,25.258],[119.114,25.21],[119.142,25.164],[119.095,25.134],[119.047,25.138],[119.07,25.186],[119.082,25.232],[119.029,25.234],[118.978,25.226],[119.027,25.265],[118.972,25.284],[118.919,25.269],[118.87,25.247],[118.915,25.242],[118.918,25.188],[118.965,25.205],[118.949,25.158],[118.95,25.11],[118.897,25.106],[118.851,25.089],[118.894,25.036],[118.945,25.029],[118.991,25.034],[118.979,24.988],[118.988,24.943],[118.938,24.959],[118.915,24.912],[118.962,24.898],[118.908,24.879],[118.853,24.89],[118.808,24.903],[118.765,24.854],[118.72,24.851],[118.744,24.897],[118.723,24.944],[118.687,24.896],[118.693,24.942],[118.649,24.992],[118.668,24.944],[118.671,24.897],[118.618,24.88],[118.563,24.908],[118.617,24.87],[118.628,24.814],[118.68,24.791],[118.732,24.774],[118.779,24.772],[118.746,24.727],[118.714,24.678],[118.667,24.69],[118.646,24.637],[118.666,24.578],[118.618,24.542],[118.572,24.512],[118.584,24.561],[118.537,24.605],[118.475,24.63],[118.455,24.695],[118.425,24.637],[118.363,24.58],[118.314,24.584],[118.268,24.606],[118.238,24.54],[118.191,24.569],[118.226,24.625],[118.177,24.625],[118.189,24.685],[118.143,24.656],[118.128,24.607],[118.081,24.595],[118.033,24.564],[117.97,24.556],[118.018,24.543],[118.065,24.509],[118.017,24.478],[117.943,24.467],[117.888,24.484],[117.821,24.48],[117.83,24.43],[117.899,24.401],[117.893,24.343],[117.9,24.391],[117.945,24.394],[117.995,24.399],[118.044,24.41],[118.052,24.365],[118.102,24.349],[118.129,24.302],[118.098,24.241],[118.047,24.237],[117.996,24.223],[117.982,24.176],[117.961,24.225],[117.915,24.185],[117.923,24.12],[117.896,24.053],[117.837,24.023],[117.793,23.964],[117.765,23.917],[117.715,23.938],[117.764,23.972],[117.79,24.032],[117.729,24.029],[117.681,23.978],[117.651,23.918],[117.624,23.858],[117.625,23.805],[117.607,23.757],[117.608,23.822],[117.59,23.875],[117.537,23.912],[117.492,23.92],[117.446,23.925],[117.395,23.936],[117.34,23.927],[117.386,23.926],[117.442,23.906],[117.487,23.892],[117.488,23.846],[117.47,23.799],[117.418,23.768],[117.362,23.78],[117.3,23.762],[117.263,23.713],[117.259,23.661],[117.244,23.605],[117.249,23.651],[117.191,23.684],[117.215,23.63],[117.167,23.611],[117.119,23.57],[117.069,23.551],[117.067,23.601],[117.057,23.65],[117.011,23.66],[117.023,23.615],[116.966,23.639],[116.918,23.626],[116.871,23.603],[116.882,23.555],[116.825,23.543],[116.879,23.55],[116.857,23.505],[116.81,23.499],[116.855,23.492],[116.802,23.462],[116.869,23.456],[116.822,23.415],[116.718,23.469],[116.767,23.441],[116.806,23.383],[116.756,23.343],[116.674,23.354],[116.618,23.37],[116.554,23.409],[116.467,23.44],[116.532,23.427],[116.54,23.355],[116.593,23.325],[116.646,23.314],[116.693,23.271],[116.74,23.25],[116.689,23.23],[116.653,23.184],[116.605,23.185],[116.609,23.235],[116.556,23.244],[116.511,23.248],[116.496,23.201],[116.554,23.207],[116.604,23.217],[116.557,23.167],[116.533,23.118],[116.546,23.057],[116.552,23.011],[116.513,22.966],[116.463,22.947],[116.407,22.94],[116.355,22.936],[116.303,22.963],[116.25,22.964],[116.295,22.968],[116.221,22.923],[116.165,22.864],[116.114,22.838],[116.105,22.886],[116.041,22.931],[116.093,22.901],[116.073,22.855],[116.001,22.835],[115.956,22.803],[115.906,22.794],[115.841,22.769],[115.795,22.764],[115.793,22.822],[115.82,22.772],[115.821,22.822],[115.77,22.843],[115.699,22.853],[115.65,22.876],[115.597,22.88],[115.56,22.817],[115.517,22.752],[115.571,22.728],[115.58,22.677],[115.532,22.678],[115.467,22.705],[115.422,22.69],[115.374,22.7],[115.343,22.757],[115.392,22.748],[115.402,22.793],[115.356,22.765],[115.309,22.794],[115.252,22.787],[115.271,22.833],[115.318,22.897],[115.279,22.843],[115.217,22.837],[115.165,22.806],[115.109,22.808],[115.053,22.79],[115.018,22.739],[114.978,22.689],[114.948,22.736],[114.893,22.755],[114.949,22.702],[114.932,22.65],[114.9,22.577],[114.847,22.603],[114.799,22.592],[114.753,22.589],[114.745,22.642],[114.749,22.69],[114.742,22.737],[114.79,22.778],[114.794,22.827],[114.745,22.778],[114.692,22.795],[114.643,22.77],[114.593,22.75],[114.536,22.732],[114.537,22.687],[114.492,22.65],[114.566,22.655],[114.555,22.609],[114.5,22.585],[114.546,22.571],[114.602,22.545],[114.607,22.498],[114.558,22.477],[114.497,22.452],[114.479,22.503],[114.466,22.552],[114.423,22.605],[114.358,22.61],[114.312,22.601],[114.264,22.585],[114.213,22.535],[114.26,22.55],[114.296,22.503],[114.259,22.455],[114.214,22.473],[114.168,22.455],[114.214,22.423],[114.268,22.435],[114.32,22.481],[114.336,22.436],[114.382,22.438],[114.384,22.39],[114.334,22.379],[114.283,22.395],[114.274,22.35],[114.312,22.299],[114.265,22.309],[114.214,22.315],[114.168,22.294],[114.137,22.341],[114.087,22.367],[114.034,22.356],[113.989,22.363],[113.943,22.363],[113.902,22.409],[113.952,22.446],[114.012,22.49],[114.065,22.516],[114.003,22.527],[113.951,22.525],[113.902,22.474],[113.903,22.522],[113.854,22.56],[113.804,22.642],[113.765,22.702],[113.781,22.752],[113.717,22.769],[113.663,22.746],[113.666,22.807],[113.62,22.797],[113.595,22.851],[113.616,22.9],[113.632,22.95],[113.587,22.947],[113.579,22.995],[113.521,23.033],[113.545,23.082],[113.495,23.062],[113.443,23.095],[113.391,23.108],[113.398,23.034],[113.458,23.07],[113.504,23.029],[113.494,22.948],[113.507,22.896],[113.447,22.917],[113.401,22.927],[113.45,22.906],[113.497,22.889],[113.523,22.836],[113.579,22.811],[113.615,22.759],[113.563,22.743],[113.517,22.779],[113.565,22.724],[113.605,22.658],[113.532,22.672],[113.575,22.622],[113.501,22.579],[113.555,22.571],[113.567,22.522],[113.557,22.472],[113.533,22.4],[113.582,22.37],[113.597,22.32],[113.573,22.266],[113.548,22.219],[113.505,22.172],[113.457,22.165],[113.413,22.222],[113.352,22.268],[113.32,22.347],[113.32,22.29],[113.327,22.234],[113.333,22.187],[113.27,22.127],[113.267,22.076],[113.213,22.037],[113.16,22.05],[113.114,22.072],[113.127,22.121],[113.122,22.167],[113.122,22.218],[113.075,22.281],[113.08,22.34],[113.078,22.393],[113.078,22.46],[113.02,22.454],[113.006,22.503],[112.952,22.505],[112.992,22.457],[113.045,22.438],[113.061,22.383],[113.065,22.279],[113.083,22.22],[113.037,22.161],[113.005,22.107],[113.002,22.054],[113.006,21.995],[113.03,21.948],[112.98,21.913],[112.945,21.868],[112.891,21.862],[112.876,21.922],[112.84,21.968],[112.793,21.95],[112.744,21.922],[112.69,21.871],[112.655,21.826],[112.622,21.777],[112.558,21.759],[112.506,21.792],[112.456,21.82],[112.426,21.869],[112.419,21.915],[112.466,21.931],[112.412,21.928],[112.381,21.974],[112.384,21.927],[112.398,21.88],[112.403,21.832],[112.413,21.775],[112.378,21.728],[112.332,21.715],[112.283,21.7],[112.235,21.705],[112.188,21.753],[112.207,21.802],[112.148,21.807],[112.098,21.79],[112.053,21.794],[112.006,21.825],[111.997,21.78],[111.942,21.723],[111.896,21.677],[111.848,21.671],[111.832,21.723],[111.84,21.775],[111.794,21.767],[111.742,21.768],[111.688,21.769],[111.726,21.721],[111.783,21.712],[111.783,21.662],[111.784,21.617],[111.732,21.615],[111.676,21.584],[111.668,21.537],[111.619,21.542],[111.548,21.509],[111.483,21.504],[111.482,21.55],[111.44,21.599],[111.422,21.552],[111.376,21.54],[111.332,21.465],[111.287,21.437],[111.302,21.482],[111.254,21.489],[111.205,21.51],[111.153,21.516],[111.215,21.5],[111.162,21.467],[111.096,21.46],[111.078,21.508],[111.032,21.516],[111.001,21.454],[111.053,21.485],[110.993,21.423],[110.941,21.418],[110.889,21.385],[110.832,21.385],[110.774,21.395],[110.722,21.358],[110.673,21.289],[110.626,21.349],[110.621,21.297],[110.639,21.237],[110.587,21.217],[110.53,21.205],[110.474,21.21],[110.425,21.195],[110.448,21.241],[110.436,21.291],[110.484,21.288],[110.434,21.305],[110.425,21.36],[110.382,21.408],[110.401,21.362],[110.384,21.305],[110.415,21.24],[110.415,21.184],[110.382,21.138],[110.312,21.101],[110.264,21.072],[110.241,21.025],[110.212,21.073],[110.2,21.01],[110.154,20.997],[110.168,20.933],[110.196,20.86],[110.248,20.854],[110.295,20.848],[110.347,20.834],[110.389,20.789],[110.389,20.723],[110.344,20.738],[110.308,20.685],[110.333,20.63],[110.387,20.645],[110.406,20.599],[110.457,20.571],[110.506,20.533],[110.535,20.477],[110.521,20.427],[110.474,20.386],[110.442,20.329],[110.397,20.309],[110.343,20.283],[110.298,20.264],[110.252,20.265],[110.198,20.276],[110.144,20.24],[110.092,20.266],[110.046,20.296],[109.994,20.289],[109.941,20.245],[109.939,20.291],[109.93,20.34],[109.884,20.367],[109.9,20.422],[109.947,20.403],[109.981,20.349],[110.027,20.37],[109.98,20.383],[110.016,20.45],[109.962,20.467],[109.926,20.515],[109.933,20.466],[109.887,20.492],[109.841,20.503],[109.83,20.549],[109.811,20.617],[109.753,20.635],[109.774,20.695],[109.823,20.697],[109.775,20.71],[109.756,20.756],[109.76,20.804],[109.764,20.85],[109.743,20.804],[109.676,20.873],[109.665,20.936],[109.689,21.012],[109.71,21.058],[109.676,21.113],[109.738,21.197],[109.774,21.256],[109.767,21.334],[109.823,21.353],[109.888,21.36],[109.939,21.351],[109.908,21.408],[109.955,21.452],[109.909,21.455],[109.965,21.483],[109.917,21.482],[109.869,21.474],[109.817,21.462],[109.801,21.514],[109.765,21.563],[109.766,21.517],[109.745,21.467],[109.678,21.501],[109.671,21.548],[109.677,21.598],[109.615,21.582],[109.611,21.628],[109.566,21.673],[109.582,21.724],[109.536,21.727],[109.532,21.678],[109.477,21.668],[109.532,21.65],[109.589,21.583],[109.56,21.537],[109.51,21.484],[109.461,21.478],[109.415,21.456],[109.338,21.452],[109.292,21.435],[109.242,21.458],[109.189,21.419],[109.128,21.418],[109.072,21.44],[109.076,21.488],[109.147,21.505],[109.158,21.563],[109.152,21.619],[109.105,21.607],[109.046,21.608],[108.984,21.606],[108.937,21.61],[108.904,21.659],[108.854,21.684],[108.867,21.73],[108.85,21.782],[108.848,21.727],[108.842,21.674],[108.865,21.628],[108.811,21.642],[108.754,21.619],[108.708,21.652],[108.755,21.672],[108.709,21.685],[108.719,21.74],[108.667,21.719],[108.648,21.767],[108.656,21.814],[108.644,21.768],[108.612,21.716],[108.595,21.762],[108.579,21.809],[108.604,21.863],[108.554,21.891],[108.503,21.883],[108.458,21.871],[108.497,21.822],[108.517,21.777],[108.528,21.731],[108.544,21.682],[108.541,21.635],[108.491,21.585],[108.395,21.557],[108.43,21.603],[108.439,21.649],[108.387,21.663],[108.35,21.614],[108.367,21.66],[108.335,21.705],[108.318,21.655],[108.303,21.601],[108.293,21.556],[108.237,21.514],[108.25,21.565],[108.252,21.614],[108.193,21.612],[108.148,21.577],[108.088,21.553],[108.041,21.549],[108.041,21.502],[107.992,21.485],[107.946,21.449],[107.938,21.497],[107.886,21.519],[107.84,21.475],[107.835,21.522],[107.786,21.52],[107.799,21.474],[107.763,21.429],[107.713,21.386],[107.666,21.367],[107.633,21.32],[107.583,21.287],[107.544,21.335],[107.553,21.289],[107.503,21.297],[107.448,21.3],[107.401,21.321],[107.448,21.295],[107.379,21.265],[107.356,21.217],[107.408,21.254],[107.409,21.209],[107.39,21.152],[107.385,21.104],[107.37,21.057],[107.349,21.0],[107.296,21.003],[107.25,20.999],[107.202,20.947],[107.152,20.93],[107.105,20.95],[107.102,20.997],[107.152,21.021],[107.105,21.012],[107.06,21.019],[107.013,21.0],[106.986,20.953],[106.94,20.95],[106.893,20.974],[106.883,20.925],[106.837,20.918],[106.79,20.932],[106.842,20.97],[106.811,21.016],[106.765,21.009],[106.71,21.021],[106.657,21.02],[106.612,21.032],[106.64,20.972],[106.697,20.953],[106.752,20.947],[106.761,20.902],[106.713,20.886],[106.66,20.882],[106.61,20.924],[106.661,20.879],[106.711,20.875],[106.763,20.816],[106.716,20.803],[106.754,20.757],[106.806,20.72],[106.813,20.673],[106.768,20.717],[106.704,20.686],[106.651,20.709],[106.575,20.751],[106.62,20.7],[106.688,20.693],[106.681,20.638],[106.629,20.633],[106.617,20.585],[106.566,20.551],[106.52,20.541],[106.568,20.55],[106.585,20.503],[106.534,20.45],[106.583,20.461],[106.591,20.405],[106.581,20.323],[106.532,20.314],[106.556,20.266],[106.503,20.229],[106.412,20.202],[106.367,20.182],[106.334,20.135],[106.285,20.082],[106.235,20.033],[106.215,20.082],[106.184,20.136],[106.213,20.075],[106.204,20.026],[106.183,19.98],[106.134,19.976],[106.119,20.044],[106.102,19.993],[106.053,19.98],[106.007,19.969],[105.96,19.917],[105.954,19.87],[105.937,19.813],[105.887,19.776],[105.935,19.78],[105.903,19.722],[105.84,19.66],[105.824,19.587],[105.812,19.525],[105.813,19.454],[105.799,19.404],[105.803,19.345],[105.81,19.292],[105.779,19.241],[105.733,19.232],[105.736,19.184],[105.735,19.118],[105.679,19.096],[105.633,19.045],[105.623,18.992],[105.641,18.901],[105.691,18.876],[105.697,18.829],[105.765,18.763],[105.795,18.702],[105.826,18.606],[105.87,18.528],[105.906,18.481],[105.916,18.432],[105.961,18.431],[106.013,18.364],[106.083,18.292],[106.112,18.247],[106.165,18.266],[106.212,18.235],[106.257,18.214],[106.321,18.145],[106.311,18.099],[106.367,18.106],[106.413,18.103],[106.451,18.032],[106.497,17.965],[106.488,17.918],[106.458,17.872],[106.455,17.794],[106.495,17.709],[106.523,17.66],[106.575,17.577],[106.632,17.495],[106.67,17.437],[106.768,17.338],[107.017,17.147],[107.07,17.114],[107.12,17.084],[107.115,17.017],[107.15,16.957],[107.199,16.907],[107.153,16.872],[107.205,16.902],[107.331,16.787],[107.416,16.726],[107.51,16.651],[107.577,16.603],[107.634,16.566],[107.527,16.621],[107.477,16.645],[107.43,16.665],[107.477,16.618],[107.525,16.602],[107.576,16.57],[107.621,16.558],[107.639,16.509],[107.688,16.52],[107.738,16.463],[107.787,16.423],[107.834,16.372],[107.787,16.381],[107.804,16.331],[107.854,16.285],[107.902,16.278],[107.93,16.327],[107.982,16.319],[108.03,16.326],[108.096,16.225],[108.051,16.261],[108.097,16.227],[108.147,16.213],[108.2,16.208],[108.16,16.161],[108.138,16.11],[108.207,16.072],[108.225,16.02],[108.232,16.088],[108.236,16.142],[108.293,16.137],[108.344,16.117],[108.297,16.105],[108.251,16.074],[108.265,16.021],[108.294,15.967],[108.339,15.918],[108.386,15.892],[108.423,15.804],[108.49,15.688],[108.57,15.572],[108.617,15.518],[108.616,15.473],[108.667,15.429],[108.689,15.475],[108.736,15.402],[108.781,15.363],[108.8,15.415],[108.856,15.348],[108.875,15.302],[108.905,15.254],[108.934,15.209],[108.901,15.145],[108.908,15.096],[108.928,15.005],[108.964,14.911],[109.004,14.83],[109.041,14.763],[109.084,14.702],[109.073,14.639],[109.089,14.577],[109.099,14.501],[109.128,14.45],[109.134,14.394],[109.155,14.327],[109.192,14.281],[109.207,14.231],[109.211,14.159],[109.152,14.172],[109.192,14.123],[109.249,14.032],[109.261,13.987],[109.25,13.937],[109.282,13.89],[109.305,13.843],[109.3,13.782],[109.257,13.863],[109.232,13.919],[109.23,13.86],[109.225,13.814],[109.236,13.766],[109.225,13.713],[109.236,13.665],[109.248,13.607],[109.294,13.576],[109.292,13.529],[109.248,13.587],[109.259,13.537],[109.307,13.519],[109.307,13.47],[109.315,13.417],[109.263,13.427],[109.271,13.479],[109.225,13.457],[109.235,13.405],[109.26,13.36],[109.292,13.307],[109.267,13.261],[109.292,13.306],[109.324,13.256],[109.303,13.197],[109.3,13.141],[109.34,13.079],[109.385,13.0],[109.437,12.943],[109.458,12.897],[109.432,12.845],[109.384,12.834],[109.374,12.767],[109.411,12.7],[109.459,12.666],[109.443,12.612],[109.445,12.564],[109.401,12.616],[109.411,12.668],[109.366,12.643],[109.359,12.693],[109.368,12.738],[109.36,12.79],[109.3,12.753],[109.262,12.7],[109.215,12.66],[109.205,12.603],[109.215,12.558],[109.244,12.509],[109.29,12.486],[109.295,12.425],[109.343,12.407],[109.305,12.352],[109.255,12.387],[109.212,12.436],[109.165,12.464],[109.165,12.417],[109.202,12.357],[109.24,12.307],[109.203,12.262],[109.223,12.209],[109.209,12.16],[109.2,12.113],[109.21,12.052],[109.233,12.007],[109.278,11.957],[109.268,11.902],[109.257,11.852],[109.21,11.877],[109.21,11.926],[109.211,11.982],[109.187,11.935],[109.136,11.907],[109.112,11.858],[109.161,11.837],[109.196,11.785],[109.239,11.727],[109.193,11.689],[109.178,11.639],[109.146,11.59],[109.099,11.584],[109.049,11.602],[109.032,11.556],[109.016,11.509],[109.019,11.462],[109.017,11.416],[109.025,11.368],[108.97,11.317],[108.922,11.307],[108.857,11.334],[108.806,11.314],[108.759,11.277],[108.75,11.228],[108.728,11.179],[108.677,11.19],[108.631,11.185],[108.577,11.172],[108.516,11.141],[108.483,11.068],[108.437,11.045],[108.391,11.034],[108.344,10.963],[108.299,10.911],[108.237,10.952],[108.183,10.934],[108.122,10.923],[108.076,10.895],[108.035,10.806],[108.02,10.733],[107.967,10.698],[107.902,10.716],[107.85,10.701],[107.78,10.65],[107.732,10.629],[107.677,10.615],[107.628,10.591],[107.551,10.542],[107.501,10.496],[107.449,10.465],[107.402,10.465],[107.341,10.448],[107.259,10.375],[107.202,10.402],[107.12,10.363],[107.075,10.333],[107.06,10.382],[107.108,10.394],[107.154,10.423],[107.107,10.433],[107.054,10.447],[107.018,10.492],[106.972,10.468],[106.924,10.437],[106.969,10.421],[106.9,10.371],[106.868,10.43],[106.784,10.445],[106.76,10.531],[106.704,10.474],[106.755,10.443],[106.793,10.395],[106.791,10.305],[106.718,10.278],[106.67,10.289],[106.592,10.286],[106.529,10.304],[106.441,10.313],[106.514,10.265],[106.587,10.243],[106.674,10.22],[106.738,10.188],[106.792,10.16],[106.792,10.107],[106.738,10.054],[106.673,10.113],[106.685,10.06],[106.68,10.015],[106.655,9.969],[106.607,9.978],[106.559,10.004],[106.49,10.034],[106.454,10.081],[106.414,10.127],[106.379,10.174],[106.389,10.123],[106.444,10.057],[106.512,10.0],[106.558,9.99],[106.614,9.945],[106.665,9.93],[106.705,9.882],[106.643,9.835],[106.598,9.819],[106.533,9.878],[106.466,9.938],[106.359,10.004],[106.291,10.062],[106.252,10.11],[106.21,10.165],[106.214,10.099],[106.278,10.05],[106.322,10.005],[106.417,9.915],[106.475,9.862],[106.52,9.804],[106.531,9.756],[106.578,9.714],[106.58,9.669],[106.559,9.609],[106.503,9.554],[106.457,9.543],[106.405,9.541],[106.351,9.575],[106.296,9.601],[106.248,9.632],[106.177,9.692],[106.123,9.753],[106.009,9.869],[105.957,9.938],[105.906,9.978],[105.853,9.995],[105.893,9.938],[105.942,9.894],[106.0,9.832],[106.068,9.753],[106.12,9.657],[106.187,9.567],[106.212,9.509],[106.207,9.463],[106.147,9.399],[106.195,9.405],[106.182,9.358],[106.127,9.345],[106.05,9.32],[106.002,9.3],[105.854,9.248],[105.748,9.205],[105.703,9.184],[105.594,9.146],[105.525,9.12],[105.468,9.062],[105.431,9.012],[105.395,8.936],[105.369,8.887],[105.349,8.827],[105.281,8.753],[105.233,8.744],[105.195,8.792],[105.146,8.758],[105.078,8.785],[105.031,8.762],[104.981,8.746],[104.933,8.695],[104.863,8.692],[104.902,8.744],[104.91,8.808],[104.842,8.777],[104.795,8.795],[104.808,8.856],[104.81,8.968],[104.808,9.017],[104.813,9.123],[104.81,9.173],[104.823,9.234],[104.83,9.336],[104.831,9.409],[104.844,9.579],[104.865,9.706],[104.893,9.804],[104.945,9.839],[105.037,9.929],[105.084,9.945],[105.101,9.892],[105.111,9.947],[105.09,9.993],[104.993,10.1],[104.912,10.089],[104.852,10.142],[104.805,10.201],[104.748,10.227],[104.692,10.2],[104.653,10.154],[104.605,10.141],[104.595,10.187],[104.587,10.239],[104.553,10.29],[104.505,10.357],[104.532,10.402],[104.485,10.375],[104.443,10.423],[104.393,10.45],[104.346,10.494],[104.293,10.477],[104.288,10.523],[104.255,10.569],[104.203,10.557],[104.147,10.563],[104.086,10.549],[104.033,10.559],[103.981,10.581],[103.92,10.61],[103.891,10.656],[103.864,10.708],[103.863,10.658],[103.816,10.536],[103.761,10.53],[103.715,10.549],[103.736,10.497],[103.687,10.508],[103.636,10.485],[103.618,10.535],[103.57,10.537],[103.542,10.59],[103.495,10.618],[103.525,10.666],[103.548,10.72],[103.603,10.734],[103.651,10.743],[103.674,10.798],[103.717,10.85],[103.71,10.897],[103.696,10.943],[103.663,10.995],[103.652,11.048],[103.698,11.06],[103.635,11.086],[103.577,11.127],[103.516,11.164],[103.468,11.119],[103.454,11.07],[103.432,11.006],[103.415,10.959],[103.425,10.908],[103.373,10.88],[103.316,10.908],[103.263,10.922],[103.215,10.883],[103.165,10.87],[103.104,10.915],[103.114,10.965],[103.111,11.019],[103.1,11.073],[103.114,11.141],[103.088,11.212],[103.08,11.262],[103.124,11.311],[103.089,11.391],[103.085,11.439],[103.135,11.462],[103.085,11.476],[103.044,11.521],[102.998,11.551],[102.982,11.62],[102.96,11.572],[102.927,11.63],[102.905,11.679],[102.895,11.752],[102.778,11.908],[102.786,11.956],[102.768,12.007],[102.717,12.073],[102.645,12.131],[102.644,12.178],[102.599,12.205],[102.565,12.144],[102.562,12.093],[102.588,12.041],[102.532,12.114],[102.485,12.135],[102.427,12.167],[102.372,12.191],[102.323,12.182],[102.292,12.231],[102.265,12.284],[102.326,12.297],[102.368,12.345],[102.319,12.322],[102.27,12.365],[102.285,12.411],[102.23,12.42],[102.249,12.369],[102.272,12.322],[102.22,12.329],[102.159,12.395],[102.114,12.437],[102.066,12.478],[102.114,12.526],[102.061,12.531],[102.059,12.484],[102.0,12.536],[101.954,12.539],[101.962,12.592],[101.95,12.541],[101.897,12.57],[101.867,12.642],[101.812,12.683],[101.766,12.705],[101.714,12.699],[101.655,12.648],[101.607,12.651],[101.562,12.625],[101.51,12.629],[101.456,12.63],[101.422,12.581],[101.375,12.618],[101.286,12.654],[101.24,12.664],[101.167,12.67],[101.105,12.677],[101.052,12.667],[101.002,12.655],[100.967,12.592],[100.919,12.622],[100.869,12.649],[100.851,12.695],[100.842,12.75],[100.895,12.764],[100.91,12.833],[100.885,12.878],[100.864,12.928],[100.922,12.985],[100.929,13.031],[100.892,13.076],[100.901,13.122],[100.93,13.168],[100.94,13.221],[100.923,13.277],[100.924,13.331],[100.97,13.345],[100.99,13.392],[100.973,13.451],[100.988,13.497],[100.895,13.466],[100.848,13.474],[100.763,13.494],[100.708,13.501],[100.65,13.516],[100.605,13.547],[100.6,13.595],[100.584,13.545],[100.533,13.5],[100.471,13.495],[100.408,13.488],[100.338,13.484],[100.283,13.508],[100.229,13.465],[100.119,13.435],[100.062,13.413],[100.027,13.36],[99.976,13.328],[99.951,13.273],[100.001,13.22],[100.075,13.151],[100.068,13.077],[100.113,13.052],[100.069,13.004],[100.032,12.932],[100.023,12.876],[99.996,12.818],[99.977,12.766],[99.969,12.694],[99.96,12.642],[99.961,12.587],[99.979,12.523],[99.98,12.466],[99.993,12.41],[100.004,12.339],[99.978,12.263],[100.01,12.217],[100.0,12.159],[99.965,12.111],[99.917,12.045],[99.85,11.969],[99.827,11.921],[99.817,11.869],[99.803,11.813],[99.8,11.765],[99.757,11.712],[99.725,11.663],[99.687,11.605],[99.65,11.531],[99.631,11.469],[99.609,11.417],[99.585,11.366],[99.554,11.312],[99.552,11.258],[99.583,11.211],[99.532,11.199],[99.484,11.127],[99.479,11.082],[99.502,10.997],[99.494,10.941],[99.523,10.894],[99.47,10.869],[99.432,10.806],[99.413,10.76],[99.385,10.707],[99.327,10.672],[99.301,10.617],[99.28,10.569],[99.241,10.52],[99.233,10.466],[99.278,10.422],[99.29,10.364],[99.242,10.342],[99.184,10.369],[99.154,10.317],[99.19,10.267],[99.242,10.237],[99.195,10.208],[99.176,10.152],[99.154,10.092],[99.177,10.04],[99.152,9.989],[99.162,9.944],[99.159,9.894],[99.165,9.847],[99.148,9.743],[99.164,9.677],[99.192,9.623],[99.215,9.553],[99.245,9.482],[99.309,9.403],[99.263,9.359],[99.217,9.327],[99.229,9.279],[99.246,9.229],[99.304,9.23],[99.358,9.212],[99.407,9.203],[99.467,9.196],[99.515,9.264],[99.562,9.276],[99.615,9.268],[99.672,9.302],[99.727,9.31],[99.782,9.309],[99.83,9.307],[99.85,9.255],[99.884,9.203],[99.878,9.143],[99.911,9.097],[99.918,9.015],[99.916,8.929],[99.925,8.857],[99.938,8.797],[99.943,8.729],[99.955,8.659],[99.965,8.6],[100.006,8.555],[100.062,8.489],[100.081,8.432],[100.138,8.389],[100.165,8.437],[100.152,8.507],[100.201,8.475],[100.261,8.324],[100.288,8.224],[100.31,8.113],[100.324,8.011],[100.353,7.868],[100.427,7.558],[100.449,7.479],[100.472,7.408],[100.492,7.359],[100.53,7.285],[100.571,7.228],[100.482,7.254],[100.406,7.233],[100.413,7.187],[100.459,7.146],[100.514,7.139],[100.573,7.154],[100.581,7.23],[100.623,7.182],[100.687,7.09],[100.72,7.042],[100.773,6.985],[100.828,6.952],[100.923,6.901],[101.009,6.851],[101.105,6.854],[101.18,6.86],[101.243,6.869],[101.298,6.885],[101.358,6.863],[101.337,6.918],[101.288,6.933],[101.333,6.925],[101.451,6.876],[101.527,6.854],[101.598,6.785],[101.645,6.71],[101.675,6.655],[101.72,6.583],[101.777,6.505],[101.817,6.459],[101.863,6.427],[101.926,6.37],[101.987,6.315],[102.036,6.285],[102.092,6.241],[102.147,6.205],[102.209,6.198],[102.256,6.207],[102.316,6.185],[102.381,6.117],[102.422,6.021],[102.462,5.939],[102.51,5.873],[102.56,5.839],[102.626,5.79],[102.683,5.721],[102.769,5.655],[102.831,5.599],[102.915,5.545],[102.978,5.53],[103.044,5.462],[103.109,5.402],[103.142,5.349],[103.09,5.319],[103.142,5.346],[103.174,5.297],[103.204,5.223],[103.241,5.157],[103.291,5.058],[103.318,5.012],[103.371,4.917],[103.427,4.823],[103.425,4.767],[103.45,4.707],[103.451,4.662],[103.47,4.572],[103.471,4.523],[103.446,4.472],[103.458,4.4],[103.494,4.337],[103.48,4.282],[103.432,4.243],[103.446,4.184],[103.41,4.138],[103.391,4.083],[103.416,4.012],[103.43,3.963],[103.378,3.945],[103.367,3.882],[103.375,3.836],[103.324,3.805],[103.328,3.739],[103.347,3.688],[103.4,3.615],[103.436,3.566],[103.432,3.518],[103.385,3.52],[103.442,3.516],[103.451,3.452],[103.425,3.364],[103.429,3.317],[103.448,3.218],[103.45,3.131],[103.438,3.075],[103.432,3.012],[103.43,2.957],[103.449,2.882],[103.48,2.832],[103.52,2.768],[103.578,2.729],[103.63,2.683],[103.676,2.664],[103.723,2.64],[103.769,2.639],[103.809,2.59],[103.837,2.525],[103.833,2.477],[103.872,2.405],[103.914,2.356],[103.965,2.32],[103.975,2.27],[103.96,2.216],[104.0,2.164],[104.041,2.085],[104.08,2.031],[104.114,1.978],[104.132,1.929],[104.115,1.878],[104.163,1.856],[104.193,1.785],[104.206,1.738],[104.23,1.682],[104.259,1.622],[104.259,1.57],[104.289,1.522],[104.297,1.454],[104.28,1.399],[104.228,1.352],[104.177,1.35],[104.132,1.36],[104.122,1.412],[104.062,1.451],[104.059,1.506],[104.111,1.528],[104.061,1.524],[104.024,1.573],[103.982,1.62],[103.934,1.662],[103.962,1.616],[104.0,1.567],[104.013,1.506],[104.011,1.458],[103.941,1.438],[103.887,1.447],[103.833,1.487],[103.78,1.468],[103.721,1.485],[103.665,1.422],[103.637,1.375],[103.572,1.352],[103.546,1.428],[103.537,1.381],[103.532,1.324],[103.519,1.27],[103.464,1.319],[103.433,1.367],[103.406,1.448],[103.368,1.537],[103.287,1.593],[103.237,1.609],[103.177,1.637],[103.058,1.718],[103.006,1.741],[102.947,1.755],[102.893,1.788],[102.831,1.859],[102.772,1.877],[102.725,1.879],[102.677,1.884],[102.642,1.946],[102.585,2.001],[102.55,2.052],[102.507,2.097],[102.452,2.123],[102.407,2.139],[102.357,2.15],[102.308,2.175],[102.258,2.195],[102.202,2.222],[102.128,2.27],[102.08,2.302],[102.042,2.355],[101.994,2.373],[101.945,2.416],[101.897,2.423],[101.852,2.411],[101.857,2.457],[101.838,2.507],[101.79,2.53],[101.798,2.577],[101.742,2.61],[101.696,2.602],[101.65,2.633],[101.604,2.641],[101.543,2.667],[101.486,2.694],[101.445,2.75],[101.411,2.795],[101.362,2.82],[101.291,2.847],[101.306,2.898],[101.317,2.977],[101.362,3.004],[101.36,3.054],[101.336,3.113],[101.3,3.258],[101.275,3.305],[101.237,3.357],[101.179,3.385],[101.133,3.452],[101.092,3.502],[101.064,3.569],[101.035,3.628],[100.988,3.661],[100.938,3.698],[100.894,3.748],[100.842,3.789],[100.824,3.85],[100.89,3.858],[100.817,3.864],[100.771,3.852],[100.718,3.893],[100.706,3.991],[100.758,3.997],[100.817,4.014],[100.87,3.965],[100.871,4.022],[100.82,4.049],[100.772,4.014],[100.771,4.059],[100.754,4.11],[100.695,4.165],[100.641,4.176],[100.595,4.234],[100.647,4.239],[100.591,4.263],[100.576,4.314],[100.585,4.379],[100.585,4.429],[100.62,4.497],[100.626,4.544],[100.655,4.596],[100.59,4.604],[100.615,4.654],[100.664,4.684],[100.611,4.679],[100.578,4.732],[100.635,4.763],[100.628,4.808],[100.578,4.797],[100.549,4.853],[100.538,4.899],[100.48,4.935],[100.43,4.947],[100.415,4.997],[100.376,5.072],[100.397,5.122],[100.421,5.172],[100.442,5.218],[100.409,5.268],[100.414,5.317],[100.387,5.365],[100.38,5.435],[100.378,5.527],[100.352,5.572],[100.343,5.635],[100.402,5.66],[100.348,5.705],[100.361,5.755],[100.37,5.828],[100.358,5.886],[100.351,5.978],[100.325,6.046],[100.284,6.095],[100.268,6.163],[100.243,6.21],[100.192,6.259],[100.144,6.359],[100.12,6.416],[100.101,6.484],[100.096,6.542],[100.05,6.519],[100.004,6.56],[99.991,6.607],[99.952,6.675],[99.905,6.708],[99.845,6.776],[99.8,6.814],[99.742,6.847],[99.695,6.862],[99.68,6.944],[99.728,6.927],[99.682,6.959],[99.677,7.007],[99.699,7.077],[99.74,7.128],[99.671,7.114],[99.662,7.175],[99.607,7.136],[99.627,7.184],[99.581,7.157],[99.565,7.202],[99.525,7.251],[99.577,7.315],[99.591,7.362],[99.544,7.304],[99.511,7.357],[99.512,7.41],[99.485,7.364],[99.494,7.312],[99.447,7.292],[99.402,7.304],[99.365,7.349],[99.348,7.397],[99.341,7.459],[99.315,7.506],[99.298,7.558],[99.285,7.613],[99.235,7.627],[99.25,7.685],[99.205,7.667],[99.172,7.725],[99.139,7.779],[99.115,7.724],[99.067,7.698],[99.022,7.757],[99.02,7.815],[99.066,7.852],[99.088,7.918],[99.03,7.889],[99.002,7.94],[98.945,7.985],[98.968,8.032],[98.922,8.049],[98.871,8.027],[98.818,8.039],[98.773,8.018],[98.745,8.076],[98.76,8.133],[98.755,8.18],[98.74,8.227],[98.717,8.285],[98.667,8.288],[98.638,8.336],[98.673,8.382],[98.624,8.378],[98.578,8.369],[98.529,8.335],[98.519,8.386],[98.501,8.339],[98.446,8.32],[98.46,8.268],[98.472,8.217],[98.441,8.165],[98.393,8.125],[98.367,8.173],[98.318,8.198],[98.285,8.246],[98.258,8.368],[98.21,8.548],[98.255,8.524],[98.226,8.571],[98.234,8.616],[98.245,8.669],[98.24,8.72],[98.265,8.786],[98.271,8.841],[98.295,8.888],[98.31,8.937],[98.358,8.961],[98.384,9.014],[98.336,9.015],[98.347,9.066],[98.353,9.118],[98.322,9.179],[98.368,9.204],[98.363,9.253],[98.384,9.319],[98.4,9.372],[98.427,9.425],[98.436,9.477],[98.459,9.56],[98.474,9.497],[98.503,9.551],[98.549,9.556],[98.499,9.59],[98.51,9.639],[98.488,9.685],[98.54,9.675],[98.558,9.725],[98.512,9.735],[98.518,9.786],[98.567,9.807],[98.52,9.848],[98.57,9.889],[98.609,9.936],[98.61,9.998],[98.65,10.067],[98.687,10.122],[98.707,10.178],[98.726,10.228],[98.739,10.276],[98.763,10.326],[98.721,10.26],[98.696,10.205],[98.644,10.218],[98.658,10.167],[98.625,10.106],[98.605,10.054],[98.577,10.0],[98.531,10.03],[98.533,10.077],[98.525,10.139],[98.495,10.185],[98.517,10.239],[98.516,10.297],[98.534,10.342],[98.525,10.39],[98.497,10.448],[98.494,10.498],[98.484,10.544],[98.477,10.591],[98.464,10.643],[98.465,10.692],[98.468,10.748],[98.517,10.728],[98.54,10.683],[98.535,10.735],[98.583,10.777],[98.602,10.824],[98.579,10.874],[98.626,10.895],[98.71,10.884],[98.715,10.93],[98.719,10.987],[98.769,10.989],[98.723,10.994],[98.713,11.041],[98.7,11.092],[98.653,11.13],[98.7,11.14],[98.74,11.188],[98.755,11.25],[98.748,11.297],[98.722,11.349],[98.701,11.397],[98.724,11.459],[98.773,11.45],[98.755,11.505],[98.723,11.554],[98.737,11.601],[98.737,11.665],[98.783,11.681],[98.836,11.68],[98.885,11.7],[98.828,11.735],[98.812,11.783],[98.823,11.842],[98.793,11.795],[98.745,11.762],[98.695,11.75],[98.631,11.796],[98.646,11.844],[98.595,11.874],[98.542,11.882],[98.603,11.905],[98.658,11.915],[98.703,11.932],[98.705,11.99],[98.753,11.98],[98.7,12.016],[98.733,12.068],[98.678,12.046],[98.618,12.101],[98.668,12.11],[98.617,12.125],[98.693,12.152],[98.643,12.166],[98.643,12.217],[98.597,12.193],[98.544,12.209],[98.525,12.259],[98.575,12.302],[98.643,12.306],[98.582,12.326],[98.54,12.376],[98.59,12.397],[98.601,12.457],[98.644,12.502],[98.702,12.501],[98.754,12.48],[98.704,12.508],[98.728,12.556],[98.679,12.529],[98.629,12.535],[98.654,12.58],[98.655,12.635],[98.7,12.648],[98.654,12.642],[98.67,12.692],[98.691,12.742],[98.629,12.725],[98.676,12.747],[98.715,12.797],[98.663,12.778],[98.643,12.832],[98.634,12.879],[98.591,12.931],[98.636,12.976],[98.59,13.007],[98.598,13.053],[98.582,13.099],[98.577,13.152],[98.57,13.205],[98.58,13.253],[98.568,13.205],[98.52,13.24],[98.506,13.297],[98.466,13.347],[98.471,13.404],[98.422,13.441],[98.422,13.488],[98.373,13.555],[98.362,13.613],[98.312,13.649],[98.293,13.695],[98.281,13.74],[98.232,13.725],[98.247,13.796],[98.243,13.846],[98.247,13.905],[98.232,13.964],[98.185,13.935],[98.187,13.889],[98.18,13.802],[98.177,13.75],[98.186,13.698],[98.19,13.648],[98.156,13.601],[98.177,13.555],[98.126,13.552],[98.129,13.599],[98.15,13.647],[98.135,13.695],[98.084,13.722],[98.08,13.775],[98.095,13.825],[98.099,13.874],[98.075,13.923],[98.07,13.969],[98.055,14.021],[98.078,14.068],[98.096,14.134],[98.095,14.2],[98.047,14.23],[97.999,14.291],[97.982,14.343],[97.969,14.393],[97.978,14.448],[97.952,14.496],[97.938,14.544],[97.903,14.593],[97.873,14.67],[97.899,14.716],[97.842,14.715],[97.824,14.764],[97.81,14.814],[97.797,14.862],[97.789,14.919],[97.802,14.972],[97.771,15.021],[97.793,15.07],[97.796,15.133],[97.792,15.183],[97.837,15.19],[97.792,15.219],[97.74,15.241],[97.739,15.288],[97.719,15.334],[97.742,15.382],[97.794,15.405],[97.744,15.48],[97.76,15.527],[97.743,15.573],[97.735,15.627],[97.721,15.678],[97.722,15.725],[97.72,15.772],[97.713,15.826],[97.708,15.871],[97.661,15.915],[97.608,15.948],[97.585,16.008],[97.562,16.06],[97.618,16.062],[97.609,16.108],[97.62,16.157],[97.627,16.207],[97.643,16.273],[97.628,16.325],[97.615,16.371],[97.616,16.418],[97.622,16.474],[97.668,16.51],[97.697,16.56],[97.742,16.563],[97.697,16.565],[97.648,16.601],[97.617,16.648],[97.607,16.581],[97.623,16.524],[97.575,16.536],[97.519,16.54],[97.453,16.539],[97.406,16.522],[97.358,16.501],[97.355,16.553],[97.335,16.608],[97.33,16.665],[97.35,16.71],[97.304,16.661],[97.274,16.71],[97.26,16.757],[97.245,16.817],[97.233,16.864],[97.2,16.915],[97.154,16.948],[97.153,17.003],[97.16,17.069],[97.152,17.116],[97.2,17.125],[97.246,17.105],[97.179,17.137],[97.132,17.113],[97.082,17.13],[97.025,17.174],[97.029,17.225],[97.021,17.273],[96.972,17.317],[96.909,17.362],[96.886,17.413],[96.884,17.466],[96.864,17.418],[96.813,17.384],[96.859,17.385],[96.892,17.337],[96.932,17.286],[96.905,17.235],[96.922,17.173],[96.877,17.135],[96.9,17.084],[96.892,17.002],[96.942,17.007],[96.937,16.955],[96.914,16.894],[96.893,16.819],[96.879,16.869],[96.871,16.916],[96.884,16.984],[96.853,16.923],[96.837,16.878],[96.775,16.915],[96.825,16.897],[96.8,16.835],[96.794,16.881],[96.794,16.806],[96.784,16.751],[96.735,16.701],[96.679,16.618],[96.643,16.566],[96.585,16.529],[96.534,16.507],[96.473,16.495],[96.41,16.495],[96.353,16.517],[96.297,16.545],[96.28,16.593],[96.262,16.65],[96.225,16.709],[96.215,16.757],[96.271,16.798],[96.202,16.767],[96.131,16.772],[96.193,16.745],[96.211,16.674],[96.234,16.61],[96.261,16.519],[96.322,16.465],[96.316,16.417],[96.252,16.371],[96.161,16.334],[96.112,16.32],[96.096,16.374],[96.037,16.374],[96.08,16.327],[96.031,16.266],[95.931,16.209],[95.955,16.285],[95.925,16.235],[95.878,16.201],[95.892,16.253],[95.847,16.201],[95.787,16.139],[95.74,16.14],[95.725,16.221],[95.725,16.157],[95.729,16.103],[95.694,16.046],[95.689,15.995],[95.66,15.944],[95.597,15.881],[95.549,15.825],[95.492,15.774],[95.417,15.715],[95.367,15.708],[95.321,15.709],[95.289,15.755],[95.271,15.801],[95.281,15.852],[95.333,15.878],[95.308,15.923],[95.274,15.873],[95.225,15.89],[95.219,15.822],[95.201,15.776],[95.156,15.778],[95.109,15.812],[95.108,15.857],[95.114,15.916],[95.125,15.962],[95.099,16.031],[95.114,16.085],[95.066,16.07],[95.069,15.979],[95.052,15.852],[95.036,15.802],[94.987,15.778],[94.982,15.849],[94.98,15.782],[94.925,15.749],[94.858,15.764],[94.847,15.812],[94.896,15.825],[94.842,15.828],[94.845,15.899],[94.818,15.834],[94.799,15.787],[94.753,15.795],[94.75,15.851],[94.8,15.936],[94.812,15.983],[94.759,15.99],[94.765,15.93],[94.732,15.878],[94.673,15.843],[94.634,15.9],[94.648,15.951],[94.592,15.944],[94.599,16.014],[94.634,16.062],[94.582,16.042],[94.552,15.996],[94.492,15.973],[94.462,15.925],[94.458,15.971],[94.451,15.922],[94.419,15.856],[94.397,15.913],[94.377,15.975],[94.424,16.015],[94.475,16.024],[94.486,16.071],[94.525,16.129],[94.563,16.176],[94.607,16.228],[94.561,16.259],[94.549,16.209],[94.502,16.171],[94.451,16.114],[94.422,16.065],[94.357,16.055],[94.301,16.008],[94.243,15.953],[94.213,16.012],[94.201,16.058],[94.199,16.11],[94.212,16.157],[94.212,16.202],[94.223,16.257],[94.227,16.313],[94.244,16.363],[94.251,16.416],[94.26,16.47],[94.266,16.516],[94.317,16.526],[94.347,16.578],[94.344,16.626],[94.363,16.672],[94.356,16.728],[94.396,16.776],[94.389,16.833],[94.373,16.882],[94.421,16.906],[94.47,16.949],[94.455,16.997],[94.448,17.052],[94.488,17.123],[94.44,17.183],[94.488,17.182],[94.533,17.188],[94.497,17.238],[94.5,17.305],[94.545,17.315],[94.592,17.3],[94.563,17.353],[94.563,17.4],[94.555,17.472],[94.553,17.526],[94.544,17.575],[94.598,17.553],[94.582,17.608],[94.576,17.657],[94.531,17.701],[94.518,17.761],[94.485,17.808],[94.487,17.858],[94.457,17.95],[94.431,17.997],[94.48,18.002],[94.484,18.061],[94.449,18.133],[94.453,18.182],[94.418,18.24],[94.369,18.252],[94.323,18.247],[94.319,18.297],[94.366,18.295],[94.399,18.348],[94.353,18.362],[94.325,18.409],[94.297,18.457],[94.258,18.509],[94.273,18.555],[94.242,18.601],[94.246,18.652],[94.187,18.693],[94.14,18.739],[94.185,18.716],[94.23,18.723],[94.211,18.773],[94.164,18.803],[94.147,18.853],[94.121,18.806],[94.068,18.835],[94.039,18.882],[94.041,18.932],[94.05,18.98],[94.067,19.044],[94.116,19.081],[94.067,19.084],[94.084,19.132],[94.037,19.118],[94.033,19.176],[94.049,19.229],[94.04,19.279],[94.068,19.363],[94.035,19.313],[94.007,19.258],[93.992,19.21],[94.008,19.161],[93.958,19.142],[93.942,19.191],[93.944,19.14],[93.953,19.094],[93.906,19.098],[93.955,19.09],[93.96,19.028],[93.976,18.982],[93.974,18.932],[93.938,18.882],[93.869,18.896],[93.803,18.95],[93.753,18.968],[93.708,19.013],[93.66,19.049],[93.65,19.116],[93.599,19.151],[93.581,19.202],[93.534,19.273],[93.49,19.329],[93.477,19.4],[93.526,19.429],[93.577,19.409],[93.623,19.37],[93.638,19.324],[93.652,19.266],[93.697,19.298],[93.756,19.247],[93.816,19.226],[93.865,19.251],[93.911,19.276],[93.972,19.304],[93.974,19.355],[94.023,19.372],[93.977,19.419],[93.999,19.468],[93.937,19.455],[93.949,19.526],[93.889,19.494],[93.839,19.534],[93.786,19.571],[93.74,19.608],[93.761,19.658],[93.811,19.645],[93.804,19.692],[93.755,19.672],[93.706,19.697],[93.717,19.745],[93.767,19.758],[93.714,19.757],[93.693,19.711],[93.635,19.715],[93.651,19.774],[93.613,19.71],[93.597,19.762],[93.625,19.811],[93.641,19.862],[93.69,19.898],[93.736,19.885],[93.725,19.93],[93.653,19.913],[93.604,19.908],[93.547,19.889],[93.585,19.937],[93.537,19.925],[93.504,19.976],[93.458,19.946],[93.407,19.993],[93.377,20.058],[93.41,20.114],[93.375,20.057],[93.331,20.106],[93.306,20.196],[93.31,20.118],[93.322,20.072],[93.272,20.036],[93.215,20.047],[93.2,20.093],[93.129,20.084],[93.084,20.101],[93.079,20.163],[93.147,20.187],[93.081,20.186],[93.025,20.145],[92.999,20.22],[93.016,20.27],[93.038,20.331],[93.084,20.362],[93.087,20.411],[93.073,20.36],[93.033,20.412],[93.072,20.477],[93.085,20.529],[93.085,20.577],[93.074,20.523],[93.035,20.452],[93.023,20.387],[93.021,20.335],[92.984,20.26],[92.939,20.277],[92.953,20.224],[92.903,20.212],[92.911,20.162],[92.9,20.113],[92.837,20.142],[92.792,20.177],[92.783,20.243],[92.843,20.28],[92.787,20.276],[92.764,20.334],[92.768,20.394],[92.76,20.452],[92.735,20.514],[92.738,20.563],[92.73,20.61],[92.684,20.627],[92.652,20.686],[92.64,20.737],[92.592,20.72],[92.57,20.784],[92.557,20.842],[92.563,20.791],[92.558,20.733],[92.602,20.683],[92.651,20.661],[92.685,20.613],[92.718,20.566],[92.722,20.499],[92.748,20.432],[92.731,20.382],[92.732,20.307],[92.687,20.329],[92.67,20.376],[92.634,20.445],[92.59,20.492],[92.534,20.544],[92.514,20.6],[92.466,20.647],[92.392,20.688],[92.371,20.749],[92.355,20.807],[92.338,20.852],[92.32,20.907],[92.351,20.963],[92.305,20.988],[92.267,21.048],[92.258,20.989],[92.268,20.926],[92.301,20.876],[92.327,20.792],[92.337,20.747],[92.302,20.794],[92.255,20.873],[92.22,20.923],[92.197,20.978],[92.145,21.065],[92.089,21.13],[92.049,21.188],[92.046,21.285],[92.02,21.36],[91.951,21.449],[91.995,21.501],[92.05,21.519],[91.999,21.556],[92.021,21.607],[92.004,21.656],[91.981,21.542],[91.935,21.505],[91.903,21.552],[91.912,21.606],[91.892,21.662],[91.914,21.707],[91.946,21.754],[91.89,21.772],[91.915,21.842],[91.914,21.889],[91.905,21.94],[91.875,21.994],[91.877,22.047],[91.857,22.1],[91.852,22.147],[91.812,22.202],[91.839,22.263],[91.778,22.249],[91.769,22.3],[91.759,22.347],[91.747,22.414],[91.711,22.487],[91.672,22.545],[91.621,22.602],[91.538,22.672],[91.5,22.725],[91.447,22.764],[91.383,22.767],[91.317,22.745],[91.271,22.752],[91.189,22.719],[91.142,22.761],[91.094,22.751],[91.038,22.696],[91.054,22.601],[90.977,22.57],[90.909,22.608],[90.868,22.665],[90.821,22.685],[90.778,22.76],[90.723,22.768],[90.696,22.723],[90.7,22.674],[90.723,22.624],[90.769,22.616],[90.786,22.554],[90.86,22.495],[90.863,22.425],[90.85,22.37],[90.851,22.252],[90.835,22.192],[90.806,22.127],[90.77,22.079],[90.723,22.056],[90.677,22.018],[90.624,22.0],[90.65,22.068],[90.623,22.023],[90.61,22.082],[90.64,22.137],[90.622,22.19],[90.653,22.241],[90.675,22.294],[90.679,22.372],[90.668,22.427],[90.671,22.479],[90.65,22.53],[90.614,22.59],[90.567,22.603],[90.522,22.59],[90.574,22.541],[90.587,22.43],[90.613,22.364],[90.607,22.297],[90.571,22.252],[90.546,22.201],[90.497,22.174],[90.47,22.115],[90.421,22.095],[90.405,22.143],[90.433,22.193],[90.398,22.148],[90.38,22.087],[90.31,21.987],[90.277,21.888],[90.249,21.843],[90.194,21.803],[90.123,21.81],[90.094,21.865],[90.118,21.922],[90.144,21.97],[90.108,21.922],[90.078,21.865],[90.026,21.872],[90.029,21.952],[90.076,21.98],[90.099,22.054],[90.162,22.118],[90.211,22.115],[90.151,22.126],[90.092,22.068],[90.057,21.982],[90.006,22.0],[90.011,22.045],[90.03,22.117],[90.087,22.162],[90.038,22.187],[90.023,22.141],[90.023,22.091],[89.977,22.048],[89.985,21.991],[89.966,21.934],[89.935,22.001],[89.905,22.054],[89.91,22.111],[89.897,22.172],[89.877,22.225],[89.881,22.311],[89.912,22.363],[89.863,22.321],[89.842,22.269],[89.844,22.22],[89.884,22.131],[89.86,22.084],[89.855,22.036],[89.866,21.962],[89.876,21.896],[89.828,21.906],[89.843,21.857],[89.792,21.837],[89.746,21.856],[89.694,21.839],[89.677,21.898],[89.63,21.941],[89.579,21.939],[89.559,22.013],[89.579,22.064],[89.544,22.01],[89.535,22.063],[89.482,22.035],[89.491,21.988],[89.509,21.932],[89.455,21.905],[89.425,21.966],[89.45,21.917],[89.452,21.849],[89.468,21.8],[89.446,21.75],[89.392,21.716],[89.385,21.768],[89.365,21.828],[89.387,21.887],[89.368,21.946],[89.364,21.895],[89.315,21.86],[89.304,21.814],[89.291,21.767],[89.24,21.753],[89.19,21.785],[89.2,21.838],[89.156,21.791],[89.1,21.812],[89.101,21.872],[89.083,21.917],[89.095,21.979],[89.085,22.025],[89.054,22.075],[89.054,22.027],[89.072,21.942],[89.027,21.927],[89.02,21.975],[89.023,21.922],[89.032,21.863],[89.021,21.813],[89.023,21.766],[89.054,21.721],[89.1,21.651],[89.031,21.634],[88.985,21.609],[88.95,21.662],[88.903,21.648],[88.872,21.702],[88.882,21.747],[88.832,21.769],[88.843,21.71],[88.865,21.638],[88.817,21.624],[88.826,21.669],[88.775,21.663],[88.723,21.678],[88.7,21.734],[88.714,21.803],[88.708,21.853],[88.719,21.904],[88.727,21.975],[88.779,22.015],[88.757,22.07],[88.709,22.059],[88.736,22.012],[88.686,22.014],[88.656,22.064],[88.619,22.018],[88.601,21.965],[88.614,21.918],[88.576,21.857],[88.53,21.852],[88.512,21.904],[88.5,21.955],[88.482,21.906],[88.491,21.841],[88.466,21.791],[88.466,21.725],[88.473,21.677],[88.452,21.613],[88.42,21.687],[88.433,21.627],[88.386,21.607],[88.38,21.66],[88.404,21.709],[88.357,21.685],[88.306,21.714],[88.31,21.667],[88.29,21.607],[88.294,21.559],[88.247,21.561],[88.215,21.613],[88.233,21.667],[88.212,21.722],[88.217,21.772],[88.178,21.848],[88.176,21.916],[88.158,21.962],[88.211,22.029],[88.223,22.096],[88.209,22.149],[88.16,22.197],[88.074,22.207],[88.026,22.22],[88.087,22.185],[88.135,22.183],[88.173,22.132],[88.181,22.087],[88.131,22.054],[88.072,22.015],[88.025,21.962],[88.013,21.914],[87.981,21.865],[87.938,21.815],[87.893,21.793],[87.831,21.724],[87.777,21.69],[87.724,21.666],[87.657,21.646],[87.567,21.632],[87.505,21.617],[87.449,21.601],[87.393,21.577],[87.348,21.583],[87.28,21.556],[87.21,21.547],[87.15,21.525],[87.097,21.527],[87.076,21.473],[87.024,21.437],[86.95,21.371],[86.896,21.313],[86.862,21.256],[86.838,21.205],[86.83,21.159],[86.835,21.113],[86.854,21.066],[86.892,21.01],[86.913,20.952],[86.941,20.898],[86.954,20.853],[86.967,20.782],[86.896,20.793],[86.956,20.765],[87.011,20.738],[86.942,20.716],[87.008,20.701],[87.07,20.721],[86.966,20.654],[86.873,20.593],[86.797,20.54],[86.732,20.535],[86.746,20.469],[86.735,20.416],[86.785,20.386],[86.777,20.337],[86.729,20.315],[86.684,20.301],[86.751,20.31],[86.8,20.361],[86.733,20.295],[86.682,20.268],[86.606,20.228],[86.559,20.196],[86.512,20.175],[86.504,20.128],[86.44,20.057],[86.423,20.002],[86.375,19.977],[86.327,19.994],[86.373,19.959],[86.312,19.943],[86.26,19.915],[86.07,19.851],[86.008,19.838],[85.924,19.821],[85.851,19.802],[85.766,19.774],[85.658,19.735],[85.611,19.713],[85.675,19.744],[85.621,19.725],[85.558,19.7],[85.487,19.649],[85.429,19.627],[85.343,19.581],[85.238,19.512],[85.148,19.447],[85.1,19.406],[85.047,19.377],[85.008,19.332],[84.953,19.29],[84.907,19.263],[84.837,19.185],[84.795,19.116],[84.745,19.117],[84.791,19.115],[84.714,19.003],[84.609,18.888],[84.58,18.837],[84.558,18.79],[84.506,18.75],[84.455,18.69],[84.372,18.594],[84.322,18.55],[84.244,18.46],[84.165,18.386],[84.1,18.35],[84.089,18.289],[84.022,18.253],[83.952,18.214],[83.887,18.194],[83.814,18.155],[83.747,18.126],[83.68,18.087],[83.632,18.054],[83.587,18.019],[83.544,17.964],[83.469,17.914],[83.44,17.868],[83.417,17.822],[83.382,17.773],[83.344,17.722],[83.295,17.689],[83.258,17.641],[83.215,17.59],[83.166,17.563],[83.104,17.543],[83.027,17.51],[82.953,17.458],[82.882,17.425],[82.826,17.4],[82.731,17.355],[82.589,17.276],[82.512,17.226],[82.464,17.189],[82.412,17.143],[82.306,17.038],[82.285,16.99],[82.275,16.944],[82.256,16.897],[82.303,16.864],[82.352,16.85],[82.365,16.922],[82.337,16.979],[82.371,16.909],[82.355,16.782],[82.346,16.732],[82.325,16.672],[82.331,16.615],[82.285,16.573],[82.234,16.543],[82.032,16.44],[81.972,16.406],[81.877,16.38],[81.815,16.355],[81.76,16.325],[81.705,16.311],[81.652,16.331],[81.547,16.345],[81.477,16.353],[81.407,16.341],[81.317,16.309],[81.272,16.277],[81.225,16.222],[81.207,16.175],[81.191,16.092],[81.148,16.013],[81.139,15.967],[81.065,15.904],[81.024,15.857],[81.01,15.81],[81.031,15.761],[80.986,15.775],[80.957,15.72],[80.898,15.755],[80.832,15.701],[80.835,15.751],[80.785,15.808],[80.781,15.854],[80.811,15.78],[80.811,15.834],[80.756,15.871],[80.683,15.88],[80.632,15.885],[80.548,15.855],[80.48,15.83],[80.369,15.768],[80.311,15.716],[80.271,15.667],[80.245,15.619],[80.226,15.553],[80.206,15.506],[80.186,15.441],[80.129,15.376],[80.104,15.322],[80.083,15.263],[80.09,15.208],[80.063,15.144],[80.05,15.093],[80.054,15.011],[80.068,14.943],[80.089,14.878],[80.09,14.823],[80.108,14.758],[80.14,14.704],[80.167,14.625],[80.155,14.57],[80.183,14.522],[80.175,14.431],[80.175,14.376],[80.145,14.287],[80.11,14.241],[80.128,14.184],[80.133,14.106],[80.144,14.057],[80.165,14.002],[80.2,13.913],[80.232,13.847],[80.257,13.782],[80.238,13.722],[80.236,13.644],[80.273,13.557],[80.298,13.487],[80.316,13.439],[80.326,13.392],[80.322,13.443],[80.345,13.344],[80.346,13.283],[80.327,13.231],[80.315,13.168],[80.295,13.122],[80.287,13.065],[80.28,13.016],[80.257,12.919],[80.25,12.859],[80.249,12.803],[80.222,12.678],[80.2,12.624],[80.187,12.57],[80.165,12.511],[80.156,12.462],[80.115,12.402],[80.045,12.316],[80.015,12.264],[79.885,12.062],[79.855,12.001],[79.831,11.903],[79.806,11.824],[79.795,11.762],[79.783,11.71],[79.765,11.642],[79.756,11.578],[79.763,11.527],[79.786,11.479],[79.823,11.377],[79.775,11.386],[79.824,11.358],[79.837,11.295],[79.857,11.196],[79.86,11.098],[79.859,11.029],[79.853,10.949],[79.852,10.838],[79.85,10.744],[79.855,10.608],[79.862,10.526],[79.867,10.428],[79.87,10.359],[79.874,10.31],[79.826,10.274],[79.777,10.314],[79.729,10.325],[79.673,10.331],[79.625,10.343],[79.558,10.315],[79.606,10.343],[79.554,10.351],[79.507,10.343],[79.462,10.35],[79.511,10.319],[79.451,10.319],[79.393,10.32],[79.339,10.287],[79.294,10.26],[79.279,10.211],[79.242,10.157],[79.23,10.097],[79.268,10.04],[79.2,9.972],[79.155,9.917],[79.122,9.865],[79.08,9.81],[79.035,9.762],[78.995,9.712],[78.974,9.658],[78.931,9.587],[78.926,9.528],[78.905,9.467],[78.964,9.383],[78.999,9.333],[79.061,9.299],[79.127,9.287],[79.173,9.285],[79.121,9.268],[79.063,9.259],[79.004,9.27],[78.931,9.266],[78.883,9.255],[78.819,9.235],[78.757,9.212],[78.691,9.192],[78.608,9.144],[78.533,9.133],[78.487,9.124],[78.422,9.111],[78.372,9.077],[78.273,9.001],[78.222,8.969],[78.186,8.92],[78.166,8.838],[78.164,8.785],[78.16,8.73],[78.13,8.648],[78.133,8.601],[78.134,8.555],[78.131,8.495],[78.07,8.422],[78.07,8.374],[78.007,8.351],[77.957,8.315],[77.909,8.288],[77.857,8.256],[77.807,8.24],[77.779,8.195],[77.707,8.163],[77.653,8.159],[77.588,8.14],[77.56,8.092],[77.451,8.092],[77.337,8.126],[77.282,8.159],[77.222,8.195],[77.167,8.236],[77.092,8.291],[77.026,8.345],[76.972,8.388],[76.955,8.44],[76.885,8.506],[76.821,8.586],[76.746,8.682],[76.7,8.737],[76.65,8.808],[76.602,8.865],[76.547,8.898],[76.594,8.93],[76.645,8.951],[76.645,8.999],[76.597,8.981],[76.55,8.958],[76.513,9.024],[76.46,9.136],[76.453,9.184],[76.442,9.233],[76.441,9.187],[76.46,9.141],[76.412,9.248],[76.385,9.308],[76.357,9.365],[76.321,9.467],[76.305,9.558],[76.297,9.607],[76.284,9.744],[76.27,9.805],[76.256,9.878],[76.236,9.96],[76.284,9.948],[76.273,9.997],[76.22,9.999],[76.201,10.052],[76.18,10.108],[76.175,10.158],[76.14,10.257],[76.111,10.35],[76.086,10.412],[76.045,10.499],[76.062,10.545],[75.996,10.605],[75.969,10.665],[75.95,10.71],[75.929,10.758],[75.955,10.804],[75.899,10.841],[75.878,10.953],[75.864,11.007],[75.838,11.102],[75.805,11.155],[75.786,11.203],[75.764,11.275],[75.735,11.331],[75.719,11.39],[75.689,11.44],[75.636,11.461],[75.61,11.508],[75.597,11.554],[75.568,11.629],[75.532,11.702],[75.475,11.763],[75.433,11.81],[75.383,11.858],[75.337,11.894],[75.3,11.943],[75.281,11.995],[75.235,12.016],[75.168,12.077],[75.12,12.195],[75.082,12.297],[75.048,12.372],[75.005,12.437],[75.002,12.492],[74.958,12.541],[74.934,12.593],[74.918,12.638],[74.888,12.702],[74.855,12.782],[74.825,12.838],[74.821,12.884],[74.817,12.932],[74.775,13.07],[74.762,13.116],[74.751,13.173],[74.734,13.223],[74.719,13.28],[74.709,13.333],[74.695,13.405],[74.695,13.451],[74.678,13.568],[74.666,13.631],[74.722,13.633],[74.678,13.682],[74.669,13.636],[74.644,13.682],[74.625,13.785],[74.606,13.868],[74.585,13.921],[74.535,13.966],[74.503,14.023],[74.489,14.088],[74.477,14.137],[74.467,14.192],[74.427,14.277],[74.473,14.253],[74.424,14.301],[74.403,14.365],[74.394,14.412],[74.372,14.47],[74.369,14.525],[74.311,14.518],[74.293,14.586],[74.35,14.598],[74.297,14.6],[74.279,14.647],[74.265,14.701],[74.217,14.734],[74.163,14.749],[74.118,14.771],[74.123,14.83],[74.17,14.828],[74.118,14.848],[74.092,14.896],[74.046,14.912],[74.04,14.976],[73.992,15.018],[73.956,15.069],[73.937,15.114],[73.935,15.196],[73.921,15.253],[73.904,15.302],[73.878,15.367],[73.83,15.37],[73.785,15.408],[73.844,15.409],[73.789,15.459],[73.826,15.504],[73.778,15.489],[73.754,15.543],[73.736,15.607],[73.79,15.652],[73.743,15.622],[73.704,15.684],[73.707,15.734],[73.654,15.738],[73.655,15.787],[73.63,15.849],[73.59,15.907],[73.538,15.94],[73.51,15.989],[73.482,16.038],[73.46,16.086],[73.474,16.132],[73.439,16.194],[73.413,16.26],[73.394,16.311],[73.391,16.36],[73.41,16.407],[73.457,16.408],[73.408,16.415],[73.358,16.441],[73.332,16.486],[73.313,16.54],[73.365,16.514],[73.412,16.506],[73.362,16.524],[73.41,16.557],[73.364,16.555],[73.319,16.598],[73.373,16.629],[73.325,16.637],[73.332,16.682],[73.307,16.728],[73.31,16.786],[73.346,16.831],[73.301,16.81],[73.289,16.857],[73.28,16.902],[73.283,16.953],[73.332,16.945],[73.28,16.99],[73.257,17.048],[73.287,16.999],[73.293,17.05],[73.286,17.108],[73.265,17.156],[73.248,17.22],[73.223,17.268],[73.271,17.29],[73.221,17.327],[73.213,17.381],[73.192,17.43],[73.185,17.501],[73.14,17.557],[73.188,17.577],[73.138,17.61],[73.124,17.662],[73.137,17.713],[73.119,17.762],[73.093,17.808],[73.072,17.885],[73.092,17.94],[73.041,17.931],[73.042,17.978],[73.091,17.986],[73.042,17.992],[73.008,18.05],[72.993,18.097],[72.987,18.143],[72.983,18.191],[72.937,18.213],[72.941,18.261],[73.004,18.247],[73.058,18.227],[73.076,18.167],[73.081,18.216],[73.07,18.265],[73.083,18.312],[73.043,18.264],[72.994,18.273],[72.971,18.318],[72.921,18.348],[72.914,18.396],[72.903,18.448],[72.905,18.5],[72.958,18.539],[72.995,18.482],[72.968,18.54],[72.91,18.572],[72.885,18.626],[72.861,18.688],[72.864,18.743],[72.864,18.792],[72.917,18.793],[72.964,18.796],[72.987,18.741],[72.979,18.8],[72.984,18.853],[72.932,18.85],[72.909,18.897],[72.957,18.906],[72.97,18.951],[73.019,18.98],[73.067,19.003],[73.021,19.0],[72.995,19.052],[72.983,19.098],[72.984,19.15],[72.953,19.103],[72.961,19.052],[72.914,18.997],[72.866,19.006],[72.851,18.958],[72.832,18.909],[72.799,18.957],[72.817,19.023],[72.822,19.076],[72.818,19.122],[72.831,19.18],[72.797,19.129],[72.797,19.195],[72.828,19.243],[72.795,19.195],[72.784,19.249],[72.786,19.305],[72.857,19.315],[72.912,19.288],[72.858,19.339],[72.796,19.335],[72.762,19.388],[72.745,19.46],[72.798,19.496],[72.844,19.511],[72.78,19.504],[72.73,19.529],[72.719,19.582],[72.726,19.631],[72.711,19.69],[72.715,19.744],[72.692,19.792],[72.656,19.842],[72.682,19.897],[72.685,19.944],[72.733,19.958],[72.718,20.017],[72.708,20.072],[72.743,20.18],[72.741,20.242],[72.754,20.29],[72.777,20.336],[72.822,20.366],[72.83,20.414],[72.859,20.467],[72.886,20.53],[72.9,20.583],[72.9,20.632],[72.845,20.743],[72.901,20.74],[72.85,20.762],[72.85,20.808],[72.8,20.884],[72.814,20.931],[72.861,20.945],[72.808,20.954],[72.758,20.929],[72.734,20.998],[72.728,21.054],[72.782,21.043],[72.832,21.036],[72.81,21.083],[72.763,21.065],[72.715,21.08],[72.71,21.131],[72.776,21.165],[72.71,21.146],[72.662,21.136],[72.65,21.089],[72.622,21.137],[72.638,21.207],[72.69,21.204],[72.737,21.197],[72.683,21.223],[72.63,21.25],[72.639,21.298],[72.634,21.344],[72.686,21.355],[72.66,21.401],[72.697,21.46],[72.747,21.447],[72.698,21.47],[72.646,21.446],[72.675,21.496],[72.728,21.539],[72.77,21.592],[72.825,21.612],[72.829,21.66],[72.894,21.663],[72.823,21.669],[72.759,21.672],[72.699,21.685],[72.632,21.681],[72.557,21.66],[72.527,21.711],[72.561,21.757],[72.572,21.805],[72.597,21.85],[72.619,21.897],[72.652,21.947],[72.702,21.936],[72.748,21.964],[72.668,21.962],[72.62,21.953],[72.569,21.918],[72.522,21.904],[72.51,21.954],[72.526,22.0],[72.523,22.056],[72.535,22.107],[72.562,22.179],[72.616,22.216],[72.699,22.185],[72.761,22.174],[72.789,22.219],[72.834,22.257],[72.883,22.238],[72.869,22.285],[72.793,22.255],[72.748,22.231],[72.7,22.248],[72.646,22.28],[72.591,22.293],[72.535,22.29],[72.471,22.252],[72.431,22.205],[72.413,22.253],[72.397,22.302],[72.35,22.311],[72.333,22.265],[72.283,22.245],[72.293,22.192],[72.302,22.129],[72.28,22.082],[72.242,22.032],[72.191,22.019],[72.238,22.0],[72.24,21.943],[72.19,21.943],[72.245,21.919],[72.255,21.873],[72.25,21.81],[72.215,21.857],[72.166,21.81],[72.215,21.796],[72.225,21.747],[72.248,21.701],[72.303,21.645],[72.285,21.597],[72.265,21.538],[72.235,21.459],[72.172,21.386],[72.129,21.334],[72.112,21.287],[72.087,21.241],[72.088,21.191],[72.039,21.163],[71.989,21.137],[71.943,21.119],[71.898,21.113],[71.828,21.068],[71.782,21.065],[71.74,21.017],[71.68,21.003],[71.629,20.984],[71.582,20.958],[71.535,20.944],[71.582,20.988],[71.532,20.956],[71.484,20.915],[71.442,20.868],[71.392,20.874],[71.346,20.849],[71.254,20.812],[71.208,20.806],[71.16,20.777],[71.091,20.756],[71.038,20.735],[70.99,20.72],[70.94,20.705],[70.895,20.705],[70.843,20.705],[70.789,20.712],[70.701,20.739],[70.653,20.759],[70.598,20.778],[70.552,20.805],[70.495,20.827],[70.427,20.868],[70.374,20.902],[70.314,20.933],[70.262,20.97],[70.212,21.012],[70.156,21.055],[70.103,21.105],[70.003,21.201],[69.777,21.455],[69.715,21.527],[69.612,21.627],[69.538,21.672],[69.481,21.727],[69.391,21.805],[69.396,21.854],[69.335,21.848],[69.26,21.914],[69.212,21.963],[69.125,22.058],[69.052,22.133],[68.976,22.215],[68.941,22.287],[68.957,22.34],[68.977,22.402],[69.023,22.447],[69.068,22.479],[69.046,22.418],[69.093,22.393],[69.152,22.402],[69.198,22.4],[69.168,22.352],[69.177,22.284],[69.227,22.256],[69.283,22.27],[69.331,22.302],[69.387,22.32],[69.432,22.32],[69.48,22.332],[69.525,22.391],[69.575,22.37],[69.574,22.322],[69.622,22.365],[69.668,22.323],[69.655,22.379],[69.7,22.409],[69.713,22.461],[69.761,22.441],[69.808,22.398],[69.832,22.45],[69.878,22.45],[69.915,22.496],[69.961,22.503],[70.007,22.547],[70.063,22.552],[70.118,22.55],[70.163,22.552],[70.21,22.569],[70.212,22.615],[70.259,22.657],[70.264,22.705],[70.308,22.752],[70.324,22.798],[70.351,22.885],[70.407,22.922],[70.448,22.97],[70.397,22.981],[70.39,22.936],[70.333,22.928],[70.287,22.945],[70.235,22.979],[70.231,23.037],[70.225,22.985],[70.173,22.946],[70.122,22.96],[70.106,22.912],[70.04,22.912],[69.965,22.897],[69.912,22.886],[69.857,22.864],[69.81,22.854],[69.759,22.819],[69.714,22.799],[69.717,22.752],[69.664,22.754],[69.617,22.76],[69.561,22.773],[69.494,22.782],[69.405,22.805],[69.352,22.818],[69.362,22.881],[69.358,22.833],[69.303,22.831],[69.231,22.832],[69.181,22.855],[69.121,22.878],[69.082,22.929],[69.032,22.933],[69.014,22.983],[68.969,22.967],[68.923,22.991],[68.815,23.056],[68.757,23.08],[68.655,23.149],[68.713,23.125],[68.661,23.18],[68.607,23.2],[68.625,23.246],[68.628,23.293],[68.679,23.302],[68.631,23.313],[68.608,23.367],[68.559,23.392],[68.527,23.442],[68.502,23.489],[68.453,23.476],[68.484,23.527],[68.432,23.502],[68.428,23.558],[68.47,23.62],[68.516,23.675],[68.587,23.735],[68.633,23.772],[68.68,23.799],[68.73,23.83],[68.79,23.86],[68.721,23.851],[68.659,23.859],[68.613,23.821],[68.546,23.772],[68.501,23.757],[68.434,23.736],[68.446,23.792],[68.399,23.751],[68.414,23.692],[68.4,23.637],[68.369,23.59],[68.291,23.571],[68.27,23.619],[68.259,23.573],[68.207,23.579],[68.173,23.625],[68.222,23.645],[68.284,23.675],[68.327,23.722],[68.282,23.703],[68.227,23.688],[68.208,23.758],[68.207,23.806],[68.245,23.854],[68.278,23.918],[68.333,23.916],[68.348,23.963],[68.287,23.94],[68.231,23.893],[68.171,23.845],[68.112,23.854],[68.059,23.855],[68.05,23.904],[68.049,23.828],[68.046,23.778],[67.995,23.779],[67.947,23.779],[67.947,23.835],[67.888,23.857],[67.875,23.917],[67.91,23.962],[67.845,23.892],[67.844,23.839],[67.797,23.82],[67.749,23.829],[67.731,23.877],[67.721,23.832],[67.657,23.801],[67.644,23.867],[67.645,23.915],[67.63,23.867],[67.583,23.89],[67.53,23.888],[67.547,23.938],[67.493,23.908],[67.465,23.959],[67.519,23.974],[67.465,23.965],[67.465,24.011],[67.414,24.022],[67.467,24.052],[67.421,24.079],[67.374,24.084],[67.343,24.145],[67.393,24.125],[67.336,24.168],[67.305,24.223],[67.359,24.225],[67.292,24.264],[67.315,24.31],[67.382,24.33],[67.37,24.383],[67.308,24.355],[67.312,24.404],[67.365,24.406],[67.319,24.421],[67.33,24.469],[67.279,24.416],[67.255,24.471],[67.26,24.522],[67.191,24.568],[67.275,24.58],[67.306,24.632],[67.257,24.593],[67.209,24.622],[67.158,24.631],[67.185,24.679],[67.231,24.673],[67.185,24.682],[67.235,24.704],[67.282,24.735],[67.236,24.708],[67.28,24.762],[67.228,24.776],[67.172,24.75],[67.224,24.785],[67.168,24.78],[67.12,24.777],[67.059,24.77],[66.99,24.811],[66.942,24.837],[66.982,24.791],[66.901,24.844],[66.847,24.86],[66.782,24.844],[66.733,24.84],[66.669,24.823],[66.683,24.88],[66.678,24.938],[66.7,24.997],[66.713,25.043],[66.718,25.099],[66.745,25.151],[66.729,25.217],[66.679,25.267],[66.612,25.321],[66.566,25.347],[66.609,25.395],[66.558,25.452],[66.553,25.518],[66.506,25.523],[66.453,25.563],[66.457,25.618],[66.411,25.587],[66.365,25.605],[66.306,25.597],[66.254,25.595],[66.194,25.583],[66.147,25.533],[66.105,25.485],[66.174,25.48],[66.219,25.499],[66.274,25.533],[66.328,25.538],[66.38,25.521],[66.43,25.478],[66.478,25.497],[66.465,25.447],[66.512,25.429],[66.452,25.425],[66.375,25.455],[66.287,25.469],[66.131,25.45],[66.035,25.425],[65.973,25.414],[65.9,25.41],[65.851,25.415],[65.799,25.396],[65.753,25.379],[65.702,25.362],[65.643,25.35],[65.582,25.36],[65.51,25.37],[65.451,25.382],[65.403,25.376],[65.356,25.385],[65.308,25.38],[65.251,25.376],[65.226,25.317],[65.18,25.308],[65.112,25.304],[65.052,25.316],[64.989,25.32],[64.852,25.327],[64.806,25.322],[64.734,25.317],[64.679,25.301],[64.638,25.229],[64.698,25.191],[64.644,25.171],[64.59,25.155],[64.61,25.204],[64.555,25.27],[64.508,25.267],[64.427,25.235],[64.348,25.27],[64.292,25.289],[64.235,25.3],[64.157,25.327],[64.109,25.331],[64.077,25.386],[64.131,25.388],[64.177,25.392],[64.202,25.437],[64.152,25.475],[64.097,25.484],[64.034,25.464],[63.984,25.467],[63.964,25.419],[64.012,25.395],[64.068,25.365],[64.019,25.33],[63.876,25.341],[63.82,25.36],[63.768,25.37],[63.667,25.38],[63.599,25.367],[63.522,25.338],[63.483,25.283],[63.489,25.23],[63.342,25.226],[63.252,25.236],[63.205,25.249],[63.158,25.248],[63.101,25.254],[63.041,25.22],[62.987,25.216],[62.91,25.235],[62.811,25.252],[62.759,25.249],[62.698,25.26],[62.609,25.27],[62.541,25.267],[62.481,25.256],[62.417,25.21],[62.371,25.189],[62.333,25.14],[62.391,25.104],[62.345,25.094],[62.3,25.098],[62.321,25.149],[62.275,25.203],[62.207,25.217],[62.123,25.205],[62.077,25.186],[62.078,25.136],[61.977,25.104],[61.927,25.103],[61.878,25.09],[61.857,25.028],[61.802,25.017],[61.757,25.007],[61.74,25.063],[61.76,25.111],[61.784,25.158],[61.735,25.146],[61.668,25.162],[61.574,25.181],[61.577,25.234],[61.563,25.185],[61.507,25.193],[61.487,25.141],[61.45,25.095],[61.401,25.069],[61.333,25.083],[61.232,25.113],[61.185,25.123],[61.062,25.2],[61.01,25.21],[60.887,25.236],[60.838,25.25],[60.786,25.261],[60.717,25.275],[60.664,25.277],[60.613,25.285],[60.614,25.333],[60.606,25.392],[60.54,25.441],[60.48,25.438],[60.434,25.416],[60.403,25.354],[60.453,25.331],[60.396,25.317],[60.319,25.331],[60.3,25.382],[60.221,25.38],[60.212,25.332],[60.157,25.337],[60.108,25.353],[60.025,25.38],[59.927,25.365],[59.872,25.358],[59.816,25.404],[59.704,25.4],[59.637,25.39],[59.583,25.395],[59.528,25.426],[59.459,25.472],[59.401,25.463],[59.36,25.51],[59.39,25.464],[59.301,25.451],[59.253,25.447],[59.266,25.495],[59.219,25.496],[59.171,25.5],[59.135,25.447],[59.207,25.445],[59.111,25.404],[59.045,25.41],[58.979,25.446],[58.94,25.492],[58.883,25.531],[58.838,25.539],[58.762,25.575],[58.706,25.564],[58.628,25.584],[58.554,25.597],[58.504,25.602],[58.459,25.608],[58.393,25.596],[58.342,25.625],[58.293,25.602],[58.247,25.599],[58.2,25.575],[58.154,25.574],[58.1,25.569],[58.041,25.592],[57.991,25.652],[57.947,25.7],[57.889,25.693],[57.809,25.655],[57.762,25.634],[57.777,25.688],[57.825,25.686],[57.769,25.727],[57.678,25.744],[57.632,25.751],[57.583,25.744],[57.53,25.742],[57.478,25.77],[57.432,25.77],[57.376,25.778],[57.315,25.783],[57.287,25.887],[57.276,25.933],[57.24,25.989],[57.199,26.039],[57.186,26.087],[57.22,26.142],[57.199,26.187],[57.149,26.234],[57.121,26.289],[57.122,26.34],[57.076,26.382],[57.069,26.434],[57.068,26.493],[57.085,26.567],[57.078,26.623],[57.065,26.687],[57.028,26.777],[57.0,26.848],[56.955,26.894],[56.915,26.961],[56.965,26.968],[56.966,27.015],[56.92,27.012],[56.87,27.021],[56.849,27.069],[56.863,27.115],[56.817,27.112],[56.77,27.14],[56.723,27.153],[56.675,27.145],[56.68,27.2],[56.633,27.166],[56.587,27.166],[56.541,27.17],[56.467,27.165],[56.42,27.169],[56.372,27.19],[56.319,27.186],[56.27,27.176],[56.225,27.152],[56.141,27.154],[56.095,27.123],[56.047,27.103],[55.998,27.077],[55.956,27.032],[55.893,27.02],[55.845,27.005],[55.797,26.997],[55.747,26.971],[55.693,26.986],[55.641,26.98],[55.574,26.924],[55.576,26.874],[55.56,26.828],[55.521,26.783],[55.463,26.75],[55.411,26.756],[55.333,26.788],[55.255,26.784],[55.216,26.731],[55.159,26.72],[55.114,26.701],[55.064,26.646],[55.015,26.63],[54.932,26.582],[54.864,26.536],[54.817,26.52],[54.76,26.509],[54.675,26.513],[54.62,26.5],[54.584,26.566],[54.527,26.599],[54.469,26.586],[54.412,26.591],[54.362,26.653],[54.312,26.709],[54.253,26.721],[54.193,26.704],[54.143,26.717],[54.089,26.722],[54.041,26.748],[53.99,26.755],[53.931,26.72],[53.884,26.719],[53.835,26.708],[53.765,26.723],[53.711,26.718],[53.602,26.774],[53.507,26.836],[53.487,26.888],[53.486,26.937],[53.433,26.988],[53.372,26.993],[53.292,27.025],[53.226,27.047],[53.164,27.075],[53.108,27.093],[53.057,27.102],[52.981,27.131],[52.935,27.154],[52.83,27.204],[52.785,27.25],[52.734,27.274],[52.68,27.31],[52.634,27.347],[52.587,27.371],[52.64,27.405],[52.673,27.451],[52.616,27.462],[52.567,27.524],[52.502,27.6],[52.454,27.624],[52.387,27.65],[52.307,27.667],[52.249,27.687],[52.199,27.702],[52.153,27.742],[52.1,27.786],[52.048,27.838],[51.994,27.847],[51.931,27.831],[51.868,27.839],[51.82,27.844],[51.768,27.838],[51.717,27.827],[51.664,27.842],[51.615,27.849],[51.551,27.889],[51.501,27.88],[51.465,27.928],[51.417,27.921],[51.386,27.98],[51.368,28.025],[51.336,28.074],[51.333,28.028],[51.286,28.1],[51.27,28.147],[51.29,28.201],[51.25,28.274],[51.205,28.322],[51.144,28.403],[51.105,28.487],[51.087,28.546],[51.08,28.613],[51.075,28.667],[51.06,28.726],[51.03,28.773],[51.018,28.824],[50.969,28.855],[50.888,28.824],[50.836,28.884],[50.811,28.949],[50.832,28.996],[50.88,28.948],[50.928,28.961],[50.922,29.01],[50.923,29.068],[50.869,29.107],[50.822,29.136],[50.777,29.131],[50.728,29.124],[50.679,29.118],[50.647,29.167],[50.663,29.213],[50.683,29.261],[50.689,29.308],[50.664,29.356],[50.659,29.421],[50.626,29.484],[50.575,29.523],[50.598,29.478],[50.55,29.518],[50.501,29.583],[50.458,29.631],[50.368,29.691],[50.319,29.748],[50.257,29.836],[50.207,29.882],[50.15,29.932],[50.143,29.979],[50.16,30.037],[50.141,30.083],[50.12,30.134],[50.068,30.197],[49.989,30.215],[49.941,30.208],[49.884,30.185],[49.816,30.139],[49.743,30.099],[49.648,30.045],[49.598,30.012],[49.527,30.034],[49.512,30.124],[49.453,30.162],[49.402,30.154],[49.354,30.155],[49.307,30.147],[49.26,30.135],[49.252,30.186],[49.242,30.252],[49.195,30.232],[49.136,30.249],[49.063,30.275],[49.017,30.294],[49.005,30.34],[48.953,30.361],[49.003,30.38],[49.05,30.385],[49.102,30.39],[49.15,30.361],[49.199,30.345],[49.226,30.392],[49.273,30.435],[49.222,30.468],[49.17,30.458],[49.164,30.505],[49.119,30.46],[49.072,30.421],[49.07,30.468],[49.069,30.515],[49.016,30.504],[48.965,30.493],[48.916,30.49],[48.971,30.459],[49.027,30.456],[49.018,30.402],[48.964,30.414],[48.915,30.403],[48.875,30.353],[48.828,30.337],[48.875,30.279],[48.927,30.242],[48.947,30.187],[48.939,30.129],[48.935,30.073],[48.914,30.021],[48.868,30.042],[48.792,30.024],[48.735,30.032],[48.684,30.042],[48.66,29.967],[48.608,29.951],[48.56,29.962],[48.514,29.975],[48.468,29.995],[48.546,29.949],[48.47,29.915],[48.417,29.925],[48.313,29.972],[48.231,30.025],[48.163,30.04],[48.092,30.043],[48.038,30.026],[47.981,30.002],[47.962,30.048],[47.963,30.001],[48.014,29.987],[48.01,29.933],[48.011,29.872],[48.043,29.796],[48.082,29.744],[48.108,29.698],[48.145,29.626],[48.18,29.566],[48.165,29.516],[48.096,29.564],[48.032,29.578],[47.971,29.575],[47.908,29.544],[47.851,29.509],[47.804,29.465],[47.757,29.411],[47.704,29.378],[47.749,29.376],[47.797,29.372],[47.847,29.388],[47.825,29.33],[47.885,29.325],[47.934,29.359],[47.992,29.393],[48.052,29.341],[48.1,29.353],[48.091,29.266],[48.125,29.173],[48.139,29.122],[48.15,29.071],[48.16,29.017],[48.182,28.962],[48.215,28.914],[48.282,28.884],[48.28,28.814],[48.312,28.765],[48.371,28.742],[48.382,28.684],[48.395,28.628],[48.404,28.572],[48.462,28.51],[48.503,28.464],[48.525,28.417],[48.52,28.368],[48.528,28.307],[48.574,28.258],[48.627,28.208],[48.61,28.157],[48.657,28.121],[48.64,28.063],[48.69,28.019],[48.762,28.006],[48.747,27.949],[48.795,27.9],[48.842,27.859],[48.886,27.813],[48.889,27.765],[48.842,27.719],[48.855,27.766],[48.853,27.812],[48.83,27.766],[48.828,27.821],[48.807,27.769],[48.79,27.718],[48.841,27.689],[48.872,27.635],[48.896,27.587],[48.966,27.62],[49.026,27.57],[49.073,27.557],[49.137,27.535],[49.206,27.541],[49.252,27.524],[49.304,27.472],[49.312,27.426],[49.257,27.433],[49.209,27.439],[49.156,27.428],[49.204,27.377],[49.252,27.405],[49.249,27.36],[49.218,27.307],[49.267,27.33],[49.321,27.319],[49.325,27.261],[49.316,27.212],[49.348,27.147],[49.372,27.194],[49.401,27.142],[49.446,27.146],[49.5,27.121],[49.522,27.184],[49.57,27.167],[49.577,27.102],[49.615,27.055],[49.669,27.012],[49.697,26.96],[49.744,26.927],[49.807,26.892],[49.865,26.866],[49.943,26.855],[49.992,26.825],[50.037,26.772],[50.073,26.726],[50.123,26.689],[50.165,26.637],[50.122,26.682],[50.066,26.69],[50.02,26.702],[50.003,26.752],[49.986,26.692],[50.013,26.638],[50.01,26.589],[50.027,26.526],[50.057,26.471],[50.103,26.453],[50.151,26.425],[50.193,26.477],[50.168,26.422],[50.223,26.365],[50.223,26.297],[50.223,26.224],[50.192,26.151],[50.171,26.201],[50.165,26.147],[50.162,26.092],[50.16,26.04],[50.105,26.111],[50.07,26.156],[50.024,26.193],[50.01,26.147],[49.995,26.099],[50.002,26.043],[50.003,25.987],[50.065,26.002],[50.12,25.965],[50.107,25.918],[50.12,25.863],[50.149,25.816],[50.18,25.766],[50.229,25.728],[50.248,25.682],[50.263,25.637],[50.235,25.685],[50.184,25.709],[50.137,25.743],[50.157,25.697],[50.204,25.689],[50.212,25.642],[50.256,25.592],[50.307,25.548],[50.335,25.496],[50.382,25.45],[50.36,25.502],[50.407,25.47],[50.492,25.407],[50.509,25.357],[50.531,25.304],[50.52,25.253],[50.553,25.199],[50.558,25.15],[50.56,25.085],[50.574,25.035],[50.621,25.02],[50.659,24.966],[50.673,24.906],[50.729,24.867],[50.747,24.814],[50.75,24.762],[50.771,24.714],[50.859,24.761],[50.857,24.817],[50.859,24.868],[50.851,24.915],[50.803,24.969],[50.797,25.015],[50.806,25.067],[50.775,25.162],[50.769,25.208],[50.763,25.256],[50.77,25.304],[50.761,25.351],[50.755,25.402],[50.77,25.489],[50.823,25.494],[50.825,25.543],[50.827,25.592],[50.846,25.637],[50.862,25.587],[50.875,25.527],[50.883,25.479],[50.915,25.527],[50.915,25.575],[50.968,25.597],[50.916,25.633],[50.9,25.68],[50.903,25.729],[50.907,25.778],[50.96,25.788],[50.959,25.842],[50.98,25.893],[50.994,25.957],[51.035,26.011],[51.072,26.059],[51.118,26.075],[51.181,26.128],[51.232,26.145],[51.278,26.143],[51.361,26.103],[51.361,26.05],[51.4,25.973],[51.457,25.949],[51.514,25.952],[51.562,25.924],[51.585,25.856],[51.597,25.802],[51.583,25.853],[51.592,25.807],[51.554,25.761],[51.575,25.715],[51.506,25.693],[51.537,25.648],[51.494,25.602],[51.489,25.546],[51.492,25.493],[51.524,25.442],[51.527,25.391],[51.516,25.327],[51.564,25.292],[51.61,25.277],[51.604,25.228],[51.624,25.181],[51.619,25.099],[51.618,25.036],[51.612,24.982],[51.575,24.928],[51.536,24.872],[51.492,24.814],[51.482,24.761],[51.435,24.655],[51.384,24.635],[51.376,24.587],[51.33,24.593],[51.355,24.643],[51.306,24.635],[51.258,24.646],[51.298,24.594],[51.303,24.538],[51.35,24.536],[51.386,24.586],[51.433,24.618],[51.48,24.596],[51.445,24.546],[51.412,24.497],[51.363,24.463],[51.306,24.353],[51.298,24.294],[51.348,24.288],[51.393,24.323],[51.438,24.322],[51.486,24.307],[51.529,24.258],[51.593,24.253],[51.6,24.299],[51.593,24.353],[51.639,24.315],[51.63,24.259],[51.638,24.212],[51.667,24.263],[51.694,24.217],[51.735,24.276],[51.782,24.264],[51.775,24.214],[51.77,24.165],[51.78,24.119],[51.78,24.048],[51.815,24.001],[51.877,23.977],[51.927,23.959],[51.977,23.978],[52.023,23.978],[52.069,23.957],[52.105,23.911],[52.108,23.959],[52.204,23.957],[52.288,23.976],[52.366,24.037],[52.42,24.054],[52.452,24.1],[52.499,24.104],[52.55,24.125],[52.571,24.176],[52.633,24.179],[52.667,24.125],[52.727,24.139],[52.801,24.13],[52.86,24.128],[52.917,24.143],[52.968,24.143],[53.019,24.135],[53.105,24.135],[53.155,24.161],[53.201,24.14],[53.239,24.093],[53.285,24.085],[53.331,24.106],[53.406,24.106],[53.461,24.116],[53.514,24.086],[53.567,24.061],[53.664,24.045],[53.731,24.054],[53.807,24.047],[53.861,24.056],[53.906,24.067],[53.97,24.087],[54.022,24.099],[54.082,24.12],[54.144,24.151],[54.208,24.195],[54.157,24.236],[54.11,24.226],[54.097,24.272],[54.144,24.323],[54.186,24.263],[54.167,24.316],[54.22,24.35],[54.274,24.302],[54.302,24.255],[54.251,24.264],[54.242,24.213],[54.295,24.227],[54.35,24.249],[54.397,24.254],[54.457,24.281],[54.46,24.328],[54.48,24.38],[54.38,24.419],[54.33,24.447],[54.379,24.511],[54.412,24.463],[54.464,24.43],[54.512,24.438],[54.562,24.451],[54.564,24.496],[54.612,24.526],[54.633,24.576],[54.66,24.628],[54.669,24.684],[54.661,24.735],[54.709,24.81],[54.755,24.781],[54.762,24.834],[54.813,24.855],[54.862,24.893],[54.917,24.926],[54.976,24.962],[55.03,24.989],[55.15,25.092],[55.216,25.171],[55.267,25.237],[55.328,25.3],[55.371,25.355],[55.421,25.392],[55.471,25.393],[55.479,25.441],[55.516,25.509],[55.556,25.582],[55.538,25.527],[55.627,25.536],[55.646,25.582],[55.696,25.62],[55.761,25.67],[55.812,25.708],[55.872,25.724],[55.952,25.805],[55.996,25.854],[56.05,25.966],[56.078,26.011],[56.091,26.068],[56.142,26.144],[56.178,26.2],[56.207,26.251],[56.222,26.194],[56.272,26.213],[56.32,26.189],[56.379,26.207],[56.311,26.196],[56.314,26.243],[56.362,26.251],[56.322,26.299],[56.369,26.35],[56.416,26.359],[56.467,26.322],[56.52,26.323],[56.466,26.316],[56.419,26.291],[56.412,26.243],[56.46,26.233],[56.487,26.187],[56.441,26.191],[56.475,26.141],[56.427,26.13],[56.417,26.18],[56.366,26.194],[56.335,26.147],[56.337,26.102],[56.389,26.088],[56.435,26.089],[56.439,26.039],[56.391,26.038],[56.431,25.986],[56.433,25.934],[56.4,25.881],[56.374,25.833],[56.353,25.785],[56.306,25.73],[56.281,25.677],[56.266,25.631],[56.329,25.6],[56.353,25.546],[56.358,25.487],[56.358,25.432],[56.358,25.375],[56.38,25.322],[56.373,25.277],[56.36,25.208],[56.36,25.156],[56.362,25.085],[56.367,25.038],[56.385,24.946],[56.414,24.865],[56.439,24.818],[56.461,24.759],[56.477,24.712],[56.522,24.632],[56.578,24.546],[56.624,24.482],[56.677,24.433],[56.744,24.367],[56.789,24.312],[56.859,24.217],[56.904,24.157],[56.949,24.109],[56.995,24.071],[57.066,24.021],[57.14,23.955],[57.232,23.911],[57.307,23.886],[57.358,23.87],[57.485,23.836],[57.592,23.793],[57.667,23.772],[57.737,23.765],[57.792,23.779],[57.833,23.729],[57.908,23.706],[57.96,23.705],[58.018,23.711],[58.068,23.711],[58.132,23.702],[58.198,23.676],[58.247,23.636],[58.298,23.613],[58.405,23.603],[58.469,23.619],[58.522,23.629],[58.57,23.627],[58.605,23.579],[58.652,23.548],[58.704,23.533],[58.753,23.522],[58.78,23.475],[58.782,23.427],[58.832,23.373],[58.893,23.325],[58.918,23.278],[58.958,23.231],[58.99,23.171],[59.02,23.111],[59.063,23.052],[59.114,23.007],[59.184,22.97],[59.218,22.915],[59.235,22.867],[59.265,22.811],[59.29,22.762],[59.335,22.748],[59.378,22.701],[59.425,22.652],[59.484,22.599],[59.533,22.567],[59.65,22.557],[59.729,22.534],[59.787,22.536],[59.817,22.487],[59.838,22.421],[59.818,22.371],[59.825,22.32],[59.808,22.22],[59.752,22.155],[59.713,22.108],[59.67,22.043],[59.658,21.982],[59.647,21.931],[59.577,21.864],[59.547,21.811],[59.495,21.756],[59.487,21.702],[59.459,21.638],[59.425,21.591],[59.383,21.524],[59.345,21.463],[59.279,21.395],[59.195,21.363],[59.141,21.32],[59.061,21.264],[59.011,21.22],[58.969,21.166],[58.911,21.118],[58.86,21.063],[58.807,20.992],[58.802,20.93],[58.748,20.867],[58.703,20.82],[58.664,20.775],[58.711,20.75],[58.663,20.721],[58.632,20.675],[58.587,20.628],[58.565,20.55],[58.538,20.505],[58.531,20.454],[58.512,20.405],[58.465,20.372],[58.405,20.346],[58.36,20.371],[58.282,20.361],[58.232,20.385],[58.205,20.432],[58.242,20.503],[58.263,20.563],[58.217,20.606],[58.152,20.589],[58.086,20.557],[58.07,20.507],[58.065,20.461],[58.007,20.437],[57.944,20.393],[57.974,20.344],[57.917,20.293],[57.845,20.238],[57.817,20.168],[57.839,20.123],[57.823,20.057],[57.811,20.0],[57.79,19.951],[57.77,19.899],[57.753,19.842],[57.734,19.797],[57.688,19.746],[57.677,19.682],[57.723,19.661],[57.715,19.602],[57.697,19.529],[57.726,19.47],[57.76,19.405],[57.746,19.331],[57.741,19.249],[57.767,19.176],[57.796,19.121],[57.796,19.075],[57.82,19.021],[57.806,18.97],[57.743,18.964],[57.686,18.937],[57.621,18.937],[57.506,18.94],[57.378,18.932],[57.288,18.92],[57.128,18.879],[57.034,18.856],[56.943,18.817],[56.874,18.794],[56.798,18.746],[56.668,18.602],[56.627,18.531],[56.648,18.578],[56.628,18.527],[56.635,18.449],[56.61,18.397],[56.61,18.337],[56.59,18.282],[56.56,18.231],[56.545,18.177],[56.55,18.125],[56.486,18.084],[56.435,18.048],[56.405,17.995],[56.357,17.963],[56.322,17.916],[56.276,17.931],[56.178,17.939],[56.113,17.924],[56.031,17.928],[55.985,17.928],[55.932,17.901],[55.878,17.891],[55.806,17.9],[55.736,17.9],[55.629,17.886],[55.538,17.865],[55.491,17.848],[55.428,17.818],[55.418,17.771],[55.382,17.706],[55.341,17.658],[55.265,17.602],[55.234,17.551],[55.23,17.498],[55.247,17.451],[55.297,17.407],[55.295,17.358],[55.263,17.297],[55.255,17.248],[55.228,17.199],[55.195,17.142],[55.143,17.127],[55.108,17.078],[55.062,17.035],[55.017,17.017],[54.972,16.995],[54.926,16.982],[54.878,16.966],[54.83,16.961],[54.784,16.954],[54.733,16.955],[54.684,16.979],[54.625,17.028],[54.526,17.034],[54.458,17.032],[54.409,17.031],[54.314,17.03],[54.05,16.99],[53.999,16.965],[53.979,16.914],[53.921,16.899],[53.837,16.884],[53.788,16.88],[53.735,16.845],[53.684,16.813],[53.625,16.765],[53.562,16.751],[53.507,16.761],[53.45,16.753],[53.39,16.738],[53.335,16.729],[53.266,16.711],[53.191,16.689],[53.129,16.661],[52.948,16.613],[52.896,16.591],[52.843,16.572],[52.757,16.538],[52.698,16.511],[52.565,16.466],[52.483,16.44],[52.42,16.403],[52.365,16.359],[52.27,16.248],[52.239,16.196],[52.206,16.141],[52.2,16.091],[52.162,16.012],[52.153,15.946],[52.164,15.861],[52.205,15.802],[52.2,15.749],[52.215,15.678],[52.226,15.632],[52.073,15.574],[51.948,15.529],[51.871,15.496],[51.861,15.448],[51.745,15.439],[51.687,15.415],[51.641,15.368],[51.507,15.305],[51.46,15.276],[51.41,15.256],[51.346,15.23],[51.281,15.215],[51.222,15.19],[51.132,15.167],[51.072,15.157],[51.004,15.142],[50.919,15.114],[50.818,15.087],[50.722,15.067],[50.672,15.06],[50.615,15.055],[50.568,15.042],[50.505,15.026],[50.419,14.99],[50.343,14.933],[50.296,14.919],[50.196,14.866],[50.15,14.839],[50.068,14.828],[50.021,14.835],[49.967,14.844],[49.871,14.818],[49.822,14.802],[49.757,14.78],[49.683,14.768],[49.617,14.751],[49.542,14.72],[49.487,14.691],[49.419,14.664],[49.364,14.647],[49.253,14.59],[49.181,14.547],[49.136,14.528],[49.074,14.502],[49.03,14.45],[49.001,14.402],[48.99,14.352],[48.951,14.302],[48.917,14.255],[48.871,14.226],[48.837,14.16],[48.781,14.123],[48.735,14.068],[48.673,14.036],[48.606,14.041],[48.543,14.035],[48.494,14.001],[48.434,14.02],[48.385,14.008],[48.337,14.02],[48.291,13.982],[48.239,13.981],[48.193,13.973],[48.128,14.025],[48.074,14.044],[48.0,14.051],[47.952,14.038],[47.9,14.001],[47.808,13.929],[47.716,13.91],[47.652,13.87],[47.596,13.814],[47.459,13.697],[47.391,13.649],[47.331,13.639],[47.229,13.602],[47.169,13.593],[47.108,13.578],[47.048,13.563],[46.929,13.537],[46.848,13.49],[46.695,13.426],[46.65,13.433],[46.558,13.427],[46.473,13.412],[46.428,13.415],[46.378,13.412],[46.31,13.423],[46.256,13.43],[46.163,13.417],[46.088,13.41],[46.039,13.417],[45.993,13.414],[45.938,13.405],[45.882,13.391],[45.801,13.379],[45.738,13.364],[45.681,13.352],[45.632,13.329],[45.55,13.253],[45.493,13.186],[45.458,13.129],[45.385,13.056],[45.302,13.04],[45.248,13.028],[45.174,13.002],[45.111,12.953],[45.06,12.857],[45.041,12.789],[44.988,12.763],[45.023,12.822],[44.977,12.828],[44.915,12.815],[44.895,12.769],[44.844,12.777],[44.914,12.766],[44.866,12.73],[44.817,12.766],[44.757,12.763],[44.696,12.795],[44.621,12.815],[44.562,12.808],[44.479,12.744],[44.422,12.668],[44.364,12.669],[44.318,12.642],[44.253,12.625],[44.192,12.618],[44.143,12.623],[44.19,12.621],[44.142,12.648],[44.076,12.618],[44.01,12.601],[43.962,12.594],[43.916,12.61],[43.878,12.656],[43.814,12.68],[43.768,12.694],[43.704,12.715],[43.657,12.725],[43.6,12.749],[43.526,12.681],[43.48,12.678],[43.466,12.724],[43.476,12.772],[43.495,12.817],[43.459,12.866],[43.425,12.932],[43.402,12.978],[43.365,13.047],[43.293,13.145],[43.256,13.212],[43.243,13.257],[43.244,13.322],[43.25,13.402],[43.26,13.452],[43.262,13.517],[43.281,13.573],[43.282,13.619],[43.286,13.688],[43.255,13.769],[43.232,13.821],[43.234,13.869],[43.201,13.916],[43.155,13.972],[43.126,14.029],[43.111,14.076],[43.09,14.122],[43.079,14.18],[43.071,14.237],[43.038,14.298],[43.02,14.369],[42.995,14.439],[42.972,14.488],[43.013,14.438],[43.018,14.488],[43.017,14.534],[43.003,14.584],[42.985,14.633],[42.978,14.68],[42.959,14.725],[42.95,14.784],[42.882,14.857],[42.87,14.917],[42.889,14.859],[42.934,14.81],[42.947,14.862],[42.947,14.922],[42.915,14.985],[42.872,15.033],[42.863,15.081],[42.861,15.129],[42.786,15.189],[42.706,15.214],[42.648,15.182],[42.599,15.231],[42.664,15.236],[42.676,15.291],[42.689,15.358],[42.685,15.299],[42.731,15.274],[42.775,15.223],[42.81,15.278],[42.799,15.359],[42.779,15.415],[42.775,15.466],[42.753,15.522],[42.697,15.561],[42.705,15.618],[42.696,15.667],[42.692,15.715],[42.739,15.759],[42.76,15.811],[42.798,15.858],[42.818,15.917],[42.822,15.963],[42.835,16.027],[42.835,16.078],[42.82,16.138],[42.825,16.186],[42.801,16.239],[42.794,16.286],[42.784,16.355],[42.77,16.411],[42.774,16.472],[42.729,16.519],[42.71,16.572],[42.721,16.622],[42.725,16.673],[42.702,16.722],[42.673,16.777],[42.618,16.833],[42.572,16.845],[42.537,16.891],[42.548,16.943],[42.546,16.998],[42.486,17.048],[42.44,17.07],[42.412,17.125],[42.369,17.184],[42.387,17.132],[42.375,17.082],[42.376,17.036],[42.36,17.147],[42.341,17.199],[42.329,17.246],[42.334,17.293],[42.319,17.355],[42.32,17.43],[42.267,17.477],[42.217,17.527],[42.148,17.572],[42.104,17.637],[42.051,17.664],[42.002,17.704],[41.951,17.745],[41.897,17.78],[41.832,17.819],[41.781,17.85],[41.713,17.92],[41.668,17.964],[41.669,18.012],[41.62,18.063],[41.582,18.134],[41.555,18.183],[41.53,18.229],[41.515,18.277],[41.472,18.323],[41.443,18.397],[41.447,18.445],[41.424,18.5],[41.365,18.559],[41.32,18.581],[41.273,18.595],[41.247,18.652],[41.207,18.707],[41.216,18.758],[41.235,18.804],[41.233,18.855],[41.184,18.863],[41.155,18.909],[41.128,18.956],[41.15,19.002],[41.167,19.048],[41.147,19.096],[41.099,19.102],[41.06,19.149],[41.04,19.196],[41.047,19.256],[41.011,19.316],[40.963,19.351],[40.953,19.404],[40.96,19.465],[40.938,19.513],[40.891,19.54],[40.823,19.572],[40.775,19.609],[40.805,19.663],[40.791,19.715],[40.764,19.765],[40.71,19.793],[40.657,19.793],[40.677,19.745],[40.63,19.779],[40.584,19.833],[40.575,19.887],[40.547,19.947],[40.501,19.981],[40.447,20.018],[40.397,20.056],[40.332,20.081],[40.285,20.1],[40.251,20.145],[40.205,20.188],[40.146,20.22],[40.112,20.269],[40.066,20.283],[40.02,20.276],[39.936,20.301],[39.883,20.29],[39.823,20.335],[39.747,20.381],[39.699,20.42],[39.666,20.47],[39.621,20.523],[39.587,20.582],[39.535,20.634],[39.516,20.683],[39.475,20.731],[39.433,20.786],[39.407,20.84],[39.362,20.872],[39.334,20.92],[39.285,20.946],[39.265,20.991],[39.245,21.041],[39.215,21.092],[39.175,21.144],[39.175,21.19],[39.138,21.253],[39.104,21.3],[39.103,21.348],[39.161,21.355],[39.191,21.414],[39.18,21.474],[39.152,21.525],[39.107,21.583],[39.101,21.637],[39.087,21.7],[39.134,21.759],[39.089,21.707],[39.05,21.757],[39.033,21.806],[38.978,21.857],[38.947,21.907],[38.94,21.954],[38.926,22.017],[38.973,22.064],[38.979,22.018],[39.022,22.07],[39.057,22.122],[39.009,22.09],[39.04,22.145],[39.036,22.194],[39.069,22.242],[39.091,22.287],[39.079,22.337],[39.13,22.368],[39.081,22.365],[39.08,22.436],[39.073,22.483],[39.078,22.537],[39.045,22.612],[39.026,22.67],[38.987,22.729],[38.955,22.786],[38.921,22.831],[38.88,22.885],[38.85,22.937],[38.905,22.904],[38.924,22.849],[38.972,22.865],[38.932,22.918],[38.915,22.965],[38.869,22.975],[38.819,22.988],[38.786,23.035],[38.81,23.083],[38.792,23.135],[38.747,23.184],[38.721,23.233],[38.69,23.282],[38.67,23.328],[38.648,23.374],[38.641,23.423],[38.633,23.478],[38.605,23.527],[38.592,23.574],[38.597,23.523],[38.544,23.539],[38.53,23.602],[38.491,23.648],[38.469,23.707],[38.461,23.763],[38.428,23.811],[38.376,23.854],[38.32,23.886],[38.288,23.934],[38.237,23.957],[38.188,23.979],[38.137,24.023],[38.076,24.069],[38.014,24.081],[37.961,24.118],[37.961,24.169],[37.913,24.197],[37.931,24.147],[37.865,24.149],[37.777,24.208],[37.731,24.245],[37.696,24.291],[37.647,24.285],[37.655,24.24],[37.603,24.25],[37.542,24.274],[37.494,24.307],[37.445,24.355],[37.417,24.401],[37.463,24.414],[37.438,24.467],[37.405,24.515],[37.366,24.571],[37.345,24.625],[37.296,24.675],[37.246,24.695],[37.21,24.762],[37.153,24.828],[37.198,24.834],[37.247,24.849],[37.251,24.894],[37.277,24.947],[37.281,24.999],[37.251,25.047],[37.268,25.103],[37.26,25.15],[37.229,25.201],[37.178,25.235],[37.139,25.284],[37.092,25.344],[37.082,25.397],[37.074,25.443],[37.027,25.483],[36.999,25.528],[36.965,25.583],[36.935,25.631],[36.885,25.659],[36.848,25.711],[36.802,25.706],[36.754,25.736],[36.72,25.786],[36.672,25.827],[36.669,25.885],[36.704,25.963],[36.708,26.028],[36.659,26.053],[36.614,26.055],[36.567,26.066],[36.517,26.1],[36.489,26.158],[36.467,26.213],[36.429,26.268],[36.393,26.328],[36.37,26.374],[36.349,26.42],[36.323,26.468],[36.297,26.52],[36.251,26.588],[36.227,26.637],[36.177,26.67],[36.147,26.723],[36.097,26.762],[36.072,26.807],[36.053,26.868],[36.021,26.918],[35.974,26.957],[35.923,26.995],[35.868,27.046],[35.813,27.11],[35.793,27.17],[35.806,27.23],[35.756,27.287],[35.721,27.333],[35.663,27.359],[35.611,27.415],[35.586,27.462],[35.545,27.508],[35.53,27.559],[35.53,27.604],[35.471,27.677],[35.46,27.723],[35.43,27.771],[35.372,27.79],[35.352,27.836],[35.31,27.886],[35.266,27.941],[35.213,27.979],[35.165,28.003],[35.212,28.028],[35.164,28.055],[35.113,28.071],[35.059,28.111],[35.012,28.121],[34.966,28.097],[34.894,28.077],[34.848,28.07],[34.797,28.07],[34.747,28.062],[34.727,28.112],[34.681,28.132],[34.668,28.079],[34.646,28.034],[34.608,28.088],[34.6,28.141],[34.647,28.17],[34.667,28.222],[34.678,28.27],[34.716,28.336],[34.74,28.4],[34.76,28.457],[34.795,28.516],[34.8,28.561],[34.795,28.616],[34.774,28.663],[34.796,28.717],[34.814,28.777],[34.834,28.822],[34.84,28.869],[34.831,28.916],[34.845,28.973],[34.853,29.02],[34.875,29.067],[34.882,29.119],[34.895,29.184],[34.913,29.23],[34.925,29.286],[34.944,29.336],[34.962,29.382],[34.971,29.429],[34.986,29.483],[34.992,29.536],[34.931,29.516],[34.885,29.484],[34.845,29.432],[34.809,29.38],[34.761,29.329],[34.741,29.278],[34.739,29.23],[34.721,29.18],[34.691,29.134],[34.68,29.088],[34.665,29.042],[34.685,28.984],[34.65,28.931],[34.648,28.88],[34.625,28.817],[34.63,28.762],[34.609,28.692],[34.575,28.646],[34.542,28.576],[34.512,28.517],[34.505,28.47],[34.455,28.432],[34.448,28.377],[34.411,28.321],[34.417,28.252],[34.424,28.205],[34.45,28.151],[34.439,28.093],[34.437,28.043],[34.439,27.995],[34.387,27.951],[34.337,27.913],[34.318,27.847],[34.272,27.826],[34.222,27.787],[34.257,27.738],[34.208,27.766],[34.141,27.793],[34.092,27.786],[34.024,27.841],[33.967,27.886],[33.922,27.922],[33.859,27.955],[33.806,27.985],[33.767,28.032],[33.713,28.066],[33.684,28.123],[33.629,28.175],[33.621,28.223],[33.573,28.27],[33.52,28.308],[33.429,28.361],[33.372,28.422],[33.318,28.478],[33.278,28.526],[33.258,28.577],[33.219,28.627],[33.207,28.692],[33.225,28.749],[33.205,28.798],[33.169,28.854],[33.181,28.907],[33.17,28.958],[33.149,29.017],[33.094,29.039],[33.051,29.1],[32.995,29.161],[32.938,29.205],[32.887,29.23],[32.861,29.295],[32.83,29.341],[32.822,29.39],[32.74,29.445],[32.729,29.496],[32.724,29.548],[32.679,29.596],[32.68,29.661],[32.695,29.706],[32.678,29.753],[32.63,29.808],[32.63,29.868],[32.581,29.915],[32.589,29.973],[32.573,30.072],[32.571,30.165],[32.574,30.21],[32.537,30.26],[32.462,30.278],[32.447,30.331],[32.405,30.391],[32.36,30.438],[32.339,30.514],[32.305,30.569],[32.327,30.62],[32.346,30.709],[32.32,30.812],[32.31,31.094],[32.338,31.188],[32.393,31.219],[32.455,31.169],[32.505,31.11],[32.567,31.064],[32.639,31.056],[32.693,31.061],[32.751,31.071],[32.816,31.095],[32.88,31.125],[32.929,31.141],[32.882,31.121],[32.795,31.08],[32.693,31.057],[32.747,31.047],[32.818,31.069],[32.867,31.091],[32.915,31.087],[32.972,31.083],[33.022,31.061],[33.053,31.111],[32.987,31.094],[33.027,31.15],[33.106,31.193],[33.13,31.143],[33.118,31.093],[33.134,31.046],[33.182,31.054],[33.233,31.077],[33.287,31.095],[33.335,31.074],[33.386,31.085],[33.455,31.111],[33.524,31.119],[33.602,31.115],[33.672,31.119],[33.751,31.131],[33.866,31.16],[33.971,31.199],[34.097,31.245],[34.195,31.305],[34.286,31.385],[34.345,31.434],[34.425,31.517],[34.479,31.578],[34.57,31.698],[34.617,31.779],[34.672,31.876],[34.702,31.932],[34.729,31.989],[34.745,32.047],[34.788,32.136],[34.804,32.19],[34.824,32.242],[34.855,32.352],[34.888,32.483],[34.9,32.537],[34.915,32.602],[34.925,32.651],[34.927,32.697],[34.953,32.799],[35.0,32.822],[35.049,32.833],[35.076,32.888],[35.073,32.963],[35.101,33.046],[35.104,33.099],[35.16,33.153],[35.205,33.206],[35.21,33.257],[35.223,33.308],[35.255,33.395],[35.285,33.459],[35.342,33.506],[35.365,33.557],[35.388,33.607],[35.412,33.652],[35.436,33.701],[35.449,33.75],[35.481,33.815],[35.48,33.88],[35.527,33.904],[35.582,33.92],[35.601,33.971],[35.635,34.016],[35.644,34.072],[35.644,34.122],[35.63,34.175],[35.655,34.237],[35.656,34.282],[35.703,34.307],[35.73,34.357],[35.794,34.394],[35.814,34.447],[35.878,34.463],[35.938,34.498],[35.989,34.537],[35.988,34.597],[35.97,34.652],[35.932,34.737],[35.886,34.865],[35.876,34.911],[35.878,34.988],[35.883,35.06],[35.894,35.118],[35.922,35.172],[35.947,35.225],[35.919,35.278],[35.92,35.33],[35.92,35.386],[35.876,35.455],[35.812,35.497],[35.763,35.505],[35.753,35.553],[35.762,35.61],[35.767,35.657],[35.814,35.705],[35.844,35.755],[35.829,35.804],[35.802,35.85],[35.865,35.867],[35.896,35.92],[35.935,35.969],[35.981,36.008],[35.975,36.055],[35.913,36.131],[35.856,36.202],[35.811,36.256],[35.782,36.319],[35.853,36.372],[35.899,36.438],[35.978,36.475],[36.031,36.53],[36.079,36.549],[36.141,36.588],[36.188,36.596],[36.209,36.66],[36.186,36.706],[36.183,36.755],[36.175,36.808],[36.117,36.865],[36.041,36.896],[35.988,36.905],[35.934,36.871],[35.893,36.821],[35.84,36.78],[35.795,36.756],[35.748,36.756],[35.672,36.756],[35.615,36.71],[35.663,36.722],[35.721,36.706],[35.674,36.674],[35.641,36.602],[35.581,36.566],[35.447,36.584],[35.393,36.555],[35.345,36.547],[35.28,36.581],[35.182,36.625],[35.135,36.649],[35.068,36.68],[35.019,36.703],[34.959,36.715],[34.903,36.705],[34.867,36.762],[34.792,36.796],[34.743,36.807],[34.678,36.804],[34.627,36.79],[34.58,36.77],[34.507,36.724],[34.453,36.685],[34.33,36.6],[34.259,36.549],[34.206,36.495],[34.161,36.453],[34.107,36.416],[34.091,36.325],[34.043,36.309],[33.996,36.271],[33.962,36.22],[33.96,36.267],[33.91,36.311],[33.861,36.313],[33.818,36.263],[33.805,36.216],[33.739,36.195],[33.709,36.147],[33.663,36.181],[33.611,36.175],[33.578,36.127],[33.527,36.133],[33.467,36.143],[33.415,36.121],[33.366,36.14],[33.314,36.118],[33.258,36.123],[33.202,36.12],[33.137,36.12],[33.095,36.073],[33.037,36.077],[32.987,36.087],[32.911,36.08],[32.861,36.066],[32.803,36.042],[32.696,36.048],[32.63,36.074],[32.584,36.099],[32.526,36.113],[32.48,36.125],[32.409,36.145],[32.351,36.193],[32.297,36.248],[32.279,36.294],[32.215,36.343],[32.165,36.417],[32.116,36.468],[32.032,36.531],[31.978,36.544],[31.917,36.559],[31.83,36.585],[31.779,36.59],[31.717,36.636],[31.668,36.636],[31.568,36.7],[31.505,36.724],[31.45,36.746],[31.397,36.757],[31.346,36.797],[31.284,36.81],[31.217,36.815],[31.163,36.821],[31.117,36.845],[31.067,36.841],[31.012,36.849],[30.949,36.847],[30.9,36.847],[30.855,36.847],[30.792,36.84],[30.734,36.845],[30.671,36.875],[30.573,36.793],[30.56,36.713],[30.569,36.668],[30.553,36.613],[30.58,36.558],[30.55,36.51],[30.516,36.462],[30.485,36.414],[30.49,36.367],[30.512,36.321],[30.467,36.305],[30.454,36.256],[30.405,36.2],[30.407,36.253],[30.333,36.281],[30.254,36.307],[30.187,36.307],[30.14,36.253],[30.089,36.237],[30.033,36.252],[29.986,36.216],[29.925,36.234],[29.857,36.19],[29.802,36.167],[29.755,36.155],[29.703,36.15],[29.655,36.148],[29.643,36.198],[29.598,36.188],[29.54,36.211],[29.478,36.211],[29.431,36.233],[29.371,36.263],[29.314,36.247],[29.268,36.293],[29.208,36.324],[29.161,36.347],[29.118,36.393],[29.13,36.444],[29.117,36.499],[29.117,36.55],[29.05,36.559],[29.039,36.62],[29.092,36.645],[29.037,36.695],[28.987,36.72],[28.941,36.747],[28.895,36.713],[28.852,36.663],[28.907,36.65],[28.876,36.602],[28.831,36.605],[28.83,36.65],[28.729,36.705],[28.673,36.692],[28.617,36.705],[28.623,36.751],[28.603,36.802],[28.655,36.783],[28.606,36.805],[28.559,36.832],[28.537,36.785],[28.491,36.8],[28.451,36.849],[28.406,36.867],[28.425,36.82],[28.378,36.799],[28.315,36.816],[28.27,36.801],[28.315,36.827],[28.269,36.853],[28.235,36.805],[28.27,36.749],[28.226,36.702],[28.177,36.68],[28.137,36.633],[28.088,36.583],[28.036,36.564],[27.984,36.555],[27.956,36.602],[28.039,36.605],[28.092,36.638],[28.047,36.676],[28.002,36.675],[28.049,36.72],[28.098,36.727],[28.112,36.775],[28.066,36.775],[28.015,36.759],[27.969,36.752],[27.924,36.741],[27.877,36.758],[27.816,36.763],[27.751,36.764],[27.702,36.741],[27.677,36.688],[27.626,36.671],[27.574,36.685],[27.523,36.677],[27.474,36.654],[27.423,36.67],[27.375,36.685],[27.422,36.717],[27.476,36.76],[27.535,36.755],[27.583,36.769],[27.628,36.801],[27.677,36.803],[27.744,36.787],[27.792,36.803],[27.857,36.805],[27.907,36.81],[27.967,36.8],[28.014,36.797],[28.06,36.802],[28.011,36.834],[28.057,36.868],[28.037,36.918],[28.092,36.94],[28.141,36.936],[28.189,36.95],[28.213,36.995],[28.258,36.995],[28.325,37.027],[28.276,37.049],[28.201,37.041],[28.101,37.035],[28.026,37.023],[27.978,37.032],[27.927,37.03],[27.859,37.019],[27.802,36.995],[27.743,36.997],[27.686,37.004],[27.639,36.981],[27.577,36.995],[27.52,36.994],[27.464,36.998],[27.419,37.024],[27.373,37.002],[27.319,36.978],[27.272,36.962],[27.248,37.026],[27.235,37.078],[27.291,37.107],[27.322,37.161],[27.37,37.153],[27.42,37.13],[27.459,37.084],[27.513,37.111],[27.57,37.13],[27.544,37.177],[27.593,37.196],[27.6,37.247],[27.647,37.244],[27.601,37.277],[27.553,37.268],[27.506,37.23],[27.512,37.277],[27.457,37.253],[27.489,37.307],[27.443,37.304],[27.39,37.324],[27.408,37.371],[27.417,37.417],[27.368,37.397],[27.321,37.369],[27.269,37.345],[27.218,37.346],[27.218,37.394],[27.221,37.454],[27.176,37.47],[27.185,37.533],[27.215,37.582],[27.148,37.622],[27.092,37.64],[27.028,37.651],[27.092,37.682],[27.15,37.695],[27.209,37.71],[27.26,37.761],[27.27,37.812],[27.241,37.861],[27.263,37.908],[27.262,37.96],[27.188,37.99],[27.142,37.985],[27.088,38.017],[27.034,38.053],[26.981,38.075],[26.9,38.062],[26.846,38.07],[26.835,38.123],[26.802,38.171],[26.761,38.221],[26.709,38.21],[26.652,38.209],[26.629,38.157],[26.611,38.106],[26.565,38.143],[26.511,38.165],[26.465,38.194],[26.419,38.223],[26.378,38.271],[26.34,38.225],[26.287,38.263],[26.232,38.265],[26.282,38.299],[26.283,38.347],[26.334,38.323],[26.383,38.314],[26.436,38.345],[26.473,38.404],[26.482,38.453],[26.437,38.475],[26.39,38.462],[26.395,38.507],[26.37,38.558],[26.355,38.613],[26.362,38.66],[26.418,38.68],[26.469,38.669],[26.522,38.65],[26.551,38.6],[26.6,38.54],[26.642,38.467],[26.592,38.469],[26.589,38.42],[26.645,38.374],[26.667,38.324],[26.682,38.374],[26.695,38.423],[26.74,38.42],[26.764,38.37],[26.819,38.365],[26.903,38.379],[26.983,38.396],[27.032,38.415],[27.088,38.399],[27.149,38.449],[27.087,38.46],[27.036,38.462],[26.989,38.451],[26.941,38.444],[26.888,38.498],[26.842,38.519],[26.889,38.511],[26.83,38.555],[26.847,38.602],[26.794,38.591],[26.767,38.638],[26.729,38.693],[26.741,38.74],[26.791,38.748],[26.838,38.752],[26.894,38.733],[26.936,38.787],[26.944,38.835],[27.002,38.856],[27.057,38.869],[27.058,38.914],[27.011,38.924],[26.959,38.938],[26.91,38.934],[26.863,38.915],[26.816,38.94],[26.797,38.993],[26.812,39.039],[26.858,39.058],[26.868,39.11],[26.818,39.155],[26.765,39.166],[26.731,39.217],[26.693,39.265],[26.638,39.266],[26.626,39.312],[26.672,39.28],[26.701,39.335],[26.748,39.358],[26.802,39.39],[26.814,39.439],[26.86,39.477],[26.929,39.483],[26.941,39.539],[26.889,39.582],[26.839,39.557],[26.775,39.57],[26.728,39.566],[26.676,39.557],[26.613,39.545],[26.55,39.53],[26.482,39.526],[26.423,39.505],[26.371,39.488],[26.291,39.485],[26.242,39.463],[26.158,39.456],[26.107,39.46],[26.084,39.513],[26.101,39.566],[26.162,39.657],[26.157,39.703],[26.139,39.757],[26.163,39.817],[26.144,39.866],[26.149,39.915],[26.165,39.962],[26.196,40.008],[26.264,40.001],[26.313,40.019],[26.349,40.073],[26.399,40.118],[26.393,40.169],[26.445,40.198],[26.492,40.213],[26.54,40.253],[26.596,40.28],[26.653,40.336],[26.716,40.385],[26.777,40.405],[26.826,40.4],[26.876,40.396],[26.929,40.386],[26.981,40.383],[27.031,40.391],[27.077,40.436],[27.129,40.445],[27.177,40.432],[27.228,40.446],[27.284,40.474],[27.317,40.424],[27.317,40.375],[27.445,40.319],[27.542,40.301],[27.591,40.323],[27.647,40.317],[27.71,40.315],[27.756,40.306],[27.82,40.345],[27.869,40.366],[27.814,40.399],[27.767,40.412],[27.713,40.454],[27.682,40.502],[27.728,40.516],[27.774,40.525],[27.822,40.513],[27.872,40.51],[27.918,40.506],[27.967,40.492],[28.019,40.487],[27.987,40.432],[27.917,40.405],[27.942,40.359],[27.994,40.365],[28.043,40.375],[28.109,40.387],[28.154,40.405],[28.201,40.4],[28.256,40.404],[28.313,40.407],[28.413,40.392],[28.464,40.396],[28.511,40.395],[28.566,40.376],[28.652,40.361],[28.719,40.377],[28.768,40.392],[28.847,40.382],[28.922,40.356],[28.969,40.355],[29.031,40.365],[29.089,40.419],[29.151,40.423],[29.081,40.476],[29.027,40.479],[28.973,40.456],[28.896,40.473],[28.851,40.505],[28.795,40.514],[28.814,40.565],[28.886,40.582],[28.952,40.616],[29.0,40.645],[29.107,40.645],[29.162,40.655],[29.272,40.659],[29.341,40.675],[29.392,40.702],[29.442,40.695],[29.494,40.725],[29.552,40.687],[29.618,40.696],[29.672,40.702],[29.725,40.711],[29.772,40.72],[29.824,40.722],[29.875,40.719],[29.936,40.718],[29.891,40.76],[29.833,40.75],[29.786,40.744],[29.732,40.77],[29.63,40.774],[29.569,40.765],[29.512,40.765],[29.467,40.77],[29.384,40.752],[29.33,40.785],[29.272,40.812],[29.26,40.859],[29.186,40.885],[29.14,40.899],[29.093,40.948],[29.042,40.967],[29.005,41.016],[29.054,41.062],[29.08,41.109],[29.07,41.161],[29.115,41.197],[29.162,41.221],[29.212,41.221],[29.259,41.229],[29.307,41.219],[29.376,41.21],[29.46,41.194],[29.516,41.182],[29.572,41.168],[29.623,41.178],[29.672,41.162],[29.728,41.155],[29.787,41.153],[29.841,41.138],[29.905,41.142],[29.967,41.139],[30.016,41.134],[30.067,41.134],[30.148,41.138],[30.195,41.156],[30.249,41.194],[30.306,41.205],[30.357,41.182],[30.407,41.163],[30.49,41.144],[30.638,41.13],[30.698,41.112],[30.756,41.088],[30.856,41.079],[31.0,41.074],[31.059,41.079],[31.105,41.091],[31.211,41.1],[31.282,41.115],[31.332,41.138],[31.377,41.191],[31.397,41.244],[31.385,41.306],[31.46,41.329],[31.519,41.363],[31.58,41.374],[31.633,41.396],[31.699,41.422],[31.756,41.457],[31.821,41.483],[31.867,41.512],[31.916,41.53],[31.963,41.545],[32.017,41.56],[32.093,41.586],[32.143,41.612],[32.188,41.647],[32.234,41.676],[32.282,41.7],[32.33,41.722],[32.376,41.74],[32.422,41.74],[32.468,41.771],[32.517,41.802],[32.572,41.81],[32.617,41.829],[32.673,41.83],[32.722,41.835],[32.776,41.849],[32.825,41.855],[32.874,41.87],[32.99,41.9],[33.044,41.935],[33.127,41.951],[33.175,41.96],[33.228,41.986],[33.277,41.995],[33.328,42.023],[33.378,42.023],[33.428,42.013],[33.502,42.01],[33.552,42.003],[33.61,41.987],[33.66,41.983],[33.714,41.983],[33.764,41.983],[33.81,41.976],[33.882,41.977],[33.954,41.976],[34.005,41.983],[34.052,41.982],[34.107,41.982],[34.161,41.972],[34.218,41.957],[34.277,41.95],[34.333,41.946],[34.381,41.955],[34.436,41.961],[34.493,41.976],[34.556,41.951],[34.605,41.944],[34.677,41.942],[34.745,41.953],[34.794,41.951],[34.852,41.975],[34.921,42.027],[34.95,42.081],[35.003,42.095],[35.054,42.066],[35.112,42.022],[35.159,42.03],[35.216,42.02],[35.171,42.019],[35.115,41.992],[35.101,41.937],[35.12,41.887],[35.159,41.842],[35.215,41.803],[35.231,41.758],[35.285,41.716],[35.348,41.701],[35.406,41.68],[35.471,41.645],[35.527,41.634],[35.576,41.623],[35.621,41.635],[35.698,41.65],[35.752,41.665],[35.824,41.684],[35.904,41.71],[35.952,41.731],[36.021,41.706],[36.08,41.665],[36.117,41.613],[36.115,41.537],[36.119,41.491],[36.185,41.41],[36.236,41.372],[36.341,41.316],[36.386,41.269],[36.435,41.238],[36.509,41.255],[36.577,41.291],[36.613,41.34],[36.667,41.366],[36.757,41.359],[36.803,41.349],[36.85,41.335],[36.912,41.302],[36.988,41.275],[37.015,41.225],[37.048,41.176],[37.102,41.158],[37.159,41.152],[37.231,41.145],[37.299,41.145],[37.351,41.109],[37.404,41.104],[37.451,41.077],[37.509,41.03],[37.561,41.025],[37.606,41.047],[37.651,41.105],[37.697,41.129],[37.764,41.124],[37.779,41.077],[37.806,41.032],[37.877,41.015],[37.937,40.981],[37.991,40.98],[38.048,40.973],[38.119,40.959],[38.176,40.945],[38.25,40.941],[38.296,40.939],[38.377,40.909],[38.422,40.916],[38.472,40.92],[38.526,40.916],[38.578,40.935],[38.628,40.972],[38.685,40.945],[38.747,40.963],[38.801,41.007],[38.847,41.008],[38.909,41.03],[38.958,41.035],[39.011,41.035],[39.058,41.034],[39.113,41.05],[39.159,41.08],[39.21,41.06],[39.277,41.034],[39.327,41.06],[39.374,41.09],[39.423,41.1],[39.477,41.096],[39.532,41.067],[39.57,41.011],[39.665,41.003],[39.721,41.011],[39.771,41.005],[39.82,40.991],[39.903,40.96],[39.955,40.973],[40.005,40.971],[40.073,40.938],[40.123,40.916],[40.171,40.921],[40.217,40.93],[40.272,40.949],[40.33,40.974],[40.411,41.015],[40.508,41.045],[40.573,41.044],[40.635,41.06],[40.705,41.082],[40.758,41.1],[40.796,41.152],[40.854,41.181],[40.907,41.184],[40.986,41.189],[41.041,41.21],[41.089,41.221],[41.155,41.271],[41.219,41.29],[41.266,41.309],[41.317,41.357],[41.364,41.373],[41.419,41.387],[41.471,41.449],[41.522,41.48],[41.553,41.536],[41.571,41.599],[41.641,41.653],[41.7,41.674],[41.74,41.745],[41.77,41.794],[41.779,41.842],[41.762,41.99],[41.735,42.038],[41.706,42.084],[41.672,42.14],[41.691,42.194],[41.64,42.21],[41.643,42.268],[41.598,42.368],[41.54,42.453],[41.525,42.547],[41.51,42.592],[41.482,42.654],[41.463,42.702],[41.417,42.739],[41.355,42.762],[41.283,42.786],[41.227,42.8],[41.177,42.791],[41.13,42.817],[41.075,42.943],[41.029,42.995],[40.973,42.978],[40.924,43.013],[40.868,43.066],[40.8,43.08],[40.752,43.083],[40.686,43.082],[40.634,43.095],[40.583,43.087],[40.516,43.139],[40.46,43.146],[40.4,43.17],[40.352,43.144],[40.298,43.17],[40.265,43.28],[40.216,43.325],[40.168,43.335],[40.102,43.361],[40.04,43.377],[39.993,43.384],[39.923,43.417],[39.887,43.49],[39.838,43.522],[39.79,43.542],[39.733,43.566],[39.703,43.615],[39.647,43.651],[39.589,43.699],[39.502,43.763],[39.455,43.802],[39.405,43.851],[39.352,43.894],[39.293,43.941],[39.243,43.973],[39.193,43.995],[39.137,44.038],[39.084,44.081],[39.034,44.092],[39.015,44.142],[38.959,44.161],[38.887,44.183],[38.84,44.223],[38.8,44.274],[38.743,44.3],[38.68,44.307],[38.627,44.328],[38.571,44.349],[38.517,44.354],[38.432,44.369],[38.377,44.367],[38.326,44.388],[38.265,44.412],[38.211,44.414],[38.154,44.456],[38.117,44.502],[38.068,44.537],[37.996,44.565],[37.926,44.605],[37.912,44.663],[37.845,44.705],[37.794,44.732],[37.815,44.678],[37.763,44.649],[37.713,44.65],[37.649,44.666],[37.592,44.665],[37.534,44.677],[37.485,44.69],[37.436,44.723],[37.383,44.752],[37.35,44.817],[37.297,44.89],[37.285,44.958],[37.211,45.0],[35.858,45.0],[35.398,45.0],[35.374,44.954],[35.326,44.965],[35.28,44.965],[35.245,44.918],[35.164,44.895],[35.134,44.822],[35.085,44.79],[35.033,44.827],[34.987,44.834],[34.933,44.826],[34.879,44.818],[34.833,44.815],[34.772,44.813],[34.703,44.797],[34.651,44.782],[34.589,44.755],[34.532,44.732],[34.462,44.709],[34.415,44.664],[34.373,44.589],[34.334,44.544],[34.282,44.537],[34.188,44.496],[34.125,44.422],[34.073,44.417],[34.021,44.405],[33.944,44.387],[33.893,44.4],[33.846,44.401],[33.788,44.384],[33.742,44.382],[33.678,44.412],[33.635,44.473],[33.578,44.487],[33.527,44.496],[33.475,44.513],[33.405,44.554],[33.437,44.6],[33.486,44.605],[33.531,44.595],[33.585,44.609],[33.539,44.619],[33.549,44.672],[33.549,44.718],[33.54,44.768],[33.552,44.838],[33.605,44.86],[33.612,44.934],[33.602,45.0],[29.638,45.0],[29.62,44.886],[29.587,44.839],[29.533,44.826],[29.46,44.815],[29.374,44.807],[29.318,44.811],[29.238,44.796],[29.142,44.775],[29.057,44.734],[28.995,44.683],[28.972,44.748],[29.124,44.785],[29.138,44.837],[29.093,44.873],[29.071,44.825],[29.045,44.871],[29.038,44.934],[29.097,44.956],[29.05,44.998],[28.969,45.0],[28.907,44.974],[28.86,44.914],[28.899,44.863],[28.946,44.835],[28.9,44.805],[28.94,44.757],[28.879,44.75],[28.827,44.73],[28.777,44.71],[28.727,44.735],[28.78,44.708],[28.786,44.654],[28.833,44.642],[28.915,44.689],[28.986,44.682],[28.934,44.619],[28.975,44.671],[28.902,44.674],[28.854,44.644],[28.804,44.605],[28.763,44.558],[28.755,44.501],[28.762,44.455],[28.8,44.517],[28.858,44.565],[28.926,44.613],[28.89,44.547],[28.847,44.495],[28.786,44.45],[28.725,44.385],[28.669,44.347],[28.627,44.293],[28.628,44.243],[28.659,44.182],[28.643,44.117],[28.641,44.068],[28.668,44.008],[28.659,43.962],[28.638,43.914],[28.612,43.849],[28.576,43.801],[28.579,43.756],[28.582,43.707],[28.571,43.659],[28.571,43.602],[28.61,43.542],[28.584,43.484],[28.544,43.435],[28.474,43.383],[28.416,43.39],[28.365,43.41],[28.276,43.411],[28.21,43.395],[28.158,43.404],[28.098,43.375],[28.072,43.324],[28.048,43.274],[28.017,43.223],[27.968,43.216],[27.923,43.191],[27.943,43.133],[27.916,43.062],[27.878,43.017],[27.907,42.932],[27.895,42.872],[27.884,42.817],[27.899,42.77],[27.901,42.717],[27.837,42.699],[27.792,42.7],[27.739,42.705],[27.726,42.657],[27.676,42.634],[27.633,42.577],[27.583,42.563],[27.529,42.558],[27.479,42.487],[27.462,42.44],[27.41,42.439],[27.359,42.424],[27.306,42.383],[27.369,42.39],[27.417,42.406],[27.466,42.425],[27.513,42.427],[27.572,42.444],[27.62,42.446],[27.67,42.407],[27.722,42.409],[27.706,42.362],[27.753,42.331],[27.75,42.278],[27.775,42.233],[27.824,42.197],[27.872,42.149],[27.921,42.103],[27.968,42.066],[28.01,42.018],[28.04,41.962],[28.044,41.91],[27.994,41.883],[27.984,41.819],[28.042,41.749],[28.067,41.698],[28.091,41.635],[28.142,41.596],[28.184,41.551],[28.233,41.516],[28.388,41.447],[28.475,41.415],[28.522,41.394],[28.592,41.366],[28.642,41.348],[28.795,41.296],[28.888,41.269],[28.966,41.249],[29.027,41.243],[29.077,41.25],[29.103,41.201],[29.035,41.153],[29.053,41.096],[29.032,41.046],[28.976,41.018],[28.923,40.985],[28.869,40.966],[28.805,40.953],[28.752,40.977],[28.695,40.97],[28.613,40.958],[28.595,41.007],[28.568,41.063],[28.569,41.017],[28.509,40.996],[28.399,41.045],[28.352,41.052],[28.277,41.063],[28.226,41.076],[28.169,41.071],[28.123,41.059],[28.077,41.055],[28.03,41.04],[27.977,40.982],[27.923,40.968],[27.875,40.963],[27.801,40.998],[27.728,41.01],[27.679,41.002],[27.583,40.98],[27.516,40.976],[27.48,40.924],[27.459,40.864],[27.405,40.815],[27.349,40.775],[27.313,40.723],[27.246,40.672],[27.2,40.65],[27.13,40.611],[27.058,40.604],[26.997,40.569],[26.898,40.537],[26.847,40.51],[26.796,40.496],[26.737,40.478],[26.69,40.453],[26.667,40.404],[26.619,40.384],[26.592,40.331],[26.546,40.304],[26.493,40.282],[26.441,40.234],[26.387,40.214],[26.371,40.157],[26.322,40.106],[26.242,40.067],[26.197,40.051],[26.201,40.102],[26.224,40.148],[26.264,40.197],[26.266,40.259],[26.22,40.287],[26.249,40.342],[26.31,40.368],[26.359,40.392],[26.424,40.423],[26.483,40.446],[26.54,40.48],[26.628,40.51],[26.687,40.507],[26.738,40.559],[26.795,40.558],[26.824,40.615],[26.774,40.656],[26.703,40.642],[26.654,40.635],[26.602,40.636],[26.549,40.61],[26.502,40.595],[26.446,40.615],[26.368,40.608],[26.297,40.59],[26.237,40.597],[26.137,40.589],[26.082,40.607],[26.065,40.681],[26.035,40.732],[26.08,40.759],[26.026,40.797],[25.98,40.828],[25.913,40.846],[25.841,40.847],[25.776,40.85],[25.731,40.843],[25.644,40.86],[25.59,40.867],[25.531,40.864],[25.47,40.889],[25.379,40.909],[25.301,40.942],[25.25,40.935],[25.175,40.939],[25.129,40.955],[25.152,41.002],[25.1,41.008],[25.053,41.001],[25.005,40.963],[24.892,40.914],[24.813,40.855],[24.73,40.851],[24.677,40.871],[24.63,40.855],[24.579,40.913],[24.511,40.956],[24.463,40.94],[24.417,40.928],[24.362,40.897],[24.334,40.842],[24.285,40.809],[24.214,40.774],[24.138,40.735],[24.077,40.717],[24.013,40.73],[23.965,40.739],[23.917,40.754],[23.872,40.778],[23.821,40.779],[23.763,40.757],[23.716,40.733],[23.69,40.681],[23.74,40.658],[23.782,40.595],[23.831,40.56],[23.879,40.555],[23.833,40.52],[23.832,40.447],[23.887,40.397],[23.947,40.382],[23.997,40.385],[23.992,40.434],[24.045,40.397],[24.097,40.367],[24.149,40.355],[24.197,40.338],[24.251,40.31],[24.28,40.259],[24.333,40.224],[24.389,40.183],[24.38,40.132],[24.325,40.12],[24.265,40.171],[24.225,40.217],[24.177,40.257],[24.132,40.285],[24.062,40.295],[24.0,40.317],[23.917,40.366],[23.868,40.37],[23.803,40.355],[23.735,40.355],[23.694,40.287],[23.736,40.231],[23.787,40.19],[23.876,40.17],[23.926,40.15],[23.973,40.13],[23.982,40.078],[24.023,40.019],[23.997,39.971],[23.949,39.939],[23.9,39.976],[23.843,40.018],[23.797,40.049],[23.781,40.096],[23.732,40.143],[23.696,40.193],[23.617,40.23],[23.553,40.237],[23.504,40.251],[23.455,40.267],[23.399,40.28],[23.349,40.243],[23.291,40.239],[23.231,40.25],[23.178,40.27],[23.116,40.294],[23.052,40.31],[22.993,40.357],[22.942,40.382],[22.887,40.375],[22.88,40.428],[22.842,40.475],[22.911,40.507],[22.976,40.54],[22.936,40.588],[22.929,40.634],[22.876,40.637],[22.853,40.59],[22.806,40.565],[22.744,40.559],[22.737,40.512],[22.69,40.519],[22.658,40.474],[22.612,40.474],[22.606,40.428],[22.63,40.382],[22.636,40.33],[22.588,40.235],[22.559,40.177],[22.56,40.116],[22.57,40.065],[22.594,40.015],[22.64,39.985],[22.707,39.959],[22.711,39.913],[22.775,39.855],[22.854,39.803],[22.87,39.724],[22.9,39.642],[22.925,39.589],[22.976,39.562],[23.028,39.529],[23.096,39.501],[23.123,39.454],[23.17,39.41],[23.221,39.358],[23.268,39.322],[23.285,39.27],[23.331,39.225],[23.343,39.17],[23.271,39.14],[23.222,39.132],[23.175,39.102],[23.129,39.087],[23.072,39.085],[23.066,39.139],[23.111,39.151],[23.094,39.097],[23.14,39.121],[23.192,39.161],[23.188,39.209],[23.17,39.26],[23.125,39.295],[23.074,39.315],[23.017,39.316],[22.971,39.348],[22.925,39.318],[22.88,39.288],[22.829,39.276],[22.821,39.212],[22.851,39.155],[22.897,39.169],[22.917,39.121],[22.964,39.12],[22.992,39.07],[22.96,39.022],[23.008,39.027],[23.067,39.04],[23.018,39.003],[22.997,38.953],[22.95,38.936],[22.892,38.918],[22.837,38.906],[22.788,38.878],[22.741,38.872],[22.68,38.881],[22.631,38.905],[22.586,38.891],[22.537,38.857],[22.591,38.827],[22.643,38.83],[22.698,38.851],[22.754,38.792],[22.81,38.78],[22.857,38.763],[22.924,38.77],[23.018,38.749],[23.064,38.725],[23.067,38.679],[23.105,38.627],[23.162,38.648],[23.223,38.666],[23.268,38.651],[23.314,38.643],[23.327,38.594],[23.328,38.545],[23.38,38.527],[23.333,38.519],[23.382,38.509],[23.44,38.501],[23.494,38.489],[23.542,38.51],[23.593,38.474],[23.605,38.426],[23.634,38.378],[23.695,38.34],[23.77,38.34],[23.817,38.322],[23.872,38.308],[23.932,38.29],[24.006,38.242],[24.063,38.201],[24.065,38.15],[24.018,38.135],[23.988,38.085],[24.006,38.04],[24.032,37.994],[24.019,37.943],[24.043,37.895],[24.055,37.846],[24.077,37.8],[24.081,37.75],[24.067,37.699],[24.031,37.652],[23.986,37.662],[23.939,37.67],[23.945,37.717],[23.9,37.763],[23.848,37.805],[23.802,37.815],[23.755,37.812],[23.75,37.859],[23.719,37.904],[23.665,37.944],[23.619,37.94],[23.562,37.962],[23.598,38.01],[23.55,38.034],[23.501,38.037],[23.454,38.024],[23.408,37.984],[23.36,37.972],[23.292,37.971],[23.242,37.975],[23.189,37.954],[23.143,37.923],[23.097,37.914],[23.042,37.917],[22.995,37.882],[23.041,37.845],[23.097,37.849],[23.144,37.833],[23.176,37.785],[23.129,37.757],[23.175,37.716],[23.172,37.648],[23.202,37.596],[23.252,37.577],[23.302,37.549],[23.351,37.539],[23.345,37.589],[23.342,37.637],[23.402,37.636],[23.408,37.591],[23.387,37.545],[23.437,37.505],[23.498,37.474],[23.507,37.429],[23.43,37.413],[23.342,37.414],[23.289,37.395],[23.235,37.384],[23.208,37.339],[23.202,37.293],[23.155,37.295],[23.113,37.35],[23.065,37.353],[23.106,37.4],[23.125,37.446],[23.074,37.454],[23.015,37.47],[22.935,37.519],[22.877,37.526],[22.828,37.528],[22.783,37.588],[22.728,37.572],[22.733,37.525],[22.733,37.478],[22.765,37.427],[22.78,37.376],[22.812,37.327],[22.84,37.279],[22.895,37.219],[22.9,37.158],[22.911,37.11],[22.962,37.111],[22.973,37.065],[22.997,37.017],[23.001,36.966],[23.032,36.908],[23.052,36.862],[23.09,36.812],[23.097,36.763],[23.047,36.74],[23.033,36.692],[23.033,36.64],[23.061,36.593],[23.11,36.56],[23.145,36.513],[23.167,36.467],[23.113,36.434],[23.063,36.473],[23.036,36.525],[22.983,36.515],[22.935,36.559],[22.897,36.608],[22.877,36.656],[22.828,36.685],[22.812,36.735],[22.793,36.781],[22.714,36.805],[22.635,36.805],[22.586,36.789],[22.571,36.742],[22.525,36.71],[22.545,36.662],[22.523,36.609],[22.476,36.614],[22.482,36.557],[22.489,36.512],[22.501,36.46],[22.497,36.412],[22.452,36.453],[22.403,36.477],[22.355,36.498],[22.364,36.548],[22.385,36.593],[22.381,36.64],[22.382,36.688],[22.332,36.737],[22.295,36.803],[22.256,36.857],[22.203,36.905],[22.126,36.914],[22.141,36.968],[22.149,37.018],[22.079,37.029],[22.028,37.025],[21.957,37.0],[21.935,36.948],[21.926,36.903],[21.927,36.849],[21.955,36.8],[21.917,36.748],[21.868,36.735],[21.827,36.781],[21.776,36.798],[21.728,36.801],[21.691,36.856],[21.69,36.903],[21.703,36.95],[21.657,36.953],[21.644,37.001],[21.592,37.048],[21.576,37.095],[21.565,37.149],[21.576,37.196],[21.636,37.237],[21.687,37.287],[21.691,37.354],[21.655,37.43],[21.611,37.493],[21.566,37.54],[21.478,37.598],[21.414,37.64],[21.357,37.663],[21.312,37.632],[21.306,37.677],[21.304,37.727],[21.28,37.781],[21.223,37.812],[21.14,37.831],[21.112,37.9],[21.166,37.928],[21.232,37.964],[21.279,37.991],[21.325,38.062],[21.365,38.121],[21.365,38.175],[21.413,38.178],[21.477,38.185],[21.529,38.157],[21.6,38.145],[21.657,38.167],[21.708,38.207],[21.735,38.254],[21.778,38.315],[21.824,38.318],[21.875,38.327],[21.926,38.329],[21.981,38.318],[22.027,38.284],[22.075,38.255],[22.132,38.248],[22.172,38.201],[22.23,38.18],[22.292,38.177],[22.34,38.162],[22.39,38.137],[22.447,38.132],[22.498,38.135],[22.545,38.107],[22.599,38.092],[22.657,38.072],[22.727,38.038],[22.775,38.001],[22.835,37.955],[22.89,37.936],[22.942,37.941],[22.941,38.0],[22.895,38.019],[22.921,38.069],[22.97,38.08],[23.017,38.061],[23.077,38.06],[23.127,38.065],[23.183,38.09],[23.181,38.137],[23.127,38.164],[23.074,38.171],[23.026,38.213],[22.973,38.215],[22.922,38.212],[22.97,38.19],[22.922,38.19],[22.891,38.238],[22.833,38.224],[22.788,38.231],[22.784,38.282],[22.718,38.304],[22.689,38.356],[22.63,38.374],[22.587,38.327],[22.585,38.278],[22.538,38.31],[22.514,38.36],[22.461,38.413],[22.415,38.432],[22.38,38.385],[22.377,38.331],[22.319,38.344],[22.272,38.34],[22.227,38.359],[22.176,38.328],[22.125,38.359],[22.073,38.38],[22.0,38.39],[21.952,38.405],[21.903,38.38],[21.854,38.373],[21.799,38.374],[21.766,38.327],[21.713,38.347],[21.662,38.353],[21.617,38.341],[21.564,38.325],[21.516,38.302],[21.45,38.324],[21.422,38.378],[21.368,38.394],[21.356,38.44],[21.339,38.39],[21.294,38.373],[21.243,38.33],[21.182,38.297],[21.132,38.323],[21.097,38.37],[21.137,38.416],[21.097,38.468],[21.097,38.532],[21.047,38.505],[21.02,38.574],[21.001,38.635],[20.944,38.665],[20.893,38.71],[20.879,38.762],[20.806,38.758],[20.757,38.77],[20.737,38.823],[20.787,38.864],[20.75,38.911],[20.764,38.96],[20.811,38.919],[20.86,38.94],[20.907,38.922],[20.957,38.94],[21.006,38.926],[21.051,38.883],[21.098,38.915],[21.144,38.897],[21.14,38.964],[21.119,39.033],[21.071,39.024],[21.022,39.008],[20.969,39.025],[20.918,39.005],[20.864,39.031],[20.817,39.058],[20.761,39.036],[20.809,38.975],[20.756,38.972],[20.698,39.001],[20.699,39.054],[20.653,39.093],[20.603,39.116],[20.551,39.172],[20.492,39.212],[20.469,39.263],[20.423,39.277],[20.355,39.286],[20.286,39.327],[20.274,39.372],[20.225,39.433],[20.271,39.446],[20.214,39.491],[20.262,39.498],[20.217,39.517],[20.167,39.519],[20.171,39.578],[20.186,39.625],[20.14,39.639],[20.087,39.664],[20.039,39.681],[20.0,39.779],[20.005,39.838],[20.0,45.0],[130.0,45.0],[130.0,41.991]]]}},{"type":"Feature","properties":{},"geometry":{"type":"Polygon","coordinates":[[[32.285,31.227],[32.234,31.262],[32.322,31.273],[32.302,31.222],[32.316,30.816],[32.323,30.746],[32.324,30.622],[32.276,30.589],[32.333,30.517],[32.357,30.413],[32.311,30.402],[32.303,30.343],[32.338,30.296],[32.389,30.281],[32.44,30.239],[32.498,30.257],[32.528,30.209],[32.568,30.163],[32.57,30.061],[32.585,29.974],[32.535,29.958],[32.478,29.94],[32.456,29.894],[32.504,29.866],[32.461,29.804],[32.389,29.724],[32.358,29.667],[32.345,29.602],[32.363,29.552],[32.415,29.504],[32.473,29.461],[32.522,29.414],[32.568,29.382],[32.603,29.315],[32.617,29.268],[32.627,29.221],[32.65,29.172],[32.658,29.117],[32.644,29.065],[32.63,29.012],[32.637,28.962],[32.673,28.916],[32.699,28.861],[32.751,28.804],[32.818,28.759],[32.83,28.712],[32.844,28.666],[32.865,28.618],[32.911,28.558],[32.965,28.515],[33.002,28.469],[33.04,28.422],[33.08,28.365],[33.111,28.318],[33.149,28.272],[33.185,28.216],[33.24,28.168],[33.288,28.123],[33.334,28.082],[33.368,28.037],[33.42,28.02],[33.468,27.995],[33.523,27.935],[33.561,27.871],[33.585,27.821],[33.54,27.812],[33.488,27.836],[33.502,27.782],[33.552,27.762],[33.539,27.707],[33.585,27.664],[33.539,27.679],[33.54,27.613],[33.566,27.564],[33.602,27.5],[33.638,27.452],[33.687,27.397],[33.695,27.337],[33.753,27.303],[33.8,27.27],[33.847,27.241],[33.826,27.182],[33.828,27.11],[33.882,27.081],[33.884,27.036],[33.904,26.99],[33.935,26.939],[33.967,26.894],[33.997,26.845],[33.95,26.848],[33.94,26.795],[33.941,26.741],[33.934,26.682],[33.982,26.64],[34.037,26.557],[34.068,26.51],[34.084,26.456],[34.112,26.405],[34.156,26.35],[34.187,26.283],[34.22,26.207],[34.245,26.158],[34.288,26.111],[34.327,26.021],[34.358,25.974],[34.416,25.905],[34.43,25.85],[34.485,25.798],[34.543,25.748],[34.569,25.7],[34.581,25.654],[34.609,25.607],[34.644,25.538],[34.676,25.489],[34.695,25.417],[34.731,25.371],[34.744,25.321],[34.787,25.263],[34.802,25.216],[34.853,25.163],[34.872,25.116],[34.9,25.067],[34.926,25.014],[34.935,24.961],[34.968,24.916],[34.985,24.869],[35.013,24.805],[35.063,24.761],[35.09,24.712],[35.109,24.664],[35.118,24.618],[35.162,24.572],[35.137,24.527],[35.182,24.482],[35.221,24.427],[35.267,24.38],[35.317,24.365],[35.371,24.299],[35.416,24.242],[35.433,24.188],[35.495,24.132],[35.546,24.12],[35.605,24.048],[35.672,24.01],[35.723,23.995],[35.77,23.947],[35.794,23.902],[35.743,23.939],[35.683,23.91],[35.63,23.928],[35.578,23.938],[35.53,23.94],[35.483,23.93],[35.493,23.868],[35.486,23.818],[35.485,23.773],[35.505,23.723],[35.51,23.648],[35.507,23.595],[35.507,23.544],[35.486,23.497],[35.535,23.428],[35.56,23.38],[35.554,23.316],[35.575,23.261],[35.574,23.215],[35.615,23.165],[35.641,23.114],[35.66,23.067],[35.663,23.019],[35.674,22.969],[35.715,22.916],[35.75,22.864],[35.728,22.91],[35.783,22.877],[35.782,22.83],[35.86,22.754],[35.907,22.733],[35.946,22.688],[35.994,22.689],[36.041,22.676],[36.098,22.666],[36.147,22.668],[36.201,22.64],[36.247,22.613],[36.29,22.552],[36.311,22.499],[36.363,22.452],[36.412,22.436],[36.432,22.376],[36.486,22.337],[36.547,22.306],[36.598,22.276],[36.645,22.241],[36.676,22.195],[36.725,22.165],[36.772,22.171],[36.829,22.107],[36.883,22.064],[36.869,21.977],[36.876,21.92],[36.881,21.874],[36.869,21.825],[36.884,21.779],[36.9,21.71],[36.905,21.647],[36.923,21.598],[36.957,21.536],[36.952,21.49],[37.013,21.427],[37.056,21.359],[37.011,21.359],[37.06,21.353],[37.1,21.307],[37.145,21.256],[37.193,21.219],[37.245,21.16],[37.286,21.089],[37.312,21.043],[37.255,21.015],[37.215,21.071],[37.271,21.045],[37.238,21.097],[37.211,21.142],[37.16,21.145],[37.172,21.193],[37.121,21.223],[37.095,21.17],[37.125,21.124],[37.124,21.079],[37.096,21.034],[37.129,20.984],[37.158,20.926],[37.17,20.863],[37.171,20.805],[37.18,20.752],[37.18,20.688],[37.206,20.627],[37.231,20.576],[37.239,20.53],[37.238,20.461],[37.185,20.453],[37.207,20.402],[37.196,20.344],[37.205,20.28],[37.205,20.231],[37.214,20.181],[37.219,20.114],[37.225,20.065],[37.195,20.007],[37.222,19.919],[37.256,19.863],[37.265,19.805],[37.266,19.756],[37.265,19.696],[37.239,19.637],[37.241,19.582],[37.266,19.524],[37.293,19.474],[37.3,19.423],[37.314,19.378],[37.327,19.327],[37.335,19.254],[37.347,19.197],[37.365,19.147],[37.371,19.099],[37.384,19.05],[37.41,18.987],[37.404,18.939],[37.428,18.887],[37.43,18.839],[37.483,18.783],[37.503,18.73],[37.553,18.717],[37.599,18.715],[37.662,18.725],[37.709,18.702],[37.767,18.67],[37.792,18.624],[37.866,18.6],[37.928,18.576],[37.985,18.508],[38.062,18.44],[38.111,18.417],[38.077,18.348],[38.095,18.301],[38.147,18.254],[38.192,18.233],[38.247,18.235],[38.26,18.282],[38.311,18.266],[38.264,18.27],[38.259,18.222],[38.31,18.186],[38.36,18.177],[38.402,18.122],[38.453,18.102],[38.497,18.053],[38.508,18.101],[38.557,18.06],[38.572,18.013],[38.589,17.965],[38.616,17.92],[38.646,17.868],[38.675,17.819],[38.72,17.763],[38.765,17.692],[38.8,17.647],[38.838,17.586],[38.856,17.54],[38.89,17.483],[38.923,17.415],[38.941,17.327],[38.966,17.275],[38.97,17.223],[38.997,17.143],[39.018,17.071],[39.042,17.001],[39.055,16.949],[39.065,16.892],[39.092,16.837],[39.12,16.778],[39.145,16.697],[39.151,16.63],[39.151,16.577],[39.152,16.528],[39.178,16.477],[39.189,16.428],[39.195,16.38],[39.204,16.315],[39.204,16.253],[39.22,16.192],[39.23,16.138],[39.24,16.073],[39.265,16.018],[39.292,15.96],[39.307,15.896],[39.354,15.868],[39.433,15.809],[39.425,15.754],[39.454,15.673],[39.449,15.624],[39.45,15.568],[39.482,15.514],[39.537,15.537],[39.583,15.528],[39.624,15.48],[39.64,15.421],[39.661,15.336],[39.695,15.291],[39.716,15.234],[39.703,15.188],[39.695,15.127],[39.754,15.085],[39.814,15.07],[39.825,15.126],[39.85,15.202],[39.82,15.272],[39.783,15.329],[39.775,15.397],[39.806,15.446],[39.855,15.461],[39.875,15.508],[39.906,15.461],[39.958,15.419],[40.018,15.381],[40.083,15.333],[40.056,15.281],[40.032,15.23],[40.07,15.164],[40.097,15.119],[40.101,15.067],[40.147,15.053],[40.156,15.003],[40.21,14.949],[40.27,14.934],[40.316,14.909],[40.367,14.951],[40.382,14.996],[40.428,14.971],[40.479,14.975],[40.539,14.984],[40.598,14.954],[40.618,14.894],[40.676,14.894],[40.729,14.844],[40.741,14.787],[40.75,14.742],[40.798,14.721],[40.845,14.72],[40.898,14.729],[40.944,14.691],[40.998,14.664],[41.047,14.67],[41.106,14.655],[41.165,14.634],[41.217,14.568],[41.275,14.532],[41.315,14.486],[41.336,14.435],[41.391,14.371],[41.413,14.324],[41.464,14.266],[41.506,14.215],[41.536,14.152],[41.623,14.068],[41.651,14.013],[41.689,13.935],[41.741,13.916],[41.804,13.927],[41.86,13.865],[41.908,13.865],[41.957,13.853],[42.003,13.818],[42.023,13.769],[42.069,13.726],[42.096,13.668],[42.147,13.651],[42.188,13.604],[42.23,13.545],[42.206,13.592],[42.227,13.637],[42.178,13.651],[42.234,13.637],[42.273,13.576],[42.302,13.523],[42.307,13.477],[42.345,13.427],[42.362,13.367],[42.37,13.309],[42.377,13.263],[42.386,13.21],[42.444,13.19],[42.493,13.184],[42.546,13.227],[42.584,13.161],[42.635,13.12],[42.674,13.055],[42.73,13.045],[42.741,12.999],[42.77,12.918],[42.772,12.861],[42.819,12.855],[42.865,12.831],[42.927,12.811],[42.982,12.817],[42.988,12.877],[43.036,12.867],[43.09,12.8],[43.1,12.749],[43.133,12.701],[43.152,12.655],[43.197,12.6],[43.237,12.55],[43.267,12.502],[43.306,12.457],[43.333,12.407],[43.374,12.306],[43.399,12.243],[43.413,12.192],[43.42,12.122],[43.41,12.057],[43.387,12.007],[43.312,11.982],[43.237,11.963],[43.179,11.95],[43.13,11.898],[43.088,11.84],[43.042,11.81],[42.994,11.804],[42.946,11.77],[42.89,11.78],[42.842,11.772],[42.784,11.749],[42.754,11.692],[42.705,11.643],[42.693,11.586],[42.636,11.57],[42.587,11.561],[42.535,11.591],[42.531,11.544],[42.562,11.495],[42.628,11.466],[42.688,11.477],[42.66,11.526],[42.71,11.551],[42.774,11.564],[42.826,11.585],[42.872,11.586],[42.941,11.596],[43.003,11.59],[43.058,11.59],[43.114,11.58],[43.161,11.578],[43.192,11.53],[43.232,11.48],[43.295,11.459],[43.352,11.431],[43.398,11.407],[43.447,11.378],[43.495,11.392],[43.477,11.333],[43.483,11.287],[43.507,11.22],[43.554,11.193],[43.57,11.138],[43.599,11.093],[43.629,11.045],[43.675,10.962],[43.777,10.847],[43.895,10.732],[43.978,10.668],[44.052,10.614],[44.113,10.557],[44.197,10.507],[44.268,10.445],[44.372,10.396],[44.42,10.389],[44.517,10.387],[44.576,10.375],[44.637,10.383],[44.747,10.416],[44.793,10.411],[44.856,10.405],[44.954,10.407],[45.004,10.431],[45.053,10.472],[45.146,10.515],[45.212,10.545],[45.26,10.583],[45.322,10.657],[45.372,10.66],[45.433,10.66],[45.48,10.68],[45.53,10.705],[45.577,10.725],[45.622,10.763],[45.672,10.78],[45.748,10.824],[45.806,10.868],[45.855,10.836],[45.925,10.814],[45.977,10.778],[46.067,10.765],[46.131,10.768],[46.199,10.781],[46.259,10.774],[46.331,10.703],[46.4,10.684],[46.487,10.696],[46.538,10.72],[46.588,10.731],[46.669,10.749],[46.728,10.785],[46.787,10.815],[46.837,10.844],[46.886,10.877],[46.932,10.917],[46.981,10.927],[47.043,10.964],[47.102,10.988],[47.14,11.039],[47.202,11.08],[47.264,11.118],[47.32,11.14],[47.373,11.16],[47.447,11.176],[47.539,11.185],[47.632,11.118],[47.702,11.094],[47.771,11.119],[47.882,11.115],[47.947,11.118],[48.0,11.122],[48.054,11.13],[48.129,11.129],[48.183,11.154],[48.229,11.194],[48.275,11.213],[48.335,11.246],[48.386,11.275],[48.443,11.283],[48.517,11.31],[48.604,11.311],[48.663,11.329],[48.718,11.31],[48.771,11.297],[48.841,11.267],[48.926,11.242],[48.981,11.245],[49.072,11.272],[49.139,11.282],[49.259,11.306],[49.326,11.334],[49.399,11.333],[49.445,11.345],[49.495,11.378],[49.546,11.437],[49.661,11.462],[49.718,11.47],[49.839,11.463],[49.919,11.505],[49.97,11.51],[50.078,11.508],[50.131,11.542],[50.192,11.558],[50.239,11.58],[50.285,11.594],[50.395,11.657],[50.458,11.688],[50.513,11.753],[50.542,11.807],[50.55,11.869],[50.609,11.926],[50.688,11.933],[50.735,11.958],[50.783,11.973],[50.867,11.944],[50.983,11.916],[51.038,11.883],[51.097,11.87],[51.145,11.873],[51.196,11.849],[51.242,11.835],[51.291,11.833],[51.273,11.776],[51.25,11.715],[51.256,11.669],[51.22,11.622],[51.16,11.552],[51.125,11.497],[51.127,11.434],[51.11,11.387],[51.09,11.342],[51.08,11.251],[51.085,11.201],[51.167,11.15],[51.156,11.09],[51.135,11.037],[51.12,10.98],[51.12,10.896],[51.129,10.8],[51.13,10.721],[51.136,10.673],[51.162,10.601],[51.113,10.556],[51.114,10.503],[51.052,10.463],[51.035,10.408],[51.08,10.424],[51.136,10.434],[51.235,10.435],[51.197,10.499],[51.18,10.564],[51.236,10.513],[51.283,10.49],[51.342,10.476],[51.388,10.481],[51.405,10.417],[51.377,10.364],[51.293,10.372],[51.262,10.42],[51.192,10.425],[51.095,10.409],[51.024,10.387],[50.939,10.344],[50.896,10.259],[50.906,10.202],[50.899,10.139],[50.891,10.061],[50.901,10.008],[50.885,9.962],[50.877,9.909],[50.853,9.856],[50.848,9.811],[50.839,9.766],[50.831,9.713],[50.826,9.658],[50.81,9.603],[50.805,9.524],[50.844,9.478],[50.83,9.419],[50.802,9.371],[50.765,9.316],[50.659,9.208],[50.647,9.162],[50.65,9.095],[50.595,9.038],[50.522,8.969],[50.459,8.908],[50.42,8.857],[50.408,8.785],[50.386,8.708],[50.345,8.658],[50.329,8.587],[50.325,8.528],[50.245,8.442],[50.21,8.39],[50.187,8.336],[50.15,8.287],[50.137,8.231],[50.114,8.18],[50.066,8.138],[49.972,8.084],[49.921,8.031],[49.854,7.967],[49.815,7.909],[49.805,7.833],[49.827,7.788],[49.825,7.74],[49.791,7.694],[49.766,7.64],[49.714,7.518],[49.679,7.452],[49.574,7.295],[49.532,7.245],[49.497,7.193],[49.43,7.095],[49.396,7.049],[49.367,6.997],[49.331,6.942],[49.28,6.863],[49.21,6.741],[49.171,6.637],[49.146,6.586],[49.115,6.502],[49.09,6.433],[49.08,6.375],[49.081,6.314],[49.062,6.232],[49.008,6.114],[48.954,5.992],[48.911,5.913],[48.814,5.77],[48.751,5.672],[48.719,5.62],[48.69,5.572],[48.646,5.495],[48.6,5.432],[48.548,5.372],[48.522,5.325],[48.424,5.203],[48.382,5.142],[48.313,5.058],[48.278,5.011],[48.233,4.938],[48.167,4.827],[48.116,4.732],[48.09,4.678],[48.042,4.611],[48.008,4.544],[47.965,4.478],[47.915,4.422],[47.846,4.356],[47.77,4.267],[47.72,4.205],[47.667,4.147],[47.618,4.095],[47.565,4.032],[47.52,3.982],[47.47,3.92],[47.402,3.848],[47.207,3.66],[47.162,3.61],[47.122,3.564],[47.081,3.516],[46.997,3.433],[46.91,3.338],[46.87,3.29],[46.807,3.205],[46.731,3.134],[46.682,3.075],[46.607,3.011],[46.537,2.945],[46.46,2.887],[46.391,2.817],[46.339,2.78],[46.307,2.725],[46.227,2.662],[46.185,2.606],[46.13,2.555],[46.057,2.475],[46.012,2.43],[45.909,2.357],[45.843,2.325],[45.798,2.296],[45.747,2.265],[45.652,2.212],[45.569,2.164],[45.482,2.107],[45.402,2.058],[45.354,2.031],[45.308,2.011],[45.247,1.98],[45.201,1.957],[45.152,1.934],[45.099,1.912],[45.047,1.884],[44.984,1.838],[44.93,1.807],[44.87,1.775],[44.775,1.713],[44.72,1.675],[44.67,1.642],[44.625,1.6],[44.578,1.574],[44.532,1.536],[44.486,1.495],[44.43,1.452],[44.376,1.415],[44.324,1.375],[44.231,1.291],[44.158,1.226],[44.094,1.165],[44.035,1.115],[43.952,1.046],[43.903,0.999],[43.831,0.952],[43.784,0.918],[43.736,0.867],[43.662,0.809],[43.61,0.759],[43.559,0.715],[43.5,0.655],[43.44,0.594],[43.369,0.522],[43.309,0.452],[43.255,0.396],[43.038,0.155],[42.989,0.106],[42.922,0.032],[42.662,-0.228],[42.615,-0.269],[42.575,-0.325],[42.559,-0.373],[42.505,-0.401],[42.488,-0.447],[42.44,-0.476],[42.398,-0.525],[42.335,-0.598],[42.294,-0.656],[42.26,-0.703],[42.223,-0.756],[42.18,-0.808],[42.117,-0.844],[42.069,-0.84],[42.085,-0.899],[42.031,-0.957],[41.981,-1.015],[41.962,-1.064],[41.928,-1.119],[41.894,-1.167],[41.884,-1.213],[41.836,-1.169],[41.785,-1.148],[41.831,-1.192],[41.84,-1.243],[41.804,-1.298],[41.775,-1.351],[41.746,-1.398],[41.703,-1.453],[41.678,-1.501],[41.65,-1.548],[41.609,-1.598],[41.592,-1.645],[41.525,-1.697],[41.496,-1.743],[41.445,-1.793],[41.397,-1.847],[41.36,-1.897],[41.328,-1.942],[41.281,-1.982],[41.271,-1.935],[41.222,-1.909],[41.176,-1.921],[41.138,-1.976],[41.187,-1.946],[41.187,-1.992],[41.128,-1.985],[41.081,-2.014],[41.033,-2.052],[40.985,-2.029],[40.992,-1.97],[41.007,-1.918],[41.055,-1.88],[41.007,-1.885],[40.964,-1.941],[40.971,-2.002],[40.982,-2.06],[40.932,-2.077],[40.915,-2.018],[40.877,-1.973],[40.818,-1.955],[40.772,-1.94],[40.82,-1.965],[40.879,-1.998],[40.904,-2.045],[40.917,-2.097],[40.921,-2.209],[40.967,-2.222],[40.974,-2.278],[40.924,-2.322],[40.921,-2.274],[40.9,-2.228],[40.847,-2.25],[40.799,-2.284],[40.751,-2.256],[40.796,-2.315],[40.74,-2.298],[40.777,-2.35],[40.825,-2.373],[40.782,-2.426],[40.711,-2.472],[40.647,-2.535],[40.572,-2.552],[40.522,-2.524],[40.457,-2.542],[40.386,-2.572],[40.322,-2.607],[40.27,-2.648],[40.222,-2.698],[40.193,-2.747],[40.176,-2.792],[40.171,-2.862],[40.162,-2.93],[40.189,-2.988],[40.236,-2.979],[40.197,-3.029],[40.153,-3.086],[40.147,-3.144],[40.118,-3.198],[40.125,-3.248],[40.09,-3.314],[40.027,-3.35],[39.972,-3.391],[39.965,-3.343],[39.961,-3.39],[39.925,-3.496],[39.899,-3.578],[39.87,-3.633],[39.821,-3.612],[39.868,-3.658],[39.86,-3.717],[39.844,-3.766],[39.829,-3.813],[39.786,-3.909],[39.763,-3.955],[39.725,-4.013],[39.698,-4.062],[39.653,-4.067],[39.587,-4.045],[39.575,-4.091],[39.63,-4.065],[39.654,-4.127],[39.631,-4.178],[39.602,-4.239],[39.57,-4.327],[39.55,-4.382],[39.538,-4.437],[39.479,-4.483],[39.463,-4.535],[39.438,-4.592],[39.446,-4.532],[39.416,-4.58],[39.402,-4.647],[39.352,-4.64],[39.304,-4.639],[39.309,-4.588],[39.263,-4.622],[39.218,-4.681],[39.213,-4.729],[39.173,-4.778],[39.214,-4.825],[39.204,-4.873],[39.182,-4.924],[39.171,-4.878],[39.121,-4.915],[39.14,-4.974],[39.128,-5.03],[39.131,-5.078],[39.134,-5.125],[39.105,-5.171],[39.064,-5.217],[39.071,-5.263],[39.047,-5.334],[39.02,-5.408],[38.951,-5.424],[39.0,-5.448],[38.983,-5.499],[38.97,-5.55],[38.937,-5.598],[38.89,-5.643],[38.896,-5.71],[38.867,-5.762],[38.835,-5.821],[38.82,-5.892],[38.816,-5.94],[38.788,-6.0],[38.773,-6.053],[38.8,-6.109],[38.835,-6.158],[38.857,-6.233],[38.834,-6.318],[38.858,-6.375],[38.898,-6.433],[38.954,-6.459],[39.003,-6.479],[39.063,-6.493],[39.1,-6.543],[39.147,-6.576],[39.184,-6.63],[39.22,-6.676],[39.235,-6.722],[39.283,-6.737],[39.29,-6.783],[39.291,-6.83],[39.347,-6.827],[39.408,-6.861],[39.457,-6.865],[39.505,-6.941],[39.544,-6.987],[39.546,-7.07],[39.556,-7.118],[39.51,-7.149],[39.447,-7.184],[39.427,-7.241],[39.378,-7.279],[39.347,-7.337],[39.35,-7.388],[39.318,-7.438],[39.3,-7.49],[39.28,-7.567],[39.278,-7.639],[39.3,-7.688],[39.302,-7.738],[39.278,-7.794],[39.233,-7.845],[39.28,-7.811],[39.319,-7.732],[39.332,-7.78],[39.306,-7.828],[39.267,-7.892],[39.323,-7.857],[39.349,-7.804],[39.405,-7.792],[39.389,-7.837],[39.439,-7.813],[39.435,-7.86],[39.409,-7.91],[39.43,-7.958],[39.432,-8.018],[39.422,-8.067],[39.392,-8.113],[39.359,-8.212],[39.312,-8.2],[39.334,-8.252],[39.326,-8.3],[39.275,-8.269],[39.271,-8.315],[39.285,-8.361],[39.302,-8.416],[39.294,-8.467],[39.292,-8.513],[39.339,-8.548],[39.353,-8.604],[39.36,-8.652],[39.371,-8.712],[39.423,-8.74],[39.45,-8.795],[39.499,-8.821],[39.513,-8.873],[39.555,-8.925],[39.503,-8.938],[39.47,-8.882],[39.423,-8.874],[39.38,-8.937],[39.43,-8.9],[39.475,-8.918],[39.429,-8.95],[39.48,-8.933],[39.485,-9.005],[39.491,-9.057],[39.477,-9.102],[39.5,-9.157],[39.522,-9.105],[39.569,-9.107],[39.548,-9.055],[39.61,-9.068],[39.607,-9.114],[39.616,-9.165],[39.631,-9.221],[39.629,-9.268],[39.64,-9.327],[39.637,-9.38],[39.577,-9.408],[39.53,-9.375],[39.554,-9.428],[39.622,-9.426],[39.647,-9.48],[39.69,-9.527],[39.703,-9.582],[39.708,-9.638],[39.734,-9.686],[39.711,-9.737],[39.754,-9.788],[39.791,-9.834],[39.784,-9.886],[39.772,-9.937],[39.721,-9.948],[39.712,-9.998],[39.757,-9.978],[39.812,-9.985],[39.867,-10.012],[39.918,-10.053],[39.94,-10.099],[39.955,-10.148],[39.966,-10.2],[39.983,-10.155],[40.028,-10.143],[40.078,-10.159],[40.133,-10.182],[40.128,-10.233],[40.112,-10.278],[40.158,-10.286],[40.215,-10.277],[40.261,-10.275],[40.208,-10.248],[40.26,-10.259],[40.305,-10.302],[40.329,-10.355],[40.379,-10.366],[40.396,-10.32],[40.442,-10.342],[40.399,-10.39],[40.354,-10.408],[40.409,-10.391],[40.421,-10.437],[40.408,-10.495],[40.456,-10.484],[40.52,-10.491],[40.534,-10.548],[40.484,-10.558],[40.551,-10.582],[40.567,-10.646],[40.627,-10.672],[40.568,-10.691],[40.512,-10.737],[40.483,-10.785],[40.435,-10.791],[40.482,-10.803],[40.534,-10.795],[40.58,-10.822],[40.542,-10.887],[40.493,-10.943],[40.492,-10.988],[40.537,-11.015],[40.56,-11.07],[40.499,-11.137],[40.49,-11.183],[40.442,-11.235],[40.414,-11.286],[40.365,-11.324],[40.414,-11.371],[40.462,-11.392],[40.46,-11.448],[40.442,-11.506],[40.421,-11.555],[40.463,-11.614],[40.443,-11.667],[40.437,-11.726],[40.46,-11.774],[40.463,-11.823],[40.51,-11.849],[40.485,-11.907],[40.502,-11.968],[40.55,-11.997],[40.504,-12.058],[40.512,-12.106],[40.501,-12.169],[40.509,-12.216],[40.49,-12.262],[40.508,-12.322],[40.497,-12.37],[40.516,-12.418],[40.57,-12.39],[40.51,-12.442],[40.488,-12.49],[40.441,-12.515],[40.49,-12.521],[40.577,-12.531],[40.562,-12.588],[40.587,-12.638],[40.557,-12.575],[40.556,-12.622],[40.559,-12.671],[40.56,-12.719],[40.611,-12.703],[40.619,-12.748],[40.627,-12.797],[40.574,-12.786],[40.562,-12.837],[40.54,-12.893],[40.49,-12.878],[40.444,-12.897],[40.398,-12.892],[40.41,-12.94],[40.425,-12.988],[40.42,-13.034],[40.468,-13.024],[40.475,-13.073],[40.517,-13.023],[40.515,-12.976],[40.582,-12.961],[40.58,-13.031],[40.564,-13.128],[40.57,-13.199],[40.567,-13.25],[40.577,-13.307],[40.597,-13.353],[40.576,-13.404],[40.547,-13.477],[40.48,-13.514],[40.527,-13.52],[40.579,-13.565],[40.555,-13.612],[40.553,-13.657],[40.588,-13.712],[40.587,-13.773],[40.596,-13.827],[40.575,-13.877],[40.62,-13.915],[40.632,-13.963],[40.618,-14.01],[40.635,-14.059],[40.587,-14.087],[40.617,-14.138],[40.57,-14.149],[40.514,-14.168],[40.562,-14.209],[40.61,-14.256],[40.633,-14.208],[40.687,-14.197],[40.721,-14.247],[40.738,-14.305],[40.702,-14.358],[40.654,-14.348],[40.643,-14.403],[40.656,-14.452],[40.641,-14.499],[40.633,-14.554],[40.679,-14.528],[40.685,-14.478],[40.742,-14.432],[40.803,-14.411],[40.835,-14.462],[40.827,-14.52],[40.767,-14.554],[40.827,-14.523],[40.83,-14.578],[40.805,-14.627],[40.846,-14.677],[40.845,-14.767],[40.842,-14.833],[40.787,-14.845],[40.739,-14.874],[40.686,-14.902],[40.645,-14.857],[40.65,-14.918],[40.697,-14.923],[40.743,-14.93],[40.767,-14.984],[40.679,-14.991],[40.632,-14.945],[40.649,-15.002],[40.697,-15.031],[40.71,-15.078],[40.655,-15.089],[40.604,-15.109],[40.552,-15.122],[40.515,-15.173],[40.565,-15.202],[40.61,-15.152],[40.658,-15.187],[40.649,-15.232],[40.65,-15.28],[40.63,-15.328],[40.601,-15.388],[40.54,-15.451],[40.552,-15.502],[40.502,-15.54],[40.454,-15.576],[40.382,-15.596],[40.428,-15.6],[40.475,-15.58],[40.424,-15.615],[40.39,-15.673],[40.345,-15.741],[40.288,-15.8],[40.235,-15.849],[40.176,-15.904],[40.125,-15.953],[40.078,-16.0],[40.128,-15.968],[40.103,-16.04],[40.07,-16.104],[40.025,-16.179],[39.979,-16.221],[39.915,-16.241],[39.885,-16.195],[39.871,-16.243],[39.805,-16.275],[39.754,-16.26],[39.77,-16.308],[39.785,-16.361],[39.787,-16.414],[39.835,-16.428],[39.787,-16.474],[39.728,-16.467],[39.707,-16.515],[39.634,-16.564],[39.554,-16.608],[39.498,-16.658],[39.431,-16.696],[39.353,-16.733],[39.297,-16.761],[39.251,-16.771],[39.242,-16.721],[39.216,-16.767],[39.206,-16.818],[39.137,-16.88],[39.091,-16.914],[39.042,-16.95],[39.089,-16.95],[39.076,-17.003],[38.983,-17.004],[38.927,-17.023],[38.876,-17.043],[38.828,-17.054],[38.729,-17.07],[38.683,-17.065],[38.582,-17.11],[38.582,-17.062],[38.557,-17.107],[38.503,-17.112],[38.452,-17.139],[38.5,-17.127],[38.366,-17.179],[38.312,-17.202],[38.245,-17.224],[38.193,-17.255],[38.148,-17.292],[38.127,-17.232],[38.077,-17.196],[38.12,-17.243],[38.066,-17.27],[38.118,-17.289],[38.057,-17.318],[38.008,-17.33],[37.916,-17.355],[37.85,-17.385],[37.717,-17.465],[37.627,-17.51],[37.559,-17.522],[37.501,-17.579],[37.451,-17.61],[37.363,-17.662],[37.31,-17.687],[37.258,-17.72],[37.212,-17.75],[37.15,-17.805],[37.08,-17.891],[37.022,-17.975],[36.977,-18.016],[36.94,-17.97],[36.91,-17.903],[36.855,-17.879],[36.901,-17.993],[36.949,-18.045],[36.906,-18.126],[36.878,-18.172],[36.829,-18.174],[36.78,-18.204],[36.833,-18.193],[36.8,-18.254],[36.682,-18.37],[36.632,-18.415],[36.547,-18.5],[36.491,-18.503],[36.508,-18.555],[36.453,-18.563],[36.441,-18.613],[36.411,-18.673],[36.365,-18.728],[36.401,-18.787],[36.352,-18.801],[36.328,-18.853],[36.268,-18.81],[36.265,-18.857],[36.215,-18.893],[36.149,-18.904],[36.101,-18.918],[36.054,-18.924],[35.994,-18.935],[36.022,-18.886],[35.96,-18.918],[35.918,-18.965],[35.865,-18.968],[35.822,-19.018],[35.758,-19.059],[35.699,-19.121],[35.615,-19.21],[35.551,-19.28],[35.503,-19.333],[35.459,-19.383],[35.415,-19.443],[35.363,-19.493],[35.301,-19.546],[35.252,-19.585],[35.147,-19.678],[35.092,-19.723],[35.036,-19.75],[34.984,-19.796],[34.937,-19.817],[34.885,-19.853],[34.832,-19.85],[34.826,-19.791],[34.758,-19.728],[34.708,-19.725],[34.664,-19.671],[34.662,-19.718],[34.715,-19.755],[34.76,-19.8],[34.785,-19.85],[34.728,-19.894],[34.759,-19.966],[34.749,-20.029],[34.771,-20.098],[34.78,-20.146],[34.72,-20.156],[34.67,-20.166],[34.719,-20.201],[34.732,-20.253],[34.714,-20.302],[34.668,-20.328],[34.707,-20.373],[34.654,-20.372],[34.66,-20.429],[34.707,-20.425],[34.719,-20.477],[34.664,-20.511],[34.667,-20.562],[34.714,-20.52],[34.768,-20.542],[34.833,-20.616],[34.847,-20.666],[34.892,-20.639],[34.874,-20.692],[34.919,-20.686],[34.97,-20.697],[35.011,-20.745],[35.026,-20.79],[34.976,-20.795],[35.017,-20.842],[35.063,-20.883],[35.119,-20.927],[35.072,-20.947],[35.125,-20.973],[35.106,-21.032],[35.057,-21.015],[35.083,-21.063],[35.032,-21.08],[35.045,-21.128],[35.045,-21.182],[35.094,-21.201],[35.046,-21.223],[35.075,-21.268],[35.075,-21.313],[35.114,-21.245],[35.127,-21.178],[35.113,-21.283],[35.113,-21.329],[35.138,-21.412],[35.191,-21.496],[35.253,-21.585],[35.272,-21.638],[35.271,-21.684],[35.275,-21.75],[35.285,-21.806],[35.305,-21.853],[35.323,-21.908],[35.313,-21.956],[35.325,-22.005],[35.326,-22.067],[35.334,-22.113],[35.322,-22.159],[35.328,-22.21],[35.375,-22.215],[35.42,-22.167],[35.468,-22.101],[35.5,-22.147],[35.525,-22.221],[35.52,-22.304],[35.527,-22.257],[35.53,-22.206],[35.53,-22.255],[35.544,-22.327],[35.537,-22.453],[35.503,-22.575],[35.517,-22.672],[35.517,-22.729],[35.515,-22.793],[35.531,-22.863],[35.551,-22.921],[35.603,-22.92],[35.584,-22.988],[35.536,-23.057],[35.509,-23.102],[35.495,-23.148],[35.486,-23.205],[35.495,-23.257],[35.49,-23.309],[35.471,-23.36],[35.452,-23.416],[35.425,-23.497],[35.422,-23.613],[35.42,-23.698],[35.37,-23.665],[35.333,-23.713],[35.379,-23.694],[35.363,-23.751],[35.351,-23.814],[35.353,-23.864],[35.343,-23.917],[35.336,-23.976],[35.387,-23.925],[35.381,-23.873],[35.438,-23.865],[35.49,-23.84],[35.488,-23.784],[35.539,-23.791],[35.538,-23.842],[35.527,-23.913],[35.5,-23.998],[35.491,-24.062],[35.502,-24.108],[35.469,-24.171],[35.426,-24.231],[35.365,-24.306],[35.313,-24.371],[35.259,-24.434],[35.209,-24.484],[35.154,-24.567],[35.103,-24.616],[35.056,-24.64],[35.009,-24.669],[34.886,-24.715],[34.813,-24.751],[34.701,-24.79],[34.612,-24.814],[34.539,-24.84],[34.431,-24.876],[34.48,-24.848],[34.431,-24.864],[34.372,-24.904],[34.296,-24.931],[34.21,-24.949],[34.074,-25.0],[20.0,-25.0],[20.0,30.782],[20.057,30.851],[20.076,30.899],[20.11,30.95],[20.134,31.001],[20.167,31.078],[20.175,31.136],[20.15,31.237],[20.115,31.296],[20.084,31.343],[20.03,31.393],[20.015,31.467],[20.0,32.028],[20.043,32.079],[20.077,32.142],[20.143,32.219],[20.208,32.284],[20.297,32.35],[20.367,32.412],[20.561,32.539],[20.651,32.584],[20.75,32.619],[20.803,32.645],[20.874,32.672],[20.929,32.703],[20.982,32.73],[21.037,32.749],[21.096,32.768],[21.148,32.772],[21.221,32.774],[21.283,32.775],[21.358,32.775],[21.409,32.788],[21.473,32.819],[21.522,32.85],[21.588,32.896],[21.636,32.925],[21.708,32.941],[21.77,32.928],[21.83,32.912],[21.889,32.902],[21.96,32.903],[22.009,32.908],[22.057,32.909],[22.117,32.936],[22.179,32.925],[22.244,32.874],[22.292,32.875],[22.344,32.87],[22.42,32.853],[22.47,32.828],[22.523,32.806],[22.585,32.787],[22.634,32.773],[22.71,32.745],[22.764,32.729],[22.813,32.717],[22.865,32.692],[22.914,32.67],[22.962,32.663],[23.012,32.655],[23.064,32.642],[23.126,32.616],[23.099,32.568],[23.103,32.522],[23.145,32.473],[23.146,32.427],[23.095,32.432],[23.091,32.379],[23.09,32.326],[23.15,32.305],[23.201,32.28],[23.254,32.204],[23.309,32.158],[23.314,32.214],[23.367,32.205],[23.422,32.173],[23.471,32.173],[23.525,32.174],[23.595,32.176],[23.665,32.182],[23.72,32.178],[23.772,32.167],[23.832,32.138],[23.881,32.12],[23.929,32.113],[23.975,32.105],[24.013,32.055],[24.06,32.024],[24.109,32.013],[24.177,32.005],[24.237,32.003],[24.292,32.003],[24.338,31.998],[24.388,31.991],[24.435,31.994],[24.486,31.994],[24.532,31.983],[24.602,31.998],[24.649,32.015],[24.711,32.024],[24.762,32.02],[24.824,31.992],[24.875,31.986],[24.933,31.979],[24.98,31.971],[25.032,31.938],[25.033,31.875],[25.046,31.827],[25.077,31.781],[25.125,31.727],[25.139,31.679],[25.156,31.629],[25.175,31.577],[25.201,31.524],[25.289,31.507],[25.368,31.507],[25.419,31.506],[25.464,31.516],[25.523,31.525],[25.572,31.542],[25.63,31.558],[25.696,31.575],[25.807,31.613],[25.888,31.63],[25.96,31.617],[26.055,31.603],[26.124,31.585],[26.178,31.568],[26.227,31.557],[26.281,31.545],[26.347,31.527],[26.41,31.517],[26.46,31.509],[26.522,31.495],[26.593,31.488],[26.669,31.49],[26.75,31.484],[26.798,31.458],[26.893,31.44],[26.962,31.443],[27.012,31.415],[27.062,31.409],[27.212,31.374],[27.271,31.367],[27.34,31.374],[27.369,31.315],[27.393,31.254],[27.45,31.215],[27.556,31.208],[27.637,31.197],[27.725,31.188],[27.806,31.215],[27.855,31.243],[27.87,31.196],[27.89,31.136],[27.956,31.094],[28.01,31.094],[28.157,31.095],[28.207,31.074],[28.273,31.076],[28.345,31.072],[28.435,31.089],[28.482,31.061],[28.557,31.054],[28.608,31.017],[28.653,31.005],[28.709,31.005],[28.761,30.987],[28.828,30.955],[28.857,30.909],[28.914,30.873],[28.969,30.855],[29.065,30.822],[29.129,30.822],[29.221,30.84],[29.347,30.88],[29.397,30.901],[29.469,30.937],[29.557,30.98],[29.607,31.015],[29.667,31.052],[29.75,31.108],[29.802,31.135],[29.855,31.165],[29.877,31.213],[29.928,31.22],[29.985,31.265],[30.033,31.294],[30.085,31.292],[30.147,31.273],[30.194,31.275],[30.256,31.301],[30.305,31.341],[30.339,31.396],[30.355,31.458],[30.351,31.504],[30.407,31.48],[30.47,31.455],[30.611,31.479],[30.739,31.517],[30.832,31.549],[30.913,31.565],[30.973,31.585],[30.897,31.555],[30.842,31.54],[30.793,31.511],[30.719,31.482],[30.669,31.453],[30.603,31.423],[30.557,31.424],[30.603,31.385],[30.652,31.392],[30.701,31.411],[30.751,31.415],[30.811,31.443],[30.857,31.428],[30.903,31.42],[30.954,31.445],[31.0,31.452],[31.026,31.506],[31.082,31.514],[31.13,31.504],[31.044,31.571],[30.999,31.582],[31.067,31.603],[31.115,31.601],[31.176,31.585],[31.231,31.575],[31.299,31.552],[31.356,31.528],[31.483,31.464],[31.533,31.447],[31.614,31.448],[31.736,31.474],[31.792,31.496],[31.843,31.526],[31.825,31.48],[31.856,31.535],[31.919,31.531],[31.973,31.459],[32.047,31.377],[32.092,31.359],[32.155,31.312],[32.205,31.289],[32.144,31.31],[32.094,31.335],[32.03,31.377],[31.984,31.416],[31.961,31.463],[31.928,31.514],[31.882,31.531],[31.853,31.486],[31.879,31.426],[31.827,31.461],[31.857,31.415],[31.825,31.369],[31.794,31.309],[31.831,31.252],[31.877,31.23],[31.923,31.211],[31.968,31.222],[32.014,31.219],[32.022,31.169],[32.02,31.12],[32.066,31.107],[32.085,31.061],[32.142,31.075],[32.178,31.122],[32.242,31.105],[32.275,31.158],[32.294,31.203],[32.285,31.227]]]}},{"type":"Feature","properties":{},"geometry":{"type":"Polygon","coordinates":[[[113.662,-25.0],[113.667,-24.943],[113.66,-24.897],[113.615,-24.86],[113.627,-24.813],[113.629,-24.767],[113.593,-24.709],[113.555,-24.663],[113.515,-24.613],[113.476,-24.559],[113.425,-24.514],[113.396,-24.407],[113.405,-24.352],[113.402,-24.293],[113.387,-24.22],[113.432,-24.194],[113.44,-24.145],[113.418,-24.097],[113.419,-24.04],[113.46,-23.979],[113.458,-23.928],[113.476,-23.878],[113.512,-23.833],[113.521,-23.779],[113.573,-23.726],[113.594,-23.66],[113.632,-23.615],[113.699,-23.57],[113.745,-23.529],[113.774,-23.478],[113.78,-23.428],[113.776,-23.372],[113.786,-23.318],[113.782,-23.272],[113.767,-23.216],[113.76,-23.17],[113.765,-23.123],[113.815,-23.055],[113.825,-22.988],[113.814,-22.922],[113.793,-22.876],[113.774,-22.81],[113.741,-22.741],[113.69,-22.715],[113.68,-22.658],[113.668,-22.613],[113.661,-22.545],[113.707,-22.517],[113.733,-22.471],[113.747,-22.406],[113.794,-22.347],[113.828,-22.274],[113.843,-22.224],[113.853,-22.178],[113.878,-22.123],[113.897,-22.059],[113.919,-22.007],[113.942,-21.95],[113.981,-21.892],[114.021,-21.846],[114.067,-21.825],[114.112,-21.803],[114.163,-21.784],[114.169,-21.829],[114.144,-21.878],[114.133,-21.928],[114.12,-21.998],[114.11,-22.053],[114.091,-22.109],[114.084,-22.195],[114.114,-22.243],[114.124,-22.299],[114.106,-22.353],[114.139,-22.304],[114.174,-22.353],[114.127,-22.394],[114.122,-22.443],[114.133,-22.497],[114.192,-22.515],[114.228,-22.468],[114.277,-22.432],[114.314,-22.486],[114.36,-22.491],[114.373,-22.438],[114.387,-22.387],[114.435,-22.359],[114.412,-22.302],[114.458,-22.323],[114.425,-22.269],[114.47,-22.247],[114.461,-22.202],[114.457,-22.155],[114.507,-22.159],[114.512,-22.112],[114.511,-22.067],[114.491,-22.01],[114.537,-22.039],[114.577,-21.993],[114.61,-21.942],[114.658,-21.908],[114.64,-21.848],[114.688,-21.835],[114.768,-21.79],[114.821,-21.751],[114.87,-21.716],[114.924,-21.7],[114.972,-21.67],[115.028,-21.68],[115.103,-21.629],[115.154,-21.625],[115.203,-21.623],[115.236,-21.575],[115.293,-21.591],[115.342,-21.564],[115.394,-21.554],[115.44,-21.533],[115.492,-21.507],[115.504,-21.45],[115.552,-21.432],[115.578,-21.38],[115.623,-21.361],[115.645,-21.314],[115.698,-21.274],[115.744,-21.27],[115.789,-21.258],[115.836,-21.222],[115.851,-21.172],[115.875,-21.125],[115.912,-21.077],[115.96,-21.052],[116.009,-21.031],[116.055,-21.014],[116.107,-21.0],[116.158,-20.965],[116.182,-20.899],[116.194,-20.84],[116.25,-20.854],[116.297,-20.872],[116.353,-20.839],[116.422,-20.822],[116.477,-20.805],[116.522,-20.778],[116.575,-20.739],[116.621,-20.725],[116.667,-20.727],[116.686,-20.677],[116.752,-20.634],[116.764,-20.585],[116.809,-20.54],[116.86,-20.517],[116.811,-20.584],[116.797,-20.634],[116.829,-20.707],[116.887,-20.718],[116.937,-20.717],[116.97,-20.668],[117.031,-20.645],[117.077,-20.632],[117.127,-20.641],[117.166,-20.59],[117.177,-20.636],[117.175,-20.687],[117.223,-20.702],[117.268,-20.719],[117.326,-20.731],[117.38,-20.748],[117.427,-20.729],[117.477,-20.718],[117.522,-20.71],[117.57,-20.69],[117.632,-20.66],[117.636,-20.707],[117.687,-20.666],[117.76,-20.664],[117.816,-20.623],[117.862,-20.58],[117.909,-20.565],[117.962,-20.547],[117.937,-20.489],[117.987,-20.469],[118.034,-20.437],[118.097,-20.39],[118.152,-20.356],[118.2,-20.371],[118.25,-20.374],[118.297,-20.348],[118.342,-20.323],[118.355,-20.368],[118.405,-20.354],[118.453,-20.331],[118.509,-20.327],[118.561,-20.325],[118.618,-20.344],[118.572,-20.315],[118.626,-20.296],[118.671,-20.328],[118.721,-20.3],[118.771,-20.305],[118.818,-20.275],[118.857,-20.23],[118.9,-20.168],[118.946,-20.142],[118.976,-20.088],[118.985,-20.043],[119.034,-20.027],[119.087,-19.989],[119.139,-19.975],[119.187,-20.02],[119.168,-19.958],[119.218,-19.954],[119.271,-19.976],[119.317,-19.985],[119.37,-19.988],[119.421,-19.995],[119.466,-20.001],[119.537,-20.059],[119.59,-20.079],[119.661,-20.038],[119.707,-19.992],[119.685,-20.038],[119.739,-20.008],[119.753,-19.96],[119.822,-19.97],[119.869,-19.958],[119.947,-19.938],[120.0,-19.933],[120.072,-19.923],[120.131,-19.912],[120.19,-19.914],[120.32,-19.876],[120.38,-19.851],[120.448,-19.829],[120.537,-19.799],[120.628,-19.77],[120.768,-19.709],[120.843,-19.679],[120.961,-19.632],[121.007,-19.603],[121.1,-19.545],[121.209,-19.468],[121.325,-19.352],[121.415,-19.236],[121.464,-19.168],[121.497,-19.113],[121.525,-19.055],[121.556,-18.994],[121.553,-18.943],[121.6,-18.94],[121.603,-18.886],[121.632,-18.838],[121.65,-18.789],[121.62,-18.743],[121.665,-18.713],[121.715,-18.705],[121.767,-18.674],[121.787,-18.62],[121.731,-18.58],[121.782,-18.522],[121.814,-18.452],[121.867,-18.472],[121.939,-18.44],[121.999,-18.404],[122.045,-18.358],[122.099,-18.315],[122.158,-18.282],[122.199,-18.231],[122.262,-18.185],[122.315,-18.173],[122.364,-18.128],[122.376,-18.078],[122.379,-18.026],[122.352,-17.976],[122.299,-17.975],[122.25,-17.953],[122.208,-18.0],[122.204,-17.95],[122.212,-17.854],[122.199,-17.773],[122.201,-17.72],[122.193,-17.669],[122.173,-17.603],[122.147,-17.557],[122.142,-17.507],[122.147,-17.401],[122.162,-17.342],[122.171,-17.287],[122.188,-17.24],[122.225,-17.188],[122.274,-17.15],[122.32,-17.136],[122.272,-17.133],[122.287,-17.073],[122.333,-17.05],[122.381,-17.013],[122.42,-16.962],[122.465,-16.94],[122.442,-16.985],[122.48,-16.932],[122.527,-16.95],[122.583,-16.958],[122.564,-16.905],[122.53,-16.853],[122.564,-16.788],[122.613,-16.779],[122.66,-16.795],[122.706,-16.787],[122.756,-16.747],[122.803,-16.763],[122.771,-16.713],[122.759,-16.647],[122.77,-16.596],[122.803,-16.546],[122.855,-16.532],[122.902,-16.482],[122.897,-16.435],[122.923,-16.388],[122.978,-16.389],[123.028,-16.355],[123.015,-16.405],[123.063,-16.434],[123.016,-16.455],[122.972,-16.508],[122.983,-16.558],[122.983,-16.608],[123.036,-16.62],[123.036,-16.675],[123.082,-16.668],[123.112,-16.715],[123.106,-16.773],[123.155,-16.803],[123.167,-16.853],[123.148,-16.911],[123.196,-16.943],[123.248,-16.997],[123.279,-17.068],[123.279,-17.115],[123.336,-17.153],[123.358,-17.208],[123.391,-17.274],[123.371,-17.326],[123.423,-17.323],[123.479,-17.393],[123.518,-17.443],[123.511,-17.489],[123.566,-17.51],[123.57,-17.558],[123.558,-17.603],[123.585,-17.555],[123.593,-17.505],[123.565,-17.459],[123.56,-17.41],[123.57,-17.363],[123.6,-17.299],[123.615,-17.226],[123.665,-17.214],[123.627,-17.162],[123.58,-17.093],[123.575,-17.043],[123.602,-16.982],[123.664,-17.003],[123.655,-17.048],[123.702,-17.04],[123.75,-17.08],[123.774,-17.13],[123.816,-17.18],[123.872,-17.22],[123.917,-17.26],[123.92,-17.212],[123.867,-17.177],[123.828,-17.12],[123.831,-17.07],[123.797,-17.024],[123.85,-17.011],[123.823,-16.958],[123.888,-16.906],[123.938,-16.866],[123.956,-16.813],[123.91,-16.858],[123.861,-16.89],[123.8,-16.912],[123.758,-16.842],[123.726,-16.79],[123.712,-16.726],[123.653,-16.717],[123.6,-16.676],[123.554,-16.665],[123.505,-16.662],[123.55,-16.636],[123.565,-16.587],[123.611,-16.593],[123.607,-16.546],[123.54,-16.549],[123.512,-16.599],[123.49,-16.546],[123.426,-16.51],[123.487,-16.515],[123.472,-16.468],[123.545,-16.503],[123.592,-16.525],[123.643,-16.529],[123.59,-16.511],[123.636,-16.493],[123.588,-16.444],[123.54,-16.431],[123.587,-16.401],[123.636,-16.427],[123.681,-16.43],[123.64,-16.377],[123.693,-16.371],[123.697,-16.322],[123.643,-16.312],[123.598,-16.31],[123.547,-16.282],[123.593,-16.261],[123.567,-16.214],[123.569,-16.168],[123.613,-16.215],[123.583,-16.165],[123.63,-16.175],[123.68,-16.153],[123.727,-16.154],[123.775,-16.178],[123.789,-16.225],[123.735,-16.259],[123.781,-16.3],[123.83,-16.323],[123.877,-16.347],[123.847,-16.393],[123.871,-16.445],[123.887,-16.393],[123.891,-16.348],[123.884,-16.302],[123.962,-16.369],[124.009,-16.383],[123.959,-16.33],[123.952,-16.283],[123.997,-16.293],[123.948,-16.262],[123.908,-16.215],[123.955,-16.237],[124.002,-16.256],[124.048,-16.273],[124.103,-16.278],[124.162,-16.305],[124.188,-16.352],[124.206,-16.398],[124.253,-16.409],[124.307,-16.412],[124.306,-16.46],[124.257,-16.458],[124.309,-16.463],[124.356,-16.454],[124.406,-16.481],[124.407,-16.528],[124.473,-16.511],[124.417,-16.487],[124.399,-16.428],[124.348,-16.425],[124.36,-16.38],[124.406,-16.371],[124.451,-16.398],[124.501,-16.4],[124.557,-16.406],[124.607,-16.411],[124.704,-16.399],[124.794,-16.41],[124.842,-16.43],[124.89,-16.427],[124.939,-16.395],[124.882,-16.41],[124.836,-16.412],[124.787,-16.388],[124.728,-16.375],[124.673,-16.35],[124.624,-16.336],[124.578,-16.33],[124.51,-16.345],[124.463,-16.342],[124.416,-16.362],[124.4,-16.314],[124.409,-16.233],[124.384,-16.187],[124.429,-16.18],[124.447,-16.129],[124.439,-16.073],[124.477,-16.119],[124.513,-16.172],[124.567,-16.202],[124.521,-16.171],[124.558,-16.119],[124.609,-16.117],[124.582,-16.036],[124.581,-15.987],[124.633,-15.98],[124.605,-15.932],[124.612,-15.885],[124.657,-15.851],[124.714,-15.81],[124.706,-15.764],[124.658,-15.795],[124.695,-15.744],[124.631,-15.792],[124.589,-15.842],[124.559,-15.898],[124.531,-15.948],[124.495,-16.003],[124.492,-15.957],[124.475,-15.9],[124.454,-15.854],[124.453,-15.809],[124.437,-15.858],[124.404,-15.809],[124.395,-15.76],[124.403,-15.714],[124.368,-15.667],[124.416,-15.641],[124.424,-15.591],[124.42,-15.54],[124.468,-15.509],[124.514,-15.466],[124.562,-15.498],[124.608,-15.509],[124.625,-15.459],[124.673,-15.478],[124.666,-15.429],[124.715,-15.377],[124.667,-15.36],[124.703,-15.315],[124.673,-15.262],[124.722,-15.27],[124.769,-15.302],[124.736,-15.349],[124.782,-15.315],[124.837,-15.325],[124.888,-15.353],[124.935,-15.388],[124.991,-15.428],[124.971,-15.475],[125.018,-15.472],[125.012,-15.521],[125.057,-15.497],[125.114,-15.48],[125.166,-15.528],[125.221,-15.564],[125.157,-15.51],[125.111,-15.469],[125.065,-15.439],[125.08,-15.379],[125.133,-15.335],[125.085,-15.338],[125.102,-15.279],[125.056,-15.311],[125.009,-15.31],[124.954,-15.335],[124.895,-15.337],[124.884,-15.279],[124.932,-15.251],[124.977,-15.218],[125.023,-15.215],[125.052,-15.164],[125.007,-15.157],[124.961,-15.186],[124.916,-15.218],[124.87,-15.24],[124.861,-15.194],[124.844,-15.149],[124.89,-15.112],[124.937,-15.123],[124.983,-15.132],[125.034,-15.099],[125.032,-15.052],[125.023,-14.992],[125.073,-14.976],[125.062,-15.026],[125.124,-15.043],[125.12,-15.092],[125.155,-15.143],[125.205,-15.118],[125.262,-15.1],[125.297,-15.152],[125.342,-15.143],[125.393,-15.152],[125.439,-15.148],[125.49,-15.153],[125.417,-15.13],[125.371,-15.118],[125.397,-15.072],[125.448,-15.017],[125.402,-14.973],[125.409,-15.021],[125.363,-14.995],[125.316,-15.006],[125.277,-14.96],[125.224,-14.969],[125.223,-14.923],[125.272,-14.93],[125.33,-14.882],[125.28,-14.866],[125.233,-14.865],[125.184,-14.838],[125.203,-14.792],[125.153,-14.766],[125.182,-14.719],[125.213,-14.667],[125.262,-14.691],[125.323,-14.651],[125.265,-14.637],[125.264,-14.589],[125.318,-14.573],[125.342,-14.522],[125.367,-14.57],[125.415,-14.551],[125.418,-14.597],[125.444,-14.652],[125.436,-14.596],[125.465,-14.544],[125.512,-14.511],[125.559,-14.512],[125.535,-14.562],[125.593,-14.56],[125.604,-14.513],[125.596,-14.458],[125.622,-14.41],[125.587,-14.359],[125.584,-14.311],[125.593,-14.264],[125.639,-14.241],[125.674,-14.287],[125.72,-14.289],[125.707,-14.335],[125.67,-14.382],[125.65,-14.432],[125.687,-14.482],[125.68,-14.543],[125.66,-14.597],[125.647,-14.644],[125.68,-14.577],[125.698,-14.529],[125.721,-14.479],[125.729,-14.43],[125.74,-14.476],[125.787,-14.472],[125.838,-14.466],[125.832,-14.52],[125.847,-14.569],[125.881,-14.622],[125.892,-14.672],[125.934,-14.623],[125.903,-14.577],[125.931,-14.53],[125.98,-14.546],[126.037,-14.537],[126.043,-14.479],[126.019,-14.433],[126.008,-14.385],[126.057,-14.361],[126.083,-14.315],[126.06,-14.267],[126.116,-14.234],[126.15,-14.186],[126.147,-14.14],[126.1,-14.077],[126.047,-14.08],[125.999,-14.071],[125.979,-14.013],[126.007,-14.065],[126.024,-14.015],[126.07,-14.009],[126.072,-13.963],[126.023,-13.929],[126.075,-13.92],[126.128,-13.94],[126.141,-13.985],[126.187,-13.969],[126.142,-14.015],[126.196,-14.008],[126.181,-14.055],[126.161,-14.101],[126.211,-14.078],[126.209,-14.125],[126.198,-14.182],[126.245,-14.21],[126.294,-14.239],[126.336,-14.192],[126.316,-14.141],[126.341,-14.093],[126.339,-14.045],[126.385,-14.051],[126.43,-13.988],[126.483,-13.996],[126.536,-13.932],[126.525,-13.983],[126.485,-14.03],[126.452,-14.076],[126.505,-14.089],[126.508,-14.136],[126.554,-14.146],[126.566,-14.195],[126.57,-14.241],[126.607,-14.193],[126.644,-14.135],[126.646,-14.083],[126.688,-14.129],[126.734,-14.065],[126.75,-14.017],[126.699,-14.02],[126.703,-13.972],[126.754,-13.987],[126.8,-13.976],[126.865,-13.975],[126.912,-13.984],[126.863,-13.95],[126.817,-13.928],[126.79,-13.876],[126.76,-13.824],[126.767,-13.778],[126.818,-13.77],[126.84,-13.819],[126.847,-13.768],[126.895,-13.757],[126.942,-13.765],[126.987,-13.779],[127.035,-13.828],[127.082,-13.838],[127.071,-13.887],[127.111,-13.935],[127.14,-13.981],[127.155,-13.934],[127.206,-13.97],[127.234,-13.914],[127.282,-13.918],[127.328,-13.968],[127.374,-13.989],[127.341,-13.943],[127.394,-13.94],[127.445,-13.974],[127.449,-14.024],[127.478,-14.08],[127.525,-14.077],[127.575,-14.12],[127.62,-14.142],[127.669,-14.182],[127.695,-14.228],[127.724,-14.274],[127.783,-14.334],[127.79,-14.387],[127.824,-14.436],[127.869,-14.428],[127.855,-14.482],[127.905,-14.506],[127.955,-14.533],[127.956,-14.578],[128.005,-14.576],[128.056,-14.615],[128.102,-14.649],[128.154,-14.684],[128.202,-14.705],[128.227,-14.754],[128.161,-14.744],[128.183,-14.8],[128.173,-14.846],[128.124,-14.863],[128.112,-14.942],[128.112,-14.992],[128.101,-15.041],[128.08,-15.091],[128.085,-15.154],[128.095,-15.211],[128.085,-15.258],[128.065,-15.305],[128.012,-15.292],[128.067,-15.315],[128.09,-15.371],[128.081,-15.437],[128.052,-15.485],[128.105,-15.45],[128.125,-15.391],[128.127,-15.335],[128.13,-15.289],[128.113,-15.243],[128.12,-15.193],[128.167,-15.211],[128.209,-15.256],[128.259,-15.304],[128.282,-15.37],[128.285,-15.418],[128.322,-15.495],[128.372,-15.497],[128.326,-15.476],[128.309,-15.413],[128.311,-15.344],[128.28,-15.281],[128.223,-15.209],[128.222,-15.14],[128.195,-15.087],[128.219,-15.032],[128.263,-14.984],[128.318,-15.011],[128.341,-15.057],[128.355,-15.105],[128.373,-15.059],[128.36,-14.993],[128.412,-15.038],[128.46,-15.068],[128.453,-15.021],[128.5,-15.021],[128.452,-14.993],[128.42,-14.926],[128.406,-14.879],[128.465,-14.947],[128.51,-14.998],[128.474,-14.937],[128.467,-14.89],[128.428,-14.844],[128.382,-14.827],[128.431,-14.805],[128.483,-14.788],[128.533,-14.786],[128.599,-14.798],[128.648,-14.806],[128.695,-14.795],[128.743,-14.838],[128.792,-14.847],[128.839,-14.863],[128.902,-14.86],[128.962,-14.875],[129.028,-14.883],[129.037,-14.936],[129.085,-14.92],[129.113,-14.966],[129.106,-15.023],[129.156,-15.053],[129.19,-15.105],[129.175,-15.168],[129.145,-15.215],[129.128,-15.268],[129.174,-15.217],[129.193,-15.153],[129.211,-15.212],[129.227,-15.163],[129.238,-15.11],[129.288,-15.109],[129.337,-15.125],[129.282,-15.105],[129.236,-15.073],[129.287,-15.037],[129.235,-15.014],[129.231,-14.963],[129.236,-14.917],[129.264,-14.965],[129.26,-14.914],[129.307,-14.93],[129.264,-14.878],[129.33,-14.87],[129.378,-14.913],[129.405,-14.964],[129.436,-15.014],[129.433,-14.967],[129.387,-14.939],[129.46,-14.933],[129.525,-15.01],[129.502,-15.064],[129.556,-15.049],[129.605,-15.108],[129.558,-15.171],[129.606,-15.206],[129.58,-15.155],[129.637,-15.136],[129.687,-15.131],[129.64,-15.077],[129.669,-15.03],[129.619,-14.998],[129.617,-14.948],[129.638,-14.901],[129.688,-14.913],[129.678,-14.963],[129.694,-14.912],[129.643,-14.891],[129.645,-14.837],[129.691,-14.863],[129.746,-14.852],[129.8,-14.86],[129.848,-14.844],[129.844,-14.902],[129.835,-14.95],[129.847,-14.9],[129.861,-14.849],[129.923,-14.858],[129.878,-14.81],[129.94,-14.78],[129.997,-14.808],[129.985,-14.759],[129.995,-14.709],[129.976,-14.758],[129.917,-14.75],[129.867,-14.778],[129.81,-14.824],[129.758,-14.825],[129.795,-14.778],[129.798,-14.732],[129.774,-14.787],[129.722,-14.793],[129.676,-14.769],[129.708,-14.722],[129.657,-14.727],[129.645,-14.682],[129.707,-14.661],[129.74,-14.613],[129.785,-14.599],[129.781,-14.54],[129.705,-14.565],[129.642,-14.58],[129.643,-14.528],[129.572,-14.567],[129.527,-14.554],[129.491,-14.508],[129.475,-14.458],[129.462,-14.505],[129.418,-14.454],[129.37,-14.423],[129.365,-14.377],[129.379,-14.324],[129.412,-14.259],[129.45,-14.195],[129.495,-14.125],[129.542,-14.144],[129.525,-14.202],[129.555,-14.147],[129.558,-14.097],[129.603,-14.139],[129.599,-14.08],[129.595,-14.035],[129.642,-14.048],[129.693,-14.019],[129.741,-13.985],[129.745,-13.936],[129.716,-13.868],[129.748,-13.81],[129.797,-13.785],[129.786,-13.732],[129.785,-13.663],[129.819,-13.596],[129.826,-13.517],[129.881,-13.501],[129.89,-13.442],[129.898,-13.491],[129.947,-13.53],[129.993,-13.534],[130.0,-25.0],[113.662,-25.0]]]}},{"type":"Feature","properties":{},"geometry":{"type":"Polygon","coordinates":[[[115.0,-4.015],[114.914,-4.06],[114.848,-4.091],[114.789,-4.121],[114.691,-4.176],[114.636,-4.185],[114.604,-4.12],[114.599,-4.068],[114.614,-4.008],[114.603,-3.952],[114.59,-3.883],[114.589,-3.831],[114.595,-3.743],[114.611,-3.672],[114.589,-3.612],[114.55,-3.564],[114.51,-3.516],[114.51,-3.466],[114.517,-3.419],[114.532,-3.353],[114.491,-3.423],[114.486,-3.49],[114.43,-3.487],[114.377,-3.46],[114.296,-3.423],[114.248,-3.386],[114.293,-3.332],[114.3,-3.283],[114.282,-3.336],[114.231,-3.374],[114.176,-3.395],[114.128,-3.379],[114.08,-3.334],[114.108,-3.28],[114.112,-3.224],[114.102,-3.28],[114.054,-3.311],[113.988,-3.363],[113.912,-3.401],[113.865,-3.439],[113.808,-3.46],[113.719,-3.472],[113.669,-3.47],[113.621,-3.457],[113.604,-3.402],[113.628,-3.344],[113.629,-3.242],[113.603,-3.177],[113.555,-3.163],[113.484,-3.174],[113.437,-3.233],[113.392,-3.25],[113.33,-3.253],[113.259,-3.182],[113.206,-3.135],[113.183,-3.088],[113.131,-3.065],[113.082,-3.025],[113.029,-2.946],[113.019,-2.996],[112.994,-3.041],[112.945,-3.076],[112.941,-3.133],[112.988,-3.159],[112.918,-3.229],[112.861,-3.26],[112.807,-3.294],[112.756,-3.325],[112.694,-3.363],[112.646,-3.4],[112.601,-3.421],[112.549,-3.39],[112.562,-3.437],[112.485,-3.42],[112.423,-3.359],[112.357,-3.329],[112.257,-3.305],[112.191,-3.326],[112.093,-3.415],[112.048,-3.445],[111.992,-3.495],[111.941,-3.545],[111.874,-3.569],[111.822,-3.557],[111.8,-3.505],[111.833,-3.427],[111.83,-3.325],[111.818,-3.26],[111.804,-3.213],[111.812,-3.14],[111.825,-3.083],[111.82,-3.032],[111.774,-2.953],[111.753,-2.904],[111.741,-2.856],[111.702,-2.803],[111.72,-2.859],[111.675,-2.897],[111.692,-2.957],[111.633,-2.977],[111.582,-3.006],[111.535,-3.029],[111.49,-2.975],[111.437,-2.935],[111.436,-2.887],[111.389,-2.924],[111.325,-2.92],[111.231,-2.967],[111.157,-3.006],[111.103,-3.033],[111.054,-3.051],[110.997,-3.062],[110.945,-3.059],[110.848,-2.995],[110.779,-2.976],[110.73,-2.988],[110.688,-3.035],[110.627,-3.008],[110.633,-2.929],[110.61,-2.876],[110.56,-2.84],[110.501,-2.851],[110.418,-2.898],[110.372,-2.931],[110.306,-2.995],[110.259,-2.966],[110.225,-2.888],[110.256,-2.842],[110.263,-2.771],[110.231,-2.726],[110.214,-2.649],[110.158,-2.638],[110.185,-2.59],[110.191,-2.543],[110.238,-2.56],[110.19,-2.516],[110.18,-2.457],[110.149,-2.368],[110.141,-2.309],[110.114,-2.263],[110.065,-2.25],[110.094,-2.202],[110.114,-2.148],[110.122,-2.098],[110.113,-2.042],[110.107,-1.994],[110.067,-1.93],[109.988,-1.902],[109.917,-1.864],[109.9,-1.816],[109.951,-1.796],[109.977,-1.743],[110.024,-1.705],[110.045,-1.617],[110.045,-1.552],[110.048,-1.5],[110.067,-1.447],[110.079,-1.388],[110.061,-1.341],[110.027,-1.294],[109.973,-1.276],[109.934,-1.22],[109.937,-1.137],[109.886,-1.101],[109.828,-1.089],[109.78,-1.039],[109.756,-1.105],[109.774,-1.15],[109.68,-1.196],[109.629,-1.225],[109.555,-1.26],[109.507,-1.298],[109.431,-1.287],[109.432,-1.208],[109.438,-1.159],[109.445,-1.1],[109.448,-1.052],[109.447,-0.997],[109.493,-0.978],[109.571,-0.995],[109.633,-0.987],[109.595,-0.934],[109.544,-0.885],[109.493,-0.878],[109.436,-0.858],[109.423,-0.904],[109.372,-0.928],[109.32,-0.905],[109.273,-0.871],[109.242,-0.819],[109.241,-0.762],[109.24,-0.705],[109.316,-0.705],[109.361,-0.715],[109.421,-0.722],[109.498,-0.746],[109.552,-0.745],[109.467,-0.734],[109.425,-0.685],[109.379,-0.655],[109.447,-0.659],[109.387,-0.612],[109.342,-0.59],[109.293,-0.593],[109.245,-0.594],[109.2,-0.553],[109.152,-0.569],[109.11,-0.515],[109.107,-0.442],[109.095,-0.364],[109.143,-0.363],[109.099,-0.287],[109.047,-0.256],[109.088,-0.205],[109.144,-0.203],[109.193,-0.216],[109.183,-0.163],[109.182,-0.115],[109.177,-0.063],[109.167,0.007],[109.22,0.018],[109.278,0.006],[109.224,0.039],[109.177,0.074],[109.141,0.129],[109.13,0.187],[109.077,0.261],[108.966,0.313],[108.91,0.322],[108.932,0.368],[108.945,0.42],[108.91,0.483],[108.928,0.565],[108.929,0.622],[108.909,0.683],[108.89,0.742],[108.866,0.788],[108.871,0.834],[108.924,0.868],[108.96,0.913],[108.975,0.993],[108.968,1.042],[108.938,1.098],[108.907,1.161],[108.956,1.17],[109.019,1.2],[109.073,1.202],[109.118,1.234],[109.061,1.208],[109.002,1.218],[108.986,1.275],[109.045,1.352],[109.052,1.404],[109.039,1.457],[109.051,1.507],[109.132,1.59],[109.237,1.644],[109.281,1.717],[109.292,1.771],[109.364,1.831],[109.309,1.795],[109.329,1.847],[109.324,1.904],[109.388,1.947],[109.449,1.973],[109.51,1.991],[109.561,1.987],[109.61,2.038],[109.642,2.084],[109.655,2.027],[109.649,1.98],[109.647,1.933],[109.676,1.887],[109.727,1.835],[109.776,1.816],[109.838,1.788],[109.869,1.741],[109.919,1.702],[109.966,1.696],[110.067,1.701],[110.132,1.707],[110.197,1.712],[110.264,1.717],[110.311,1.706],[110.304,1.752],[110.324,1.8],[110.356,1.739],[110.399,1.693],[110.444,1.725],[110.492,1.73],[110.493,1.679],[110.464,1.633],[110.514,1.634],[110.534,1.587],[110.582,1.598],[110.628,1.594],[110.692,1.565],[110.74,1.527],[110.735,1.482],[110.765,1.532],[110.778,1.579],[110.826,1.569],[110.871,1.542],[110.927,1.531],[110.998,1.488],[111.027,1.439],[111.097,1.403],[111.15,1.373],[111.128,1.425],[111.076,1.441],[111.035,1.511],[110.996,1.562],[111.005,1.613],[111.032,1.675],[111.082,1.688],[111.138,1.685],[111.157,1.637],[111.203,1.645],[111.157,1.656],[111.122,1.703],[111.102,1.751],[111.128,1.796],[111.135,1.903],[111.167,1.957],[111.17,2.008],[111.188,2.055],[111.249,2.07],[111.232,2.115],[111.285,2.122],[111.34,2.11],[111.348,2.161],[111.299,2.14],[111.251,2.155],[111.205,2.151],[111.16,2.167],[111.201,2.217],[111.251,2.194],[111.219,2.251],[111.195,2.327],[111.198,2.379],[111.216,2.428],[111.284,2.416],[111.302,2.366],[111.352,2.349],[111.415,2.365],[111.463,2.34],[111.457,2.389],[111.41,2.427],[111.39,2.491],[111.452,2.48],[111.409,2.526],[111.41,2.592],[111.429,2.67],[111.463,2.719],[111.527,2.76],[111.593,2.798],[111.64,2.839],[111.687,2.816],[111.737,2.8],[111.672,2.84],[111.857,2.88],[111.935,2.885],[111.993,2.895],[112.049,2.906],[112.099,2.915],[112.223,2.947],[112.315,2.975],[112.406,2.991],[112.456,3.009],[112.527,3.008],[112.582,3.003],[112.632,3.047],[112.742,3.074],[112.793,3.084],[112.865,3.1],[112.92,3.12],[113.001,3.159],[113.04,3.209],[113.073,3.266],[113.114,3.318],[113.164,3.371],[113.2,3.425],[113.247,3.461],[113.295,3.516],[113.324,3.575],[113.371,3.627],[113.414,3.694],[113.419,3.74],[113.487,3.796],[113.578,3.858],[113.68,3.945],[113.723,3.992],[113.78,4.058],[113.805,4.107],[113.844,4.152],[113.877,4.202],[113.925,4.264],[113.964,4.332],[113.967,4.382],[113.996,4.458],[113.99,4.511],[113.969,4.573],[114.02,4.592],[114.102,4.59],[114.171,4.595],[114.241,4.6],[114.313,4.619],[114.403,4.654],[114.487,4.691],[114.548,4.733],[114.595,4.773],[114.643,4.814],[114.801,4.93],[114.854,4.975],[114.928,4.999],[115.055,5.05],[115.111,5.048],[115.063,5.022],[115.038,4.973],[115.009,4.92],[115.018,4.871],[115.014,4.824],[115.061,4.796],[115.075,4.844],[115.126,4.859],[115.112,4.906],[115.157,4.912],[115.191,4.963],[115.236,4.955],[115.288,4.917],[115.334,4.894],[115.391,4.919],[115.41,4.972],[115.457,5.017],[115.505,5.032],[115.549,5.087],[115.551,5.144],[115.569,5.19],[115.585,5.237],[115.518,5.201],[115.465,5.231],[115.431,5.278],[115.375,5.3],[115.393,5.346],[115.362,5.3],[115.36,5.354],[115.37,5.411],[115.43,5.442],[115.475,5.494],[115.54,5.543],[115.573,5.595],[115.619,5.555],[115.686,5.536],[115.74,5.532],[115.788,5.539],[115.841,5.561],[115.877,5.616],[115.889,5.678],[115.889,5.73],[115.945,5.775],[115.997,5.809],[116.035,5.855],[116.033,5.906],[116.035,5.956],[116.082,6.0],[116.107,6.052],[116.112,6.1],[116.16,6.137],[116.181,6.219],[116.244,6.252],[116.279,6.3],[116.325,6.308],[116.31,6.359],[116.357,6.376],[116.43,6.442],[116.48,6.478],[116.498,6.526],[116.538,6.584],[116.572,6.649],[116.627,6.69],[116.629,6.754],[116.648,6.816],[116.638,6.867],[116.691,6.915],[116.705,6.963],[116.735,7.009],[116.79,7.0],[116.84,6.95],[116.855,6.897],[116.801,6.873],[116.853,6.861],[116.85,6.796],[116.815,6.733],[116.79,6.683],[116.755,6.633],[116.757,6.583],[116.808,6.566],[116.86,6.609],[116.9,6.659],[116.947,6.69],[116.97,6.74],[117.01,6.797],[117.048,6.843],[117.041,6.892],[117.023,6.937],[117.082,6.948],[117.096,7.0],[117.151,7.008],[117.19,6.96],[117.246,6.946],[117.255,6.893],[117.226,6.843],[117.235,6.791],[117.265,6.74],[117.265,6.677],[117.286,6.631],[117.332,6.604],[117.379,6.602],[117.425,6.558],[117.478,6.544],[117.471,6.498],[117.481,6.544],[117.509,6.62],[117.531,6.574],[117.564,6.528],[117.611,6.505],[117.658,6.487],[117.708,6.45],[117.728,6.384],[117.713,6.332],[117.725,6.275],[117.703,6.23],[117.652,6.236],[117.606,6.22],[117.584,6.172],[117.626,6.118],[117.655,6.065],[117.605,6.038],[117.651,6.007],[117.661,5.957],[117.582,5.923],[117.679,5.911],[117.756,5.901],[117.837,5.936],[117.892,5.948],[117.913,5.995],[117.965,6.039],[118.011,6.035],[118.052,5.978],[118.057,5.927],[118.102,5.886],[118.124,5.839],[118.078,5.811],[118.026,5.795],[118.021,5.847],[117.972,5.807],[117.921,5.805],[117.913,5.755],[117.94,5.71],[117.991,5.688],[118.036,5.707],[118.086,5.693],[118.134,5.664],[118.137,5.714],[118.191,5.749],[118.149,5.799],[118.198,5.82],[118.257,5.839],[118.327,5.815],[118.375,5.792],[118.421,5.785],[118.467,5.76],[118.522,5.726],[118.547,5.68],[118.531,5.634],[118.511,5.588],[118.561,5.579],[118.548,5.53],[118.595,5.569],[118.596,5.62],[118.654,5.643],[118.695,5.579],[118.764,5.535],[118.815,5.495],[118.807,5.442],[118.819,5.395],[118.82,5.442],[118.817,5.505],[118.863,5.476],[118.91,5.455],[118.924,5.403],[118.877,5.42],[118.912,5.374],[118.974,5.381],[118.945,5.427],[119.034,5.41],[119.105,5.416],[119.157,5.45],[119.21,5.426],[119.262,5.36],[119.271,5.31],[119.26,5.252],[119.253,5.193],[119.179,5.115],[119.096,5.08],[119.043,5.063],[118.982,5.055],[118.936,5.044],[118.89,5.02],[118.833,4.993],[118.752,4.95],[118.698,4.948],[118.65,4.933],[118.604,4.95],[118.557,4.965],[118.493,4.928],[118.445,4.958],[118.413,5.012],[118.36,5.029],[118.312,4.997],[118.261,4.969],[118.21,4.96],[118.172,4.91],[118.125,4.88],[118.166,4.827],[118.197,4.773],[118.227,4.723],[118.261,4.672],[118.311,4.63],[118.368,4.63],[118.399,4.58],[118.444,4.593],[118.476,4.53],[118.49,4.482],[118.533,4.527],[118.582,4.52],[118.622,4.474],[118.623,4.423],[118.572,4.431],[118.574,4.383],[118.522,4.35],[118.453,4.35],[118.407,4.331],[118.358,4.342],[118.311,4.324],[118.251,4.318],[118.187,4.292],[118.117,4.285],[118.057,4.25],[118.003,4.225],[117.95,4.244],[117.905,4.244],[117.86,4.283],[117.814,4.31],[117.761,4.335],[117.715,4.36],[117.679,4.418],[117.631,4.425],[117.582,4.387],[117.628,4.351],[117.618,4.305],[117.652,4.258],[117.605,4.235],[117.616,4.188],[117.552,4.145],[117.501,4.109],[117.452,4.125],[117.405,4.148],[117.36,4.162],[117.409,4.13],[117.36,4.102],[117.418,4.095],[117.478,4.082],[117.456,4.032],[117.504,4.057],[117.554,4.019],[117.572,3.961],[117.636,3.925],[117.687,3.919],[117.703,3.862],[117.753,3.872],[117.808,3.838],[117.845,3.79],[117.798,3.767],[117.838,3.71],[117.792,3.685],[117.747,3.646],[117.699,3.635],[117.647,3.625],[117.599,3.628],[117.548,3.661],[117.505,3.707],[117.491,3.657],[117.497,3.599],[117.439,3.621],[117.391,3.644],[117.314,3.625],[117.26,3.619],[117.197,3.634],[117.127,3.639],[117.072,3.638],[117.014,3.597],[117.072,3.615],[117.123,3.624],[117.178,3.61],[117.225,3.598],[117.193,3.547],[117.212,3.497],[117.222,3.446],[117.29,3.463],[117.31,3.417],[117.357,3.449],[117.438,3.418],[117.44,3.362],[117.486,3.33],[117.512,3.28],[117.466,3.28],[117.416,3.252],[117.361,3.231],[117.315,3.223],[117.317,3.171],[117.27,3.166],[117.317,3.164],[117.369,3.187],[117.422,3.179],[117.467,3.133],[117.405,3.12],[117.454,3.128],[117.495,3.082],[117.547,3.099],[117.605,3.09],[117.621,3.026],[117.576,2.985],[117.518,2.945],[117.576,2.968],[117.637,2.985],[117.683,2.968],[117.614,2.931],[117.554,2.92],[117.626,2.908],[117.714,2.906],[117.671,2.86],[117.613,2.825],[117.674,2.794],[117.73,2.78],[117.783,2.738],[117.785,2.677],[117.81,2.611],[117.865,2.557],[117.925,2.484],[117.975,2.441],[118.018,2.394],[118.065,2.358],[118.094,2.302],[118.08,2.256],[118.02,2.196],[117.973,2.189],[117.905,2.21],[117.8,2.202],[117.739,2.192],[117.792,2.184],[117.8,2.12],[117.873,2.075],[117.857,2.029],[117.798,2.027],[117.746,2.046],[117.821,2.011],[117.852,1.963],[117.869,1.91],[117.844,1.862],[117.89,1.873],[117.913,1.815],[117.96,1.791],[118.008,1.782],[118.057,1.776],[118.054,1.725],[118.123,1.64],[118.181,1.61],[118.228,1.575],[118.275,1.552],[118.327,1.525],[118.374,1.508],[118.42,1.458],[118.417,1.412],[118.464,1.405],[118.516,1.38],[118.567,1.367],[118.613,1.329],[118.662,1.287],[118.719,1.252],[118.772,1.202],[118.714,1.16],[118.762,1.152],[118.807,1.115],[118.839,1.062],[118.925,1.067],[118.981,1.036],[119.0,0.984],[118.977,0.937],[118.928,0.906],[118.869,0.872],[118.836,0.82],[118.79,0.797],[118.744,0.807],[118.698,0.844],[118.643,0.837],[118.598,0.81],[118.552,0.805],[118.504,0.816],[118.455,0.83],[118.409,0.827],[118.344,0.805],[118.284,0.855],[118.197,0.871],[118.058,0.909],[118.036,0.956],[117.989,1.003],[117.98,1.053],[117.939,1.11],[117.889,1.12],[117.921,1.072],[117.977,1.027],[117.978,0.978],[117.986,0.925],[118.025,0.867],[118.025,0.822],[117.978,0.776],[117.932,0.805],[117.886,0.83],[117.815,0.798],[117.752,0.753],[117.72,0.703],[117.711,0.651],[117.671,0.603],[117.655,0.556],[117.635,0.506],[117.601,0.456],[117.598,0.405],[117.546,0.341],[117.525,0.292],[117.516,0.245],[117.51,0.196],[117.484,0.15],[117.475,0.102],[117.466,0.048],[117.514,0.027],[117.523,-0.028],[117.475,-0.091],[117.447,-0.176],[117.42,-0.243],[117.443,-0.295],[117.455,-0.355],[117.46,-0.423],[117.518,-0.355],[117.515,-0.438],[117.462,-0.498],[117.524,-0.457],[117.575,-0.423],[117.629,-0.413],[117.607,-0.466],[117.541,-0.497],[117.486,-0.527],[117.536,-0.505],[117.581,-0.51],[117.587,-0.575],[117.527,-0.603],[117.576,-0.627],[117.529,-0.658],[117.475,-0.688],[117.519,-0.74],[117.573,-0.729],[117.62,-0.75],[117.552,-0.791],[117.496,-0.796],[117.448,-0.782],[117.427,-0.835],[117.448,-0.883],[117.4,-0.857],[117.355,-0.798],[117.37,-0.847],[117.357,-0.901],[117.31,-0.862],[117.3,-0.817],[117.3,-0.863],[117.271,-0.81],[117.25,-0.908],[117.185,-0.94],[117.145,-0.989],[117.11,-1.035],[117.074,-1.093],[117.028,-1.142],[117.011,-1.19],[116.956,-1.236],[116.897,-1.271],[116.85,-1.276],[116.808,-1.225],[116.788,-1.173],[116.761,-1.126],[116.702,-1.085],[116.704,-1.131],[116.753,-1.162],[116.737,-1.21],[116.688,-1.199],[116.747,-1.22],[116.759,-1.286],[116.751,-1.333],[116.689,-1.392],[116.642,-1.402],[116.57,-1.44],[116.528,-1.488],[116.539,-1.544],[116.556,-1.589],[116.507,-1.635],[116.448,-1.649],[116.387,-1.68],[116.33,-1.701],[116.248,-1.715],[116.264,-1.763],[116.209,-1.778],[116.26,-1.81],[116.312,-1.788],[116.362,-1.78],[116.409,-1.765],[116.425,-1.844],[116.372,-1.862],[116.425,-1.87],[116.46,-1.93],[116.454,-1.979],[116.459,-2.048],[116.407,-2.076],[116.361,-2.109],[116.339,-2.055],[116.348,-2.107],[116.311,-2.16],[116.373,-2.113],[116.385,-2.17],[116.372,-2.217],[116.457,-2.194],[116.511,-2.163],[116.559,-2.17],[116.513,-2.22],[116.57,-2.198],[116.595,-2.258],[116.582,-2.309],[116.561,-2.4],[116.54,-2.456],[116.522,-2.513],[116.513,-2.562],[116.47,-2.512],[116.418,-2.495],[116.358,-2.522],[116.312,-2.525],[116.262,-2.533],[116.311,-2.535],[116.32,-2.589],[116.372,-2.555],[116.38,-2.612],[116.368,-2.663],[116.363,-2.73],[116.368,-2.782],[116.374,-2.831],[116.372,-2.878],[116.333,-2.934],[116.29,-2.982],[116.223,-3.005],[116.211,-2.943],[116.197,-2.897],[116.164,-2.849],[116.147,-2.803],[116.139,-2.853],[116.111,-2.914],[116.125,-2.965],[116.072,-2.992],[116.124,-2.992],[116.178,-2.996],[116.17,-3.045],[116.218,-3.078],[116.268,-3.11],[116.213,-3.129],[116.166,-3.155],[116.12,-3.14],[116.169,-3.163],[116.186,-3.212],[116.156,-3.262],[116.107,-3.285],[116.065,-3.337],[116.024,-3.401],[116.0,-3.448],[115.997,-3.51],[115.99,-3.562],[115.964,-3.611],[115.918,-3.615],[115.831,-3.633],[115.785,-3.678],[115.728,-3.707],[115.662,-3.735],[115.615,-3.769],[115.542,-3.795],[115.495,-3.814],[115.443,-3.825],[115.37,-3.859],[115.306,-3.878],[115.252,-3.901],[115.182,-3.933],[115.133,-3.962],[115.068,-3.984],[115.0,-4.015]]]}},{"type":"Feature","properties":{},"geometry":{"type":"Polygon","coordinates":[[[44.068,-25.0],[44.047,-24.954],[44.037,-24.859],[44.029,-24.812],[43.982,-24.751],[43.929,-24.72],[43.892,-24.665],[43.859,-24.62],[43.815,-24.536],[43.789,-24.476],[43.767,-24.43],[43.759,-24.354],[43.752,-24.293],[43.73,-24.244],[43.695,-24.15],[43.676,-24.096],[43.675,-24.039],[43.667,-23.988],[43.659,-23.914],[43.664,-23.859],[43.661,-23.812],[43.632,-23.75],[43.642,-23.693],[43.65,-23.634],[43.708,-23.593],[43.757,-23.569],[43.733,-23.52],[43.762,-23.468],[43.714,-23.408],[43.664,-23.356],[43.615,-23.316],[43.66,-23.304],[43.626,-23.246],[43.62,-23.196],[43.613,-23.147],[43.599,-23.08],[43.537,-23.03],[43.489,-23.009],[43.475,-22.959],[43.412,-22.898],[43.37,-22.847],[43.354,-22.794],[43.34,-22.734],[43.332,-22.688],[43.305,-22.638],[43.294,-22.587],[43.29,-22.527],[43.275,-22.476],[43.266,-22.413],[43.249,-22.357],[43.232,-22.311],[43.227,-22.26],[43.279,-22.223],[43.299,-22.174],[43.253,-22.175],[43.245,-22.122],[43.235,-22.077],[43.263,-22.003],[43.262,-21.953],[43.278,-21.904],[43.308,-21.952],[43.329,-21.905],[43.334,-21.852],[43.335,-21.791],[43.353,-21.743],[43.409,-21.693],[43.46,-21.643],[43.489,-21.597],[43.465,-21.552],[43.47,-21.502],[43.467,-21.448],[43.47,-21.385],[43.481,-21.436],[43.476,-21.388],[43.498,-21.312],[43.504,-21.362],[43.55,-21.347],[43.595,-21.404],[43.591,-21.358],[43.583,-21.311],[43.628,-21.278],[43.678,-21.27],[43.73,-21.309],[43.772,-21.257],[43.82,-21.188],[43.841,-21.136],[43.856,-21.063],[43.873,-20.991],[43.879,-20.938],[43.895,-20.883],[43.925,-20.817],[43.962,-20.763],[43.945,-20.808],[43.968,-20.752],[44.017,-20.77],[44.011,-20.723],[44.064,-20.671],[44.085,-20.608],[44.09,-20.562],[44.105,-20.515],[44.153,-20.481],[44.181,-20.431],[44.228,-20.414],[44.253,-20.361],[44.261,-20.307],[44.297,-20.258],[44.324,-20.211],[44.349,-20.165],[44.381,-20.119],[44.424,-20.066],[44.461,-19.976],[44.48,-19.914],[44.47,-19.863],[44.477,-19.814],[44.423,-19.835],[44.38,-19.777],[44.412,-19.729],[44.418,-19.672],[44.42,-19.622],[44.441,-19.575],[44.47,-19.518],[44.47,-19.473],[44.442,-19.395],[44.401,-19.334],[44.36,-19.288],[44.334,-19.238],[44.275,-19.164],[44.245,-19.098],[44.23,-19.045],[44.234,-18.986],[44.232,-18.939],[44.24,-18.872],[44.254,-18.799],[44.231,-18.743],[44.212,-18.691],[44.156,-18.599],[44.134,-18.542],[44.075,-18.462],[44.048,-18.416],[44.042,-18.369],[44.054,-18.322],[44.049,-18.257],[44.044,-18.2],[44.039,-18.154],[44.02,-18.105],[44.015,-18.055],[44.015,-18.003],[44.009,-17.956],[44.01,-17.91],[44.031,-17.863],[44.034,-17.817],[44.036,-17.771],[44.016,-17.722],[43.978,-17.667],[43.934,-17.612],[43.935,-17.564],[43.929,-17.509],[43.947,-17.46],[43.973,-17.407],[44.004,-17.342],[44.045,-17.287],[44.088,-17.239],[44.104,-17.19],[44.13,-17.144],[44.147,-17.095],[44.2,-17.038],[44.246,-16.965],[44.279,-16.914],[44.31,-16.86],[44.345,-16.8],[44.385,-16.748],[44.431,-16.705],[44.436,-16.655],[44.412,-16.591],[44.422,-16.541],[44.432,-16.6],[44.456,-16.548],[44.469,-16.494],[44.444,-16.445],[44.422,-16.393],[44.402,-16.335],[44.437,-16.25],[44.439,-16.196],[44.505,-16.202],[44.572,-16.19],[44.617,-16.19],[44.669,-16.195],[44.741,-16.202],[44.795,-16.2],[44.842,-16.225],[44.885,-16.18],[44.935,-16.183],[44.981,-16.19],[44.99,-16.135],[45.069,-16.073],[45.132,-16.003],[45.182,-15.976],[45.235,-15.944],[45.27,-15.992],[45.295,-16.039],[45.281,-16.086],[45.335,-16.107],[45.384,-16.063],[45.39,-16.018],[45.449,-15.971],[45.511,-15.96],[45.562,-15.945],[45.582,-15.993],[45.543,-16.046],[45.59,-16.022],[45.587,-16.068],[45.594,-16.011],[45.604,-15.964],[45.632,-15.917],[45.625,-15.87],[45.643,-15.817],[45.67,-15.77],[45.755,-15.796],[45.772,-15.85],[45.771,-15.804],[45.826,-15.809],[45.877,-15.776],[45.95,-15.787],[45.965,-15.852],[46.011,-15.855],[46.057,-15.87],[46.06,-15.82],[46.107,-15.816],[46.06,-15.798],[46.011,-15.82],[46.077,-15.741],[46.175,-15.704],[46.232,-15.715],[46.255,-15.764],[46.24,-15.819],[46.271,-15.869],[46.275,-15.923],[46.31,-15.974],[46.363,-15.973],[46.44,-15.995],[46.486,-15.985],[46.445,-15.926],[46.498,-15.948],[46.447,-15.925],[46.5,-15.955],[46.462,-15.89],[46.396,-15.85],[46.348,-15.832],[46.346,-15.782],[46.377,-15.735],[46.314,-15.727],[46.329,-15.68],[46.382,-15.602],[46.429,-15.565],[46.465,-15.518],[46.513,-15.508],[46.559,-15.476],[46.622,-15.429],[46.675,-15.409],[46.732,-15.348],[46.791,-15.295],[46.845,-15.261],[46.926,-15.21],[46.974,-15.227],[46.976,-15.273],[47.022,-15.31],[47.072,-15.335],[47.032,-15.388],[46.992,-15.438],[46.975,-15.485],[46.955,-15.55],[46.9,-15.597],[46.953,-15.592],[46.975,-15.518],[47.035,-15.552],[47.056,-15.487],[47.069,-15.536],[47.09,-15.484],[47.137,-15.455],[47.189,-15.483],[47.219,-15.437],[47.169,-15.391],[47.153,-15.312],[47.094,-15.315],[47.1,-15.263],[47.043,-15.236],[47.044,-15.186],[47.076,-15.139],[47.136,-15.104],[47.193,-15.057],[47.218,-15.003],[47.26,-14.958],[47.319,-14.918],[47.367,-14.915],[47.393,-14.865],[47.34,-14.865],[47.294,-14.884],[47.313,-14.813],[47.352,-14.766],[47.412,-14.709],[47.463,-14.671],[47.501,-14.721],[47.48,-14.771],[47.492,-14.816],[47.486,-14.869],[47.451,-14.92],[47.401,-14.981],[47.412,-15.033],[47.4,-15.084],[47.447,-15.111],[47.493,-15.078],[47.507,-15.018],[47.56,-14.989],[47.576,-14.928],[47.599,-14.875],[47.639,-14.82],[47.655,-14.76],[47.685,-14.714],[47.729,-14.66],[47.766,-14.609],[47.713,-14.569],[47.728,-14.518],[47.71,-14.473],[47.695,-14.402],[47.716,-14.35],[47.764,-14.306],[47.761,-14.253],[47.82,-14.232],[47.876,-14.263],[47.923,-14.256],[47.94,-14.208],[47.931,-14.156],[47.906,-14.109],[47.953,-14.115],[47.999,-14.167],[47.974,-14.213],[47.965,-14.267],[47.956,-14.312],[47.98,-14.359],[47.985,-14.308],[48.042,-14.265],[47.994,-14.225],[48.03,-14.179],[48.038,-14.125],[48.036,-14.078],[48.023,-14.028],[47.974,-14.052],[47.925,-14.019],[47.972,-13.995],[48.018,-13.982],[47.984,-13.935],[47.937,-13.92],[47.89,-13.876],[47.874,-13.825],[47.86,-13.772],[47.88,-13.718],[47.926,-13.702],[47.878,-13.705],[47.882,-13.658],[47.895,-13.598],[47.948,-13.592],[47.951,-13.543],[48.001,-13.526],[47.981,-13.573],[48.03,-13.579],[48.015,-13.53],[48.065,-13.524],[48.082,-13.571],[48.072,-13.618],[48.119,-13.601],[48.145,-13.665],[48.163,-13.721],[48.197,-13.77],[48.244,-13.814],[48.291,-13.806],[48.337,-13.765],[48.325,-13.718],[48.33,-13.672],[48.327,-13.625],[48.33,-13.579],[48.351,-13.533],[48.373,-13.583],[48.399,-13.536],[48.445,-13.545],[48.493,-13.517],[48.505,-13.469],[48.48,-13.414],[48.474,-13.367],[48.524,-13.413],[48.585,-13.453],[48.652,-13.452],[48.697,-13.438],[48.743,-13.434],[48.786,-13.375],[48.782,-13.327],[48.807,-13.281],[48.82,-13.232],[48.803,-13.183],[48.806,-13.135],[48.835,-13.09],[48.855,-13.042],[48.904,-13.006],[48.931,-12.96],[48.939,-12.889],[48.947,-12.839],[48.935,-12.789],[48.901,-12.726],[48.892,-12.67],[48.865,-12.622],[48.877,-12.573],[48.826,-12.569],[48.818,-12.523],[48.78,-12.469],[48.728,-12.445],[48.763,-12.393],[48.818,-12.415],[48.864,-12.432],[48.889,-12.489],[48.938,-12.494],[48.95,-12.426],[48.968,-12.38],[48.987,-12.335],[49.034,-12.313],[49.082,-12.309],[49.089,-12.258],[49.137,-12.27],[49.155,-12.225],[49.157,-12.179],[49.172,-12.125],[49.125,-12.11],[49.147,-12.059],[49.187,-12.113],[49.199,-12.058],[49.189,-12.009],[49.235,-11.962],[49.283,-11.966],[49.314,-12.013],[49.316,-12.06],[49.358,-12.107],[49.353,-12.154],[49.363,-12.206],[49.318,-12.168],[49.271,-12.18],[49.222,-12.181],[49.217,-12.226],[49.268,-12.236],[49.253,-12.282],[49.205,-12.256],[49.191,-12.305],[49.238,-12.3],[49.284,-12.28],[49.34,-12.31],[49.342,-12.258],[49.392,-12.255],[49.404,-12.302],[49.441,-12.353],[49.494,-12.355],[49.527,-12.408],[49.475,-12.425],[49.52,-12.433],[49.571,-12.481],[49.587,-12.532],[49.549,-12.486],[49.546,-12.534],[49.562,-12.582],[49.541,-12.648],[49.592,-12.659],[49.64,-12.707],[49.658,-12.755],[49.638,-12.81],[49.691,-12.779],[49.737,-12.78],[49.789,-12.808],[49.794,-12.863],[49.841,-12.887],[49.84,-12.936],[49.883,-12.982],[49.906,-13.028],[49.927,-13.076],[49.925,-13.126],[49.92,-13.183],[49.944,-13.238],[49.979,-13.298],[49.977,-13.358],[50.023,-13.372],[50.009,-13.427],[50.024,-13.475],[50.027,-13.525],[50.055,-13.59],[50.084,-13.682],[50.11,-13.738],[50.133,-13.787],[50.141,-13.84],[50.137,-13.888],[50.138,-13.933],[50.135,-13.987],[50.15,-14.039],[50.157,-14.143],[50.143,-14.208],[50.153,-14.255],[50.202,-14.301],[50.194,-14.373],[50.177,-14.454],[50.184,-14.503],[50.185,-14.585],[50.207,-14.633],[50.22,-14.693],[50.225,-14.763],[50.257,-14.824],[50.25,-14.874],[50.294,-14.937],[50.329,-14.987],[50.349,-15.043],[50.355,-15.097],[50.39,-15.144],[50.436,-15.194],[50.466,-15.251],[50.475,-15.304],[50.475,-15.362],[50.466,-15.413],[50.445,-15.473],[50.432,-15.529],[50.408,-15.592],[50.377,-15.659],[50.356,-15.723],[50.332,-15.774],[50.323,-15.825],[50.297,-15.872],[50.249,-15.916],[50.233,-15.967],[50.177,-15.984],[50.098,-15.929],[50.024,-15.872],[50.015,-15.821],[49.982,-15.757],[49.964,-15.707],[49.967,-15.635],[49.922,-15.583],[49.896,-15.528],[49.899,-15.467],[49.871,-15.42],[49.808,-15.429],[49.756,-15.448],[49.653,-15.49],[49.621,-15.539],[49.623,-15.591],[49.648,-15.642],[49.642,-15.696],[49.671,-15.763],[49.689,-15.818],[49.707,-15.876],[49.69,-15.971],[49.68,-16.025],[49.698,-16.074],[49.706,-16.121],[49.74,-16.172],[49.788,-16.162],[49.843,-16.198],[49.855,-16.244],[49.834,-16.29],[49.816,-16.344],[49.828,-16.39],[49.855,-16.443],[49.849,-16.494],[49.839,-16.54],[49.814,-16.596],[49.789,-16.646],[49.764,-16.696],[49.728,-16.742],[49.75,-16.797],[49.802,-16.837],[49.7,-16.866],[49.632,-16.885],[49.587,-16.909],[49.578,-16.954],[49.549,-17.005],[49.521,-17.067],[49.505,-17.118],[49.484,-17.165],[49.444,-17.212],[49.424,-17.307],[49.411,-17.363],[49.44,-17.41],[49.446,-17.456],[49.466,-17.519],[49.476,-17.572],[49.485,-17.618],[49.506,-17.675],[49.5,-17.753],[49.474,-17.853],[49.445,-17.929],[49.42,-18.038],[49.405,-18.087],[49.422,-18.14],[49.381,-18.202],[49.368,-18.256],[49.353,-18.311],[49.337,-18.413],[49.299,-18.478],[49.275,-18.547],[49.225,-18.653],[49.186,-18.768],[49.15,-18.855],[49.103,-18.977],[49.05,-18.925],[49.1,-18.977],[49.07,-19.075],[49.037,-19.159],[49.002,-19.205],[48.998,-19.268],[48.996,-19.324],[48.975,-19.378],[48.932,-19.44],[48.92,-19.507],[48.886,-19.583],[48.856,-19.634],[48.842,-19.679],[48.816,-19.812],[48.809,-19.868],[48.836,-19.924],[48.805,-19.988],[48.746,-19.96],[48.79,-20.013],[48.73,-20.154],[48.683,-20.223],[48.655,-20.287],[48.63,-20.336],[48.616,-20.392],[48.618,-20.443],[48.596,-20.516],[48.552,-20.563],[48.537,-20.67],[48.516,-20.739],[48.499,-20.815],[48.475,-20.872],[48.46,-20.943],[48.455,-20.99],[48.44,-21.076],[48.411,-21.148],[48.356,-21.253],[48.31,-21.262],[48.323,-21.308],[48.338,-21.373],[48.318,-21.447],[48.285,-21.511],[48.253,-21.623],[48.231,-21.696],[48.206,-21.76],[48.139,-21.795],[48.145,-21.901],[48.131,-21.947],[48.102,-21.994],[48.063,-22.063],[48.025,-22.137],[47.978,-22.263],[47.941,-22.363],[47.921,-22.408],[47.892,-22.495],[47.877,-22.584],[47.864,-22.65],[47.857,-22.752],[47.839,-22.805],[47.829,-22.881],[47.813,-22.945],[47.797,-23.008],[47.763,-23.083],[47.742,-23.144],[47.739,-23.218],[47.72,-23.275],[47.716,-23.334],[47.664,-23.347],[47.711,-23.343],[47.675,-23.427],[47.655,-23.486],[47.64,-23.531],[47.588,-23.558],[47.633,-23.582],[47.614,-23.64],[47.601,-23.697],[47.575,-23.772],[47.544,-23.853],[47.525,-23.903],[47.494,-23.979],[47.48,-24.042],[47.439,-24.103],[47.405,-24.16],[47.355,-24.166],[47.404,-24.183],[47.382,-24.243],[47.353,-24.29],[47.319,-24.383],[47.305,-24.429],[47.3,-24.477],[47.283,-24.53],[47.246,-24.609],[47.225,-24.668],[47.196,-24.715],[47.203,-24.776],[47.128,-24.857],[47.126,-24.905],[47.11,-24.953],[47.058,-24.968],[47.0,-24.999],[46.999,-25.0],[44.068,-25.0]]]}},{"type":"Feature","properties":{},"geometry":{"type":"Polygon","coordinates":[[[103.999,-5.325],[104.0,-5.277],[103.948,-5.245],[103.899,-5.225],[103.93,-5.157],[103.883,-5.118],[103.832,-5.065],[103.785,-5.043],[103.737,-5.028],[103.709,-4.965],[103.655,-4.991],[103.637,-4.935],[103.56,-4.926],[103.501,-4.877],[103.451,-4.862],[103.401,-4.857],[103.38,-4.806],[103.327,-4.81],[103.315,-4.757],[103.277,-4.709],[103.223,-4.66],[103.16,-4.615],[103.112,-4.58],[103.052,-4.55],[102.966,-4.513],[102.897,-4.493],[102.883,-4.446],[102.815,-4.389],[102.764,-4.34],[102.715,-4.295],[102.653,-4.246],[102.598,-4.208],[102.522,-4.153],[102.467,-4.11],[102.347,-4.025],[102.273,-3.959],[102.261,-3.913],[102.297,-3.851],[102.255,-3.803],[102.259,-3.753],[102.242,-3.705],[102.188,-3.638],[102.14,-3.605],[102.075,-3.55],[102.019,-3.523],[101.971,-3.503],[101.919,-3.478],[101.828,-3.395],[101.778,-3.362],[101.67,-3.285],[101.605,-3.233],[101.547,-3.15],[101.522,-3.104],[101.483,-3.051],[101.435,-2.97],[101.391,-2.906],[101.365,-2.839],[101.344,-2.793],[101.32,-2.739],[101.262,-2.694],[101.166,-2.65],[101.117,-2.603],[101.078,-2.548],[101.03,-2.494],[100.992,-2.442],[100.887,-2.331],[100.875,-2.277],[100.849,-2.218],[100.817,-2.159],[100.864,-2.098],[100.879,-2.048],[100.87,-1.996],[100.862,-1.927],[100.832,-1.876],[100.782,-1.819],[100.741,-1.744],[100.703,-1.692],[100.659,-1.637],[100.631,-1.585],[100.615,-1.526],[100.583,-1.469],[100.582,-1.421],[100.575,-1.37],[100.536,-1.308],[100.488,-1.3],[100.437,-1.263],[100.422,-1.208],[100.375,-1.179],[100.36,-1.133],[100.358,-1.075],[100.404,-1.076],[100.393,-1.029],[100.355,-0.977],[100.346,-0.929],[100.339,-0.883],[100.304,-0.831],[100.264,-0.781],[100.216,-0.733],[100.156,-0.678],[100.111,-0.628],[100.095,-0.582],[100.061,-0.532],[100.012,-0.479],[99.957,-0.428],[99.91,-0.405],[99.885,-0.355],[99.812,-0.307],[99.798,-0.258],[99.79,-0.21],[99.751,-0.148],[99.759,-0.098],[99.75,-0.053],[99.69,-0.002],[99.651,0.045],[99.583,0.085],[99.533,0.107],[99.451,0.143],[99.395,0.152],[99.379,0.197],[99.325,0.24],[99.272,0.22],[99.219,0.21],[99.168,0.227],[99.16,0.292],[99.121,0.339],[99.133,0.397],[99.126,0.48],[99.087,0.531],[99.105,0.585],[99.073,0.631],[99.054,0.678],[99.058,0.742],[99.03,0.792],[98.982,0.837],[98.976,0.893],[98.963,0.948],[98.93,1.043],[98.911,1.126],[98.861,1.224],[98.842,1.286],[98.848,1.332],[98.824,1.382],[98.778,1.432],[98.767,1.497],[98.725,1.545],[98.775,1.56],[98.805,1.61],[98.835,1.659],[98.785,1.697],[98.773,1.746],[98.732,1.791],[98.732,1.746],[98.682,1.744],[98.635,1.812],[98.59,1.866],[98.544,1.912],[98.489,1.97],[98.442,2.008],[98.394,2.014],[98.342,2.055],[98.288,2.05],[98.238,2.094],[98.177,2.133],[98.127,2.175],[98.047,2.223],[98.001,2.249],[97.942,2.282],[97.885,2.25],[97.84,2.253],[97.793,2.258],[97.736,2.3],[97.715,2.348],[97.664,2.399],[97.646,2.496],[97.645,2.588],[97.645,2.673],[97.63,2.754],[97.612,2.817],[97.596,2.875],[97.544,2.895],[97.498,2.92],[97.447,2.929],[97.367,2.997],[97.31,3.062],[97.282,3.153],[97.262,3.214],[97.215,3.249],[97.165,3.264],[97.143,3.311],[97.104,3.367],[97.073,3.419],[97.049,3.467],[97.016,3.523],[96.932,3.584],[96.895,3.632],[96.867,3.695],[96.816,3.723],[96.763,3.748],[96.701,3.75],[96.631,3.749],[96.567,3.741],[96.501,3.754],[96.396,3.848],[96.351,3.902],[96.315,3.955],[96.283,4.0],[96.242,4.052],[96.161,4.137],[96.059,4.208],[95.976,4.254],[95.926,4.313],[95.868,4.38],[95.822,4.424],[95.764,4.483],[95.718,4.528],[95.645,4.589],[95.598,4.632],[95.552,4.66],[95.505,4.713],[95.469,4.78],[95.421,4.825],[95.392,4.88],[95.382,4.927],[95.379,4.973],[95.354,5.021],[95.325,5.074],[95.301,5.123],[95.31,5.173],[95.262,5.213],[95.241,5.261],[95.21,5.312],[95.227,5.37],[95.247,5.422],[95.235,5.48],[95.196,5.53],[95.226,5.578],[95.275,5.558],[95.321,5.6],[95.368,5.617],[95.429,5.66],[95.484,5.618],[95.536,5.618],[95.582,5.626],[95.631,5.625],[95.69,5.593],[95.74,5.582],[95.793,5.552],[95.854,5.528],[95.89,5.467],[95.931,5.42],[96.023,5.35],[96.077,5.301],[96.127,5.285],[96.188,5.269],[96.264,5.27],[96.393,5.216],[96.463,5.244],[96.515,5.205],[96.579,5.217],[96.661,5.226],[96.729,5.255],[96.79,5.27],[96.851,5.277],[96.906,5.257],[96.952,5.268],[97.007,5.264],[97.077,5.237],[97.126,5.217],[97.146,5.169],[97.198,5.149],[97.265,5.174],[97.311,5.195],[97.364,5.205],[97.446,5.236],[97.503,5.255],[97.552,5.207],[97.572,5.157],[97.631,5.119],[97.666,5.069],[97.73,5.01],[97.798,4.949],[97.855,4.907],[97.903,4.899],[97.923,4.846],[97.949,4.774],[97.962,4.724],[97.962,4.675],[97.994,4.628],[97.985,4.574],[97.992,4.527],[98.039,4.557],[98.076,4.509],[98.122,4.532],[98.177,4.507],[98.228,4.47],[98.255,4.42],[98.285,4.373],[98.266,4.322],[98.228,4.273],[98.246,4.223],[98.194,4.18],[98.172,4.129],[98.236,4.139],[98.281,4.123],[98.305,4.052],[98.351,4.085],[98.397,4.081],[98.427,4.035],[98.483,4.039],[98.528,4.017],[98.56,3.955],[98.613,3.92],[98.661,3.913],[98.691,3.861],[98.708,3.804],[98.761,3.771],[98.791,3.725],[98.842,3.705],[98.899,3.685],[98.947,3.67],[99.007,3.648],[99.058,3.625],[99.112,3.583],[99.157,3.566],[99.214,3.536],[99.27,3.485],[99.329,3.442],[99.375,3.407],[99.434,3.385],[99.484,3.358],[99.512,3.288],[99.572,3.244],[99.643,3.225],[99.711,3.201],[99.756,3.176],[99.783,3.123],[99.835,3.071],[99.857,2.993],[99.905,3.0],[99.957,2.969],[99.995,2.917],[99.987,2.866],[99.997,2.808],[99.979,2.759],[99.95,2.708],[100.0,2.685],[100.001,2.638],[100.029,2.683],[99.968,2.705],[100.041,2.748],[100.092,2.691],[100.09,2.623],[100.107,2.564],[100.119,2.511],[100.166,2.511],[100.126,2.587],[100.125,2.644],[100.16,2.713],[100.207,2.715],[100.232,2.666],[100.27,2.605],[100.322,2.557],[100.331,2.509],[100.353,2.442],[100.385,2.365],[100.418,2.31],[100.453,2.26],[100.507,2.205],[100.559,2.164],[100.606,2.14],[100.659,2.09],[100.665,2.138],[100.724,2.1],[100.771,2.082],[100.852,2.007],[100.882,1.941],[100.888,1.892],[100.913,1.84],[100.969,1.825],[100.924,1.837],[100.93,1.894],[100.898,1.953],[100.887,2.001],[100.842,2.085],[100.806,2.152],[100.809,2.21],[100.835,2.258],[100.933,2.304],[101.017,2.298],[101.066,2.248],[101.102,2.203],[101.178,2.135],[101.267,2.088],[101.312,2.026],[101.324,1.971],[101.33,1.924],[101.348,1.857],[101.354,1.806],[101.38,1.743],[101.442,1.692],[101.493,1.68],[101.556,1.646],[101.606,1.649],[101.671,1.675],[101.716,1.68],[101.768,1.664],[101.842,1.595],[101.89,1.563],[101.951,1.512],[101.999,1.476],[102.052,1.432],[102.107,1.4],[102.158,1.365],[102.148,1.276],[102.162,1.217],[102.19,1.117],[102.218,1.031],[102.243,0.976],[102.298,0.938],[102.351,0.879],[102.396,0.822],[102.47,0.777],[102.543,0.748],[102.593,0.739],[102.644,0.754],[102.693,0.755],[102.771,0.732],[102.835,0.74],[102.885,0.733],[102.962,0.651],[103.02,0.591],[103.047,0.532],[103.098,0.491],[103.041,0.426],[102.948,0.376],[102.902,0.338],[102.842,0.317],[102.773,0.275],[102.723,0.257],[102.771,0.238],[102.819,0.259],[102.886,0.268],[102.935,0.294],[102.988,0.32],[103.047,0.366],[103.138,0.393],[103.183,0.448],[103.243,0.501],[103.294,0.51],[103.372,0.538],[103.428,0.513],[103.481,0.466],[103.539,0.436],[103.595,0.379],[103.608,0.308],[103.66,0.339],[103.729,0.281],[103.77,0.197],[103.776,0.093],[103.81,0.011],[103.745,-0.007],[103.682,-0.022],[103.63,-0.017],[103.584,-0.025],[103.533,-0.054],[103.514,-0.103],[103.467,-0.105],[103.493,-0.157],[103.443,-0.144],[103.441,-0.191],[103.343,-0.239],[103.402,-0.241],[103.451,-0.212],[103.513,-0.202],[103.478,-0.271],[103.456,-0.317],[103.389,-0.36],[103.338,-0.351],[103.418,-0.378],[103.469,-0.382],[103.52,-0.388],[103.573,-0.396],[103.57,-0.463],[103.513,-0.497],[103.459,-0.51],[103.399,-0.52],[103.377,-0.466],[103.387,-0.516],[103.419,-0.572],[103.367,-0.614],[103.306,-0.67],[103.367,-0.654],[103.298,-0.704],[103.354,-0.703],[103.402,-0.74],[103.459,-0.753],[103.434,-0.821],[103.483,-0.803],[103.537,-0.819],[103.533,-0.871],[103.579,-0.88],[103.619,-0.929],[103.665,-0.948],[103.727,-0.97],[103.784,-1.0],[103.83,-1.014],[103.906,-0.986],[103.957,-0.992],[104.034,-1.008],[104.093,-1.036],[104.167,-1.045],[104.189,-1.091],[104.237,-1.055],[104.292,-1.048],[104.355,-1.028],[104.39,-1.079],[104.414,-1.133],[104.391,-1.196],[104.402,-1.242],[104.445,-1.301],[104.452,-1.361],[104.449,-1.412],[104.44,-1.478],[104.448,-1.549],[104.458,-1.597],[104.501,-1.664],[104.526,-1.711],[104.537,-1.776],[104.486,-1.785],[104.484,-1.832],[104.473,-1.884],[104.464,-1.93],[104.483,-1.982],[104.503,-1.927],[104.535,-1.875],[104.598,-1.885],[104.645,-1.922],[104.592,-1.943],[104.601,-2.0],[104.556,-1.993],[104.606,-2.005],[104.657,-1.96],[104.672,-2.008],[104.72,-1.992],[104.771,-1.993],[104.819,-1.997],[104.861,-2.042],[104.877,-2.118],[104.876,-2.19],[104.843,-2.242],[104.793,-2.282],[104.75,-2.328],[104.69,-2.345],[104.633,-2.374],[104.685,-2.36],[104.725,-2.419],[104.719,-2.495],[104.723,-2.577],[104.752,-2.479],[104.754,-2.427],[104.803,-2.37],[104.844,-2.323],[104.907,-2.286],[104.905,-2.363],[104.859,-2.409],[104.909,-2.379],[104.925,-2.428],[104.931,-2.478],[104.931,-2.418],[104.93,-2.363],[104.986,-2.335],[105.041,-2.369],[105.021,-2.416],[105.011,-2.47],[105.033,-2.423],[105.06,-2.366],[105.107,-2.373],[105.11,-2.433],[105.109,-2.386],[105.213,-2.331],[105.26,-2.36],[105.32,-2.377],[105.394,-2.384],[105.448,-2.389],[105.497,-2.398],[105.555,-2.409],[105.612,-2.394],[105.626,-2.455],[105.61,-2.513],[105.61,-2.58],[105.635,-2.642],[105.69,-2.685],[105.741,-2.694],[105.786,-2.716],[105.79,-2.787],[105.783,-2.862],[105.813,-2.921],[105.897,-2.965],[105.96,-2.943],[106.019,-2.975],[106.061,-3.037],[106.055,-3.104],[106.066,-3.166],[106.087,-3.226],[106.042,-3.274],[105.992,-3.299],[105.928,-3.316],[105.905,-3.382],[105.877,-3.43],[105.855,-3.489],[105.82,-3.596],[105.808,-3.664],[105.815,-3.724],[105.863,-3.775],[105.926,-3.78],[105.957,-3.832],[105.942,-3.877],[105.898,-3.95],[105.855,-4.06],[105.847,-4.107],[105.84,-4.163],[105.792,-4.117],[105.823,-4.169],[105.821,-4.232],[105.82,-4.328],[105.859,-4.377],[105.806,-4.357],[105.828,-4.407],[105.887,-4.439],[105.895,-4.493],[105.905,-4.543],[105.885,-4.597],[105.914,-4.647],[105.865,-4.681],[105.859,-4.634],[105.866,-4.685],[105.865,-4.736],[105.86,-4.824],[105.87,-4.876],[105.904,-4.94],[105.86,-5.004],[105.853,-5.119],[105.858,-5.21],[105.857,-5.256],[105.827,-5.305],[105.821,-5.351],[105.825,-5.415],[105.828,-5.465],[105.81,-5.538],[105.825,-5.592],[105.819,-5.651],[105.789,-5.715],[105.793,-5.768],[105.783,-5.815],[105.756,-5.862],[105.715,-5.909],[105.712,-5.859],[105.642,-5.836],[105.594,-5.822],[105.576,-5.766],[105.552,-5.698],[105.497,-5.669],[105.445,-5.642],[105.394,-5.603],[105.365,-5.549],[105.322,-5.497],[105.289,-5.446],[105.25,-5.498],[105.244,-5.546],[105.236,-5.591],[105.19,-5.59],[105.193,-5.636],[105.188,-5.684],[105.209,-5.73],[105.161,-5.743],[105.213,-5.77],[105.161,-5.81],[105.103,-5.784],[105.055,-5.757],[105.009,-5.733],[104.963,-5.694],[104.91,-5.689],[104.856,-5.646],[104.808,-5.616],[104.758,-5.582],[104.703,-5.522],[104.648,-5.511],[104.56,-5.511],[104.547,-5.559],[104.565,-5.605],[104.615,-5.66],[104.655,-5.728],[104.675,-5.787],[104.71,-5.837],[104.72,-5.902],[104.634,-5.942],[104.587,-5.945],[104.572,-5.89],[104.539,-5.843],[104.474,-5.786],[104.418,-5.728],[104.299,-5.644],[104.288,-5.571],[104.217,-5.527],[104.146,-5.47],[104.1,-5.428],[104.055,-5.383],[104.023,-5.334],[103.999,-5.325]]]}},{"type":"Feature","properties":{},"geometry":{"type":"Polygon","coordinates":[[[119.478,-5.0],[119.501,-4.953],[119.512,-4.888],[119.498,-4.842],[119.49,-4.773],[119.497,-4.728],[119.528,-4.675],[119.565,-4.621],[119.595,-4.567],[119.588,-4.511],[119.605,-4.465],[119.602,-4.407],[119.623,-4.358],[119.63,-4.311],[119.603,-4.266],[119.615,-4.22],[119.634,-4.165],[119.62,-4.116],[119.62,-4.063],[119.618,-4.011],[119.635,-3.964],[119.581,-3.979],[119.59,-4.027],[119.571,-3.958],[119.535,-3.907],[119.513,-3.844],[119.49,-3.783],[119.452,-3.729],[119.458,-3.683],[119.477,-3.637],[119.509,-3.584],[119.5,-3.538],[119.451,-3.48],[119.395,-3.459],[119.342,-3.436],[119.29,-3.429],[119.233,-3.475],[119.186,-3.494],[119.137,-3.496],[119.087,-3.51],[119.04,-3.52],[118.999,-3.566],[118.95,-3.553],[118.892,-3.505],[118.875,-3.443],[118.849,-3.395],[118.85,-3.346],[118.85,-3.288],[118.829,-3.233],[118.826,-3.182],[118.78,-3.127],[118.782,-3.08],[118.827,-3.088],[118.859,-3.027],[118.865,-2.959],[118.883,-2.909],[118.863,-2.863],[118.807,-2.853],[118.762,-2.873],[118.765,-2.813],[118.759,-2.752],[118.777,-2.698],[118.805,-2.647],[118.865,-2.671],[118.912,-2.665],[118.959,-2.64],[119.01,-2.599],[119.029,-2.53],[119.098,-2.492],[119.133,-2.425],[119.136,-2.373],[119.128,-2.311],[119.15,-2.24],[119.152,-2.186],[119.182,-2.137],[119.189,-2.092],[119.207,-2.04],[119.213,-1.994],[119.266,-1.968],[119.32,-1.952],[119.359,-1.898],[119.363,-1.83],[119.318,-1.791],[119.31,-1.731],[119.292,-1.671],[119.31,-1.622],[119.312,-1.55],[119.285,-1.464],[119.285,-1.402],[119.325,-1.346],[119.315,-1.3],[119.306,-1.248],[119.331,-1.196],[119.377,-1.156],[119.423,-1.11],[119.464,-1.06],[119.471,-1.005],[119.513,-0.942],[119.521,-0.892],[119.55,-0.847],[119.6,-0.834],[119.648,-0.782],[119.675,-0.717],[119.723,-0.668],[119.77,-0.7],[119.792,-0.759],[119.81,-0.809],[119.835,-0.876],[119.88,-0.819],[119.86,-0.754],[119.848,-0.706],[119.807,-0.652],[119.791,-0.599],[119.78,-0.531],[119.762,-0.485],[119.758,-0.437],[119.756,-0.375],[119.775,-0.314],[119.786,-0.261],[119.806,-0.212],[119.804,-0.162],[119.758,-0.137],[119.707,-0.136],[119.658,-0.093],[119.619,-0.033],[119.668,-0.02],[119.744,-0.031],[119.772,-0.077],[119.818,-0.112],[119.864,-0.057],[119.884,0.019],[119.88,0.072],[119.855,0.121],[119.813,0.167],[119.777,0.221],[119.828,0.242],[119.891,0.22],[119.9,0.27],[119.862,0.327],[119.875,0.383],[119.89,0.435],[119.909,0.481],[119.955,0.482],[120.006,0.49],[120.055,0.525],[120.045,0.583],[120.031,0.631],[120.04,0.681],[120.065,0.73],[120.132,0.745],[120.177,0.757],[120.223,0.79],[120.25,0.838],[120.238,0.889],[120.255,0.94],[120.283,0.986],[120.334,0.984],[120.339,0.932],[120.332,0.881],[120.36,0.834],[120.406,0.799],[120.479,0.789],[120.531,0.805],[120.576,0.765],[120.605,0.814],[120.613,0.861],[120.634,0.914],[120.667,0.961],[120.713,0.995],[120.758,1.02],[120.807,1.04],[120.804,1.098],[120.796,1.145],[120.831,1.198],[120.826,1.264],[120.815,1.331],[120.862,1.323],[120.908,1.36],[120.906,1.315],[120.972,1.349],[121.02,1.33],[121.067,1.309],[121.14,1.3],[121.192,1.269],[121.259,1.227],[121.306,1.25],[121.357,1.246],[121.406,1.253],[121.439,1.303],[121.475,1.254],[121.425,1.236],[121.434,1.19],[121.45,1.144],[121.5,1.09],[121.556,1.06],[121.603,1.055],[121.652,1.038],[121.705,1.051],[121.751,1.07],[121.798,1.081],[121.844,1.091],[121.908,1.092],[121.953,1.059],[122.006,1.034],[122.055,1.062],[122.103,1.067],[122.152,1.042],[122.202,1.021],[122.251,1.012],[122.298,1.007],[122.351,1.01],[122.398,1.007],[122.455,1.023],[122.528,0.977],[122.577,0.962],[122.628,0.953],[122.673,0.908],[122.722,0.875],[122.767,0.888],[122.794,0.842],[122.843,0.808],[122.895,0.854],[122.943,0.906],[122.943,0.956],[122.992,0.973],[123.045,0.941],[123.09,0.946],[123.152,0.933],[123.205,0.924],[123.251,0.949],[123.327,0.911],[123.373,0.903],[123.423,0.91],[123.469,0.892],[123.55,0.877],[123.604,0.895],[123.662,0.871],[123.71,0.857],[123.765,0.837],[123.814,0.843],[123.868,0.84],[123.913,0.851],[123.972,0.889],[124.032,0.908],[124.083,0.933],[124.141,0.935],[124.202,0.992],[124.251,1.0],[124.297,1.011],[124.32,1.066],[124.335,1.118],[124.357,1.165],[124.404,1.194],[124.454,1.19],[124.518,1.191],[124.567,1.18],[124.61,1.233],[124.574,1.286],[124.528,1.297],[124.535,1.356],[124.584,1.4],[124.642,1.399],[124.687,1.406],[124.742,1.435],[124.81,1.456],[124.842,1.518],[124.8,1.567],[124.848,1.599],[124.893,1.639],[124.926,1.686],[124.964,1.736],[125.014,1.742],[125.015,1.693],[125.065,1.673],[125.113,1.665],[125.167,1.69],[125.164,1.642],[125.149,1.592],[125.208,1.553],[125.252,1.507],[125.226,1.46],[125.149,1.44],[125.106,1.391],[125.072,1.342],[125.065,1.293],[125.051,1.245],[125.032,1.19],[125.013,1.132],[124.973,1.07],[124.9,1.0],[124.832,0.955],[124.786,0.935],[124.762,0.885],[124.714,0.892],[124.705,0.845],[124.658,0.808],[124.621,0.758],[124.631,0.713],[124.585,0.692],[124.557,0.637],[124.574,0.582],[124.526,0.562],[124.51,0.513],[124.507,0.464],[124.455,0.46],[124.394,0.44],[124.347,0.435],[124.286,0.419],[124.232,0.382],[124.183,0.387],[124.137,0.392],[124.082,0.385],[124.034,0.372],[123.988,0.37],[123.942,0.342],[123.884,0.34],[123.837,0.322],[123.79,0.302],[123.735,0.312],[123.684,0.289],[123.638,0.284],[123.591,0.294],[123.546,0.31],[123.495,0.293],[123.442,0.316],[123.395,0.305],[123.343,0.295],[123.292,0.303],[123.234,0.335],[123.183,0.389],[123.131,0.411],[123.093,0.472],[123.039,0.497],[122.988,0.484],[122.937,0.479],[122.877,0.48],[122.821,0.486],[122.772,0.486],[122.723,0.478],[122.667,0.507],[122.613,0.48],[122.566,0.49],[122.519,0.504],[122.468,0.5],[122.42,0.497],[122.374,0.509],[122.327,0.488],[122.275,0.487],[122.23,0.483],[122.181,0.479],[122.107,0.497],[122.057,0.479],[122.009,0.468],[121.955,0.449],[121.895,0.44],[121.847,0.436],[121.801,0.413],[121.75,0.452],[121.724,0.5],[121.677,0.514],[121.632,0.541],[121.583,0.533],[121.529,0.542],[121.515,0.488],[121.451,0.465],[121.403,0.464],[121.35,0.463],[121.293,0.481],[121.243,0.484],[121.187,0.455],[121.14,0.437],[121.082,0.411],[121.022,0.432],[120.969,0.437],[120.924,0.419],[120.865,0.432],[120.814,0.465],[120.759,0.478],[120.707,0.515],[120.659,0.53],[120.61,0.536],[120.548,0.525],[120.493,0.515],[120.447,0.471],[120.396,0.469],[120.349,0.45],[120.302,0.405],[120.254,0.344],[120.227,0.296],[120.186,0.245],[120.133,0.187],[120.135,0.133],[120.105,0.08],[120.09,0.027],[120.087,-0.031],[120.037,-0.06],[120.039,-0.109],[120.027,-0.162],[120.005,-0.222],[120.005,-0.267],[120.03,-0.346],[120.052,-0.396],[120.069,-0.452],[120.052,-0.506],[120.05,-0.558],[120.065,-0.603],[120.074,-0.666],[120.106,-0.715],[120.132,-0.775],[120.186,-0.836],[120.233,-0.868],[120.281,-0.922],[120.332,-0.951],[120.383,-0.918],[120.435,-0.961],[120.48,-0.987],[120.531,-1.019],[120.553,-1.067],[120.582,-1.113],[120.59,-1.172],[120.563,-1.228],[120.605,-1.278],[120.643,-1.323],[120.66,-1.379],[120.706,-1.393],[120.752,-1.384],[120.797,-1.352],[120.845,-1.35],[120.851,-1.398],[120.911,-1.408],[120.963,-1.405],[121.009,-1.41],[121.064,-1.428],[121.116,-1.413],[121.151,-1.364],[121.179,-1.304],[121.204,-1.258],[121.22,-1.211],[121.257,-1.165],[121.289,-1.116],[121.327,-1.064],[121.375,-1.037],[121.401,-0.989],[121.447,-0.951],[121.462,-0.9],[121.51,-0.876],[121.581,-0.86],[121.61,-0.81],[121.659,-0.808],[121.662,-0.854],[121.649,-0.907],[121.702,-0.937],[121.753,-0.965],[121.798,-0.957],[121.844,-0.962],[121.891,-0.975],[121.942,-0.99],[121.987,-0.94],[122.036,-0.94],[122.085,-0.95],[122.137,-0.918],[122.148,-0.866],[122.16,-0.807],[122.215,-0.782],[122.271,-0.776],[122.326,-0.774],[122.376,-0.768],[122.422,-0.775],[122.469,-0.753],[122.518,-0.765],[122.566,-0.777],[122.62,-0.759],[122.671,-0.798],[122.728,-0.81],[122.777,-0.778],[122.829,-0.775],[122.877,-0.771],[122.924,-0.758],[122.876,-0.712],[122.826,-0.704],[122.777,-0.7],[122.726,-0.674],[122.771,-0.665],[122.821,-0.625],[122.872,-0.623],[122.921,-0.622],[122.969,-0.615],[123.024,-0.592],[123.082,-0.572],[123.135,-0.571],[123.193,-0.564],[123.262,-0.574],[123.309,-0.605],[123.354,-0.622],[123.403,-0.645],[123.405,-0.692],[123.428,-0.743],[123.444,-0.793],[123.442,-0.841],[123.395,-0.893],[123.39,-0.939],[123.381,-0.993],[123.349,-1.039],[123.302,-1.054],[123.253,-1.038],[123.198,-0.983],[123.148,-0.958],[123.135,-0.911],[123.128,-0.857],[123.075,-0.854],[123.068,-0.9],[123.023,-0.89],[122.975,-0.898],[122.927,-0.914],[122.876,-0.92],[122.823,-0.932],[122.797,-0.981],[122.767,-1.043],[122.719,-1.113],[122.67,-1.136],[122.64,-1.189],[122.626,-1.239],[122.561,-1.266],[122.549,-1.315],[122.5,-1.354],[122.478,-1.4],[122.425,-1.432],[122.405,-1.481],[122.358,-1.523],[122.302,-1.54],[122.255,-1.578],[122.202,-1.609],[122.147,-1.606],[122.092,-1.618],[122.027,-1.615],[121.977,-1.661],[121.93,-1.684],[121.881,-1.676],[121.83,-1.708],[121.798,-1.761],[121.77,-1.807],[121.74,-1.863],[121.698,-1.918],[121.652,-1.955],[121.584,-1.95],[121.527,-1.908],[121.464,-1.879],[121.458,-1.827],[121.413,-1.813],[121.367,-1.795],[121.322,-1.771],[121.299,-1.817],[121.326,-1.866],[121.33,-1.921],[121.35,-1.966],[121.376,-1.92],[121.424,-1.94],[121.449,-1.99],[121.494,-2.022],[121.535,-2.075],[121.541,-2.132],[121.567,-2.18],[121.629,-2.188],[121.679,-2.183],[121.729,-2.205],[121.759,-2.256],[121.821,-2.299],[121.842,-2.355],[121.87,-2.404],[121.911,-2.453],[121.965,-2.532],[121.985,-2.583],[122.008,-2.631],[122.009,-2.713],[122.06,-2.746],[122.139,-2.785],[122.185,-2.823],[122.193,-2.876],[122.241,-2.882],[122.312,-2.907],[122.308,-2.957],[122.263,-3.005],[122.294,-3.051],[122.349,-3.1],[122.398,-3.137],[122.445,-3.149],[122.421,-3.199],[122.431,-3.256],[122.383,-3.251],[122.337,-3.232],[122.301,-3.279],[122.29,-3.326],[122.335,-3.36],[122.388,-3.402],[122.381,-3.454],[122.343,-3.403],[122.297,-3.378],[122.238,-3.383],[122.268,-3.43],[122.29,-3.495],[122.283,-3.549],[122.237,-3.567],[122.21,-3.618],[122.25,-3.664],[122.298,-3.68],[122.335,-3.731],[122.39,-3.738],[122.442,-3.748],[122.477,-3.813],[122.508,-3.862],[122.561,-3.901],[122.607,-3.892],[122.668,-3.897],[122.628,-3.956],[122.578,-3.972],[122.533,-3.968],[122.584,-3.978],[122.632,-4.003],[122.668,-4.05],[122.66,-4.095],[122.68,-4.155],[122.731,-4.138],[122.792,-4.152],[122.838,-4.151],[122.802,-4.1],[122.855,-4.073],[122.877,-4.118],[122.894,-4.166],[122.893,-4.218],[122.887,-4.268],[122.897,-4.32],[122.897,-4.367],[122.885,-4.413],[122.83,-4.447],[122.769,-4.406],[122.72,-4.363],[122.664,-4.336],[122.698,-4.386],[122.746,-4.432],[122.764,-4.484],[122.713,-4.497],[122.668,-4.496],[122.661,-4.45],[122.595,-4.398],[122.548,-4.42],[122.498,-4.45],[122.449,-4.45],[122.401,-4.438],[122.35,-4.465],[122.297,-4.481],[122.249,-4.483],[122.197,-4.47],[122.175,-4.518],[122.128,-4.529],[122.079,-4.572],[122.06,-4.618],[122.028,-4.677],[122.044,-4.735],[122.074,-4.786],[122.119,-4.815],[122.072,-4.849],[122.024,-4.881],[121.971,-4.893],[121.906,-4.882],[121.837,-4.852],[121.789,-4.845],[121.742,-4.838],[121.695,-4.852],[121.643,-4.815],[121.59,-4.791],[121.543,-4.77],[121.508,-4.713],[121.471,-4.668],[121.471,-4.621],[121.479,-4.549],[121.495,-4.503],[121.519,-4.438],[121.515,-4.369],[121.521,-4.319],[121.525,-4.269],[121.575,-4.248],[121.585,-4.199],[121.618,-4.143],[121.606,-4.086],[121.562,-4.035],[121.508,-4.018],[121.463,-4.006],[121.408,-3.995],[121.358,-3.994],[121.314,-3.942],[121.299,-3.891],[121.248,-3.908],[121.241,-3.859],[121.184,-3.826],[121.116,-3.748],[121.052,-3.689],[121.005,-3.657],[120.946,-3.615],[120.903,-3.568],[120.885,-3.521],[120.876,-3.471],[120.882,-3.415],[120.919,-3.359],[120.96,-3.295],[121.013,-3.244],[121.055,-3.197],[121.065,-3.144],[121.062,-3.089],[121.048,-3.036],[121.075,-2.986],[121.085,-2.932],[121.075,-2.886],[121.045,-2.829],[121.0,-2.838],[121.018,-2.791],[121.064,-2.738],[121.049,-2.692],[121.035,-2.645],[120.988,-2.675],[120.941,-2.662],[120.895,-2.65],[120.848,-2.654],[120.802,-2.622],[120.754,-2.623],[120.707,-2.646],[120.652,-2.667],[120.599,-2.682],[120.552,-2.726],[120.506,-2.777],[120.45,-2.829],[120.389,-2.857],[120.338,-2.87],[120.292,-2.91],[120.24,-2.948],[120.185,-2.972],[120.221,-3.023],[120.26,-3.08],[120.25,-3.145],[120.298,-3.178],[120.355,-3.2],[120.388,-3.248],[120.395,-3.298],[120.396,-3.368],[120.402,-3.43],[120.39,-3.492],[120.399,-3.54],[120.42,-3.617],[120.415,-3.663],[120.441,-3.743],[120.39,-3.807],[120.363,-3.854],[120.342,-3.913],[120.344,-3.963],[120.348,-4.011],[120.355,-4.065],[120.331,-4.111],[120.376,-4.164],[120.364,-4.225],[120.357,-4.29],[120.393,-4.337],[120.359,-4.383],[120.362,-4.441],[120.399,-4.493],[120.383,-4.563],[120.408,-4.615],[120.456,-4.658],[120.405,-4.698],[120.392,-4.75],[120.385,-4.801],[120.365,-4.846],[120.317,-4.855],[120.302,-4.904],[120.292,-4.951],[120.299,-4.996],[120.29,-5.042],[120.29,-5.088],[120.272,-5.136],[120.29,-5.198],[120.323,-5.253],[120.341,-5.305],[120.387,-5.342],[120.41,-5.398],[120.431,-5.449],[120.441,-5.494],[120.449,-5.546],[120.46,-5.608],[120.384,-5.586],[120.35,-5.523],[120.302,-5.515],[120.238,-5.54],[120.186,-5.57],[120.128,-5.59],[120.082,-5.591],[120.0,-5.565],[119.938,-5.55],[119.893,-5.597],[119.847,-5.633],[119.802,-5.697],[119.749,-5.705],[119.7,-5.706],[119.646,-5.685],[119.66,-5.639],[119.614,-5.629],[119.56,-5.655],[119.548,-5.607],[119.511,-5.557],[119.459,-5.582],[119.434,-5.53],[119.42,-5.481],[119.373,-5.437],[119.355,-5.388],[119.355,-5.338],[119.382,-5.227],[119.385,-5.174],[119.402,-5.128],[119.452,-5.104],[119.477,-5.037],[119.478,-5.0]]]}},{"type":"Feature","properties":{},"geometry":{"type":"Polygon","coordinates":[[[114.0,-8.59],[113.944,-8.6],[113.895,-8.573],[113.843,-8.555],[113.803,-8.506],[113.757,-8.502],[113.71,-8.527],[113.704,-8.481],[113.645,-8.493],[113.625,-8.448],[113.578,-8.438],[113.523,-8.43],[113.476,-8.41],[113.426,-8.38],[113.37,-8.367],[113.297,-8.303],[113.217,-8.28],[113.16,-8.28],[113.11,-8.292],[113.049,-8.296],[113.0,-8.313],[112.948,-8.358],[112.903,-8.394],[112.856,-8.402],[112.804,-8.397],[112.753,-8.412],[112.699,-8.425],[112.649,-8.448],[112.578,-8.415],[112.527,-8.401],[112.481,-8.395],[112.434,-8.388],[112.373,-8.375],[112.32,-8.335],[112.26,-8.35],[112.208,-8.33],[112.152,-8.33],[112.105,-8.318],[112.053,-8.318],[112.007,-8.301],[111.949,-8.279],[111.902,-8.302],[111.851,-8.272],[111.799,-8.271],[111.769,-8.318],[111.713,-8.29],[111.689,-8.337],[111.701,-8.385],[111.655,-8.361],[111.606,-8.33],[111.559,-8.309],[111.513,-8.335],[111.466,-8.318],[111.445,-8.269],[111.397,-8.279],[111.352,-8.268],[111.302,-8.257],[111.255,-8.248],[111.203,-8.269],[111.157,-8.279],[111.107,-8.258],[111.046,-8.254],[111.0,-8.256],[110.947,-8.224],[110.881,-8.213],[110.836,-8.204],[110.774,-8.198],[110.728,-8.195],[110.683,-8.184],[110.624,-8.16],[110.573,-8.138],[110.525,-8.132],[110.467,-8.111],[110.421,-8.089],[110.372,-8.072],[110.301,-8.015],[110.227,-7.995],[110.235,-7.948],[110.186,-7.971],[110.077,-7.92],[110.024,-7.9],[109.962,-7.873],[109.879,-7.845],[109.823,-7.834],[109.652,-7.79],[109.595,-7.779],[109.547,-7.77],[109.471,-7.76],[109.42,-7.772],[109.394,-7.723],[109.318,-7.705],[109.17,-7.691],[109.107,-7.687],[109.042,-7.705],[109.018,-7.753],[108.966,-7.717],[109.012,-7.756],[108.966,-7.765],[108.917,-7.758],[108.862,-7.743],[108.812,-7.736],[108.795,-7.682],[108.842,-7.694],[108.895,-7.711],[108.868,-7.658],[108.865,-7.611],[108.818,-7.64],[108.795,-7.688],[108.735,-7.685],[108.69,-7.678],[108.674,-7.724],[108.594,-7.685],[108.52,-7.698],[108.495,-7.748],[108.493,-7.797],[108.442,-7.823],[108.374,-7.815],[108.325,-7.816],[108.272,-7.808],[108.148,-7.79],[108.088,-7.774],[108.037,-7.756],[107.941,-7.736],[107.891,-7.737],[107.843,-7.74],[107.814,-7.694],[107.753,-7.677],[107.688,-7.671],[107.648,-7.611],[107.598,-7.572],[107.543,-7.555],[107.493,-7.535],[107.445,-7.51],[107.397,-7.495],[107.352,-7.502],[107.283,-7.496],[107.22,-7.485],[107.118,-7.46],[107.052,-7.453],[106.938,-7.44],[106.864,-7.436],[106.78,-7.438],[106.691,-7.428],[106.589,-7.415],[106.52,-7.408],[106.469,-7.372],[106.411,-7.364],[106.369,-7.308],[106.375,-7.243],[106.393,-7.197],[106.441,-7.19],[106.455,-7.134],[106.502,-7.097],[106.543,-7.028],[106.52,-6.974],[106.47,-6.965],[106.415,-6.964],[106.369,-6.992],[106.323,-6.993],[106.276,-6.981],[106.232,-6.932],[106.182,-6.911],[106.128,-6.894],[106.061,-6.843],[105.981,-6.815],[105.912,-6.818],[105.831,-6.836],[105.773,-6.85],[105.714,-6.838],[105.657,-6.846],[105.604,-6.846],[105.535,-6.875],[105.487,-6.868],[105.436,-6.836],[105.389,-6.824],[105.331,-6.805],[105.285,-6.826],[105.235,-6.838],[105.23,-6.79],[105.274,-6.741],[105.321,-6.7],[105.368,-6.646],[105.392,-6.709],[105.41,-6.76],[105.434,-6.809],[105.487,-6.803],[105.51,-6.757],[105.539,-6.707],[105.565,-6.66],[105.611,-6.626],[105.619,-6.58],[105.626,-6.52],[105.663,-6.471],[105.688,-6.524],[105.735,-6.52],[105.798,-6.489],[105.823,-6.427],[105.82,-6.376],[105.826,-6.33],[105.822,-6.278],[105.83,-6.223],[105.845,-6.172],[105.863,-6.123],[105.879,-6.075],[105.935,-6.027],[105.985,-5.998],[105.999,-5.95],[106.007,-5.905],[106.067,-5.881],[106.114,-5.932],[106.096,-5.979],[106.148,-6.019],[106.198,-6.023],[106.236,-5.968],[106.283,-5.955],[106.337,-5.987],[106.382,-6.006],[106.438,-6.031],[106.491,-6.05],[106.548,-6.02],[106.614,-6.022],[106.677,-6.012],[106.71,-6.06],[106.772,-6.105],[106.821,-6.12],[106.869,-6.105],[106.939,-6.094],[106.989,-6.087],[107.019,-6.034],[107.01,-5.979],[107.002,-5.93],[107.06,-5.936],[107.126,-5.97],[107.177,-5.986],[107.227,-5.973],[107.301,-5.958],[107.373,-5.997],[107.413,-6.051],[107.44,-6.11],[107.498,-6.159],[107.586,-6.19],[107.632,-6.22],[107.682,-6.25],[107.733,-6.239],[107.802,-6.2],[107.85,-6.18],[107.866,-6.23],[107.942,-6.25],[108.035,-6.301],[108.085,-6.32],[108.147,-6.332],[108.194,-6.314],[108.2,-6.267],[108.257,-6.25],[108.313,-6.25],[108.362,-6.317],[108.405,-6.385],[108.453,-6.435],[108.519,-6.475],[108.533,-6.526],[108.536,-6.597],[108.551,-6.647],[108.57,-6.709],[108.596,-6.762],[108.653,-6.762],[108.705,-6.812],[108.754,-6.819],[108.801,-6.795],[108.851,-6.8],[108.902,-6.816],[108.963,-6.839],[108.983,-6.793],[109.029,-6.779],[109.093,-6.829],[109.155,-6.849],[109.208,-6.866],[109.277,-6.875],[109.334,-6.865],[109.412,-6.855],[109.47,-6.822],[109.54,-6.83],[109.597,-6.839],[109.653,-6.848],[109.717,-6.87],[109.763,-6.885],[109.816,-6.904],[109.888,-6.917],[109.933,-6.915],[109.994,-6.925],[110.064,-6.902],[110.109,-6.895],[110.161,-6.855],[110.208,-6.863],[110.275,-6.912],[110.354,-6.953],[110.407,-6.952],[110.465,-6.925],[110.521,-6.862],[110.572,-6.773],[110.596,-6.722],[110.64,-6.647],[110.655,-6.593],[110.655,-6.544],[110.675,-6.495],[110.722,-6.446],[110.786,-6.425],[110.837,-6.408],[110.884,-6.409],[110.933,-6.412],[111.008,-6.416],[111.053,-6.494],[111.073,-6.54],[111.096,-6.598],[111.126,-6.643],[111.173,-6.666],[111.275,-6.69],[111.332,-6.7],[111.383,-6.698],[111.444,-6.669],[111.492,-6.62],[111.565,-6.643],[111.647,-6.715],[111.706,-6.763],[111.768,-6.772],[111.827,-6.799],[111.877,-6.795],[111.947,-6.763],[112.007,-6.819],[112.054,-6.888],[112.105,-6.895],[112.166,-6.9],[112.214,-6.873],[112.27,-6.877],[112.317,-6.869],[112.363,-6.867],[112.412,-6.866],[112.462,-6.888],[112.539,-6.91],[112.541,-6.863],[112.588,-6.9],[112.592,-6.948],[112.64,-6.993],[112.653,-7.041],[112.63,-7.098],[112.661,-7.154],[112.66,-7.208],[112.709,-7.225],[112.758,-7.196],[112.805,-7.249],[112.841,-7.313],[112.82,-7.36],[112.83,-7.441],[112.819,-7.488],[112.866,-7.523],[112.837,-7.57],[112.89,-7.618],[112.942,-7.632],[113.006,-7.655],[113.052,-7.66],[113.088,-7.705],[113.139,-7.725],[113.186,-7.752],[113.238,-7.739],[113.287,-7.785],[113.341,-7.772],[113.391,-7.743],[113.447,-7.729],[113.516,-7.703],[113.561,-7.715],[113.61,-7.724],[113.66,-7.737],[113.707,-7.708],[113.755,-7.738],[113.81,-7.711],[113.859,-7.685],[113.909,-7.697],[113.963,-7.664],[114.028,-7.608],[114.099,-7.7],[114.149,-7.714],[114.195,-7.711],[114.24,-7.698],[114.292,-7.748],[114.347,-7.755],[114.403,-7.771],[114.45,-7.805],[114.464,-7.853],[114.441,-7.899],[114.42,-7.963],[114.425,-8.02],[114.416,-8.082],[114.4,-8.133],[114.383,-8.189],[114.37,-8.263],[114.364,-8.313],[114.35,-8.376],[114.338,-8.428],[114.361,-8.478],[114.35,-8.523],[114.381,-8.448],[114.395,-8.495],[114.4,-8.545],[114.422,-8.605],[114.467,-8.62],[114.515,-8.65],[114.56,-8.655],[114.603,-8.715],[114.582,-8.765],[114.527,-8.782],[114.474,-8.761],[114.416,-8.75],[114.371,-8.75],[114.375,-8.705],[114.36,-8.658],[114.313,-8.623],[114.252,-8.602],[114.189,-8.64],[114.113,-8.62],[114.06,-8.627],[114.009,-8.587],[114.0,-8.59]]]}},{"type":"Feature","properties":{},"geometry":{"type":"Polygon","coordinates":[[[123.999,12.968],[123.939,12.958],[123.882,12.98],[123.867,12.928],[123.826,12.876],[123.777,12.871],[123.727,12.851],[123.688,12.9],[123.627,12.894],[123.552,12.949],[123.507,12.962],[123.45,13.027],[123.402,13.047],[123.339,13.015],[123.291,13.059],[123.286,13.111],[123.3,13.159],[123.316,13.213],[123.286,13.259],[123.236,13.293],[123.21,13.345],[123.199,13.391],[123.156,13.456],[123.078,13.49],[123.0,13.524],[122.947,13.55],[122.886,13.578],[122.832,13.632],[122.84,13.683],[122.833,13.732],[122.777,13.766],[122.723,13.816],[122.676,13.817],[122.647,13.863],[122.592,13.896],[122.55,13.945],[122.49,13.93],[122.439,13.943],[122.456,13.893],[122.497,13.848],[122.512,13.786],[122.523,13.734],[122.495,13.681],[122.518,13.631],[122.546,13.585],[122.598,13.56],[122.632,13.515],[122.579,13.564],[122.598,13.514],[122.642,13.46],[122.664,13.411],[122.674,13.348],[122.678,13.297],[122.696,13.242],[122.637,13.194],[122.561,13.182],[122.51,13.243],[122.511,13.29],[122.515,13.35],[122.487,13.397],[122.448,13.447],[122.402,13.504],[122.361,13.55],[122.289,13.594],[122.238,13.595],[122.195,13.642],[122.162,13.7],[122.13,13.747],[122.081,13.789],[122.024,13.796],[121.975,13.822],[121.927,13.851],[121.882,13.89],[121.834,13.905],[121.789,13.95],[121.737,13.966],[121.69,13.951],[121.643,13.907],[121.586,13.892],[121.521,13.86],[121.464,13.827],[121.432,13.769],[121.449,13.723],[121.434,13.66],[121.365,13.66],[121.314,13.623],[121.257,13.599],[121.207,13.628],[121.16,13.645],[121.104,13.626],[121.057,13.629],[121.049,13.695],[121.043,13.747],[120.978,13.784],[120.931,13.732],[120.891,13.684],[120.89,13.742],[120.917,13.789],[120.915,13.851],[120.881,13.903],[120.797,13.926],[120.743,13.937],[120.696,13.893],[120.72,13.847],[120.671,13.856],[120.675,13.792],[120.62,13.812],[120.62,13.862],[120.618,13.916],[120.613,13.963],[120.615,14.012],[120.624,14.072],[120.616,14.119],[120.567,14.136],[120.607,14.186],[120.586,14.232],[120.632,14.269],[120.687,14.286],[120.743,14.317],[120.795,14.368],[120.846,14.417],[120.89,14.49],[120.941,14.464],[120.991,14.514],[120.977,14.575],[120.958,14.639],[120.922,14.687],[120.863,14.73],[120.816,14.762],[120.765,14.764],[120.696,14.772],[120.645,14.774],[120.6,14.817],[120.553,14.816],[120.548,14.763],[120.546,14.718],[120.575,14.663],[120.583,14.605],[120.6,14.547],[120.608,14.484],[120.578,14.436],[120.53,14.426],[120.483,14.432],[120.438,14.443],[120.391,14.459],[120.379,14.518],[120.38,14.571],[120.365,14.622],[120.31,14.628],[120.264,14.67],[120.247,14.719],[120.239,14.765],[120.286,14.796],[120.262,14.85],[120.211,14.878],[120.21,14.818],[120.19,14.766],[120.133,14.755],[120.087,14.783],[120.08,14.831],[120.07,14.881],[120.054,14.93],[120.061,14.987],[120.062,15.046],[120.028,15.189],[120.008,15.235],[119.963,15.327],[119.918,15.395],[119.894,15.443],[119.9,15.495],[119.947,15.491],[119.945,15.536],[119.917,15.598],[119.921,15.643],[119.932,15.693],[119.884,15.723],[119.904,15.772],[119.886,15.819],[119.902,15.869],[119.876,15.922],[119.853,15.968],[119.804,15.926],[119.756,15.946],[119.76,15.995],[119.757,16.044],[119.766,16.09],[119.776,16.136],[119.757,16.183],[119.78,16.242],[119.779,16.301],[119.812,16.362],[119.88,16.396],[119.925,16.365],[119.911,16.301],[119.895,16.246],[119.952,16.24],[120.002,16.194],[120.048,16.189],[120.098,16.156],[120.092,16.098],[120.138,16.048],[120.197,16.034],[120.26,16.045],[120.321,16.069],[120.381,16.119],[120.422,16.167],[120.399,16.252],[120.349,16.28],[120.34,16.359],[120.333,16.419],[120.326,16.476],[120.309,16.527],[120.319,16.575],[120.278,16.627],[120.33,16.671],[120.34,16.736],[120.327,16.794],[120.344,16.848],[120.397,16.882],[120.422,16.939],[120.45,17.0],[120.435,17.087],[120.428,17.155],[120.414,17.206],[120.415,17.256],[120.423,17.312],[120.455,17.362],[120.457,17.413],[120.433,17.465],[120.421,17.511],[120.37,17.539],[120.349,17.614],[120.369,17.674],[120.417,17.715],[120.405,17.761],[120.43,17.815],[120.439,17.866],[120.429,17.918],[120.47,17.97],[120.483,18.019],[120.477,18.077],[120.51,18.136],[120.518,18.201],[120.565,18.279],[120.596,18.337],[120.594,18.399],[120.58,18.446],[120.561,18.493],[120.622,18.548],[120.669,18.534],[120.729,18.531],[120.778,18.558],[120.778,18.619],[120.825,18.637],[120.885,18.596],[120.936,18.561],[120.987,18.6],[121.043,18.615],[121.091,18.618],[121.138,18.63],[121.207,18.604],[121.282,18.543],[121.355,18.503],[121.405,18.487],[121.453,18.457],[121.507,18.422],[121.604,18.375],[121.631,18.322],[121.664,18.263],[121.647,18.321],[121.627,18.366],[121.69,18.346],[121.827,18.295],[121.894,18.276],[121.943,18.275],[122.006,18.29],[122.051,18.327],[122.095,18.381],[122.122,18.43],[122.148,18.491],[122.195,18.515],[122.245,18.493],[122.255,18.447],[122.3,18.399],[122.323,18.347],[122.326,18.293],[122.305,18.242],[122.266,18.189],[122.215,18.154],[122.17,18.092],[122.172,18.036],[122.178,17.99],[122.176,17.937],[122.162,17.881],[122.15,17.833],[122.139,17.788],[122.143,17.741],[122.155,17.684],[122.165,17.633],[122.174,17.584],[122.188,17.537],[122.207,17.475],[122.237,17.423],[122.245,17.368],[122.293,17.336],[122.341,17.345],[122.39,17.329],[122.438,17.293],[122.442,17.246],[122.426,17.194],[122.415,17.146],[122.468,17.126],[122.517,17.131],[122.513,17.065],[122.498,17.02],[122.463,16.969],[122.46,16.92],[122.457,16.874],[122.426,16.822],[122.411,16.769],[122.385,16.721],[122.351,16.662],[122.322,16.612],[122.297,16.554],[122.246,16.515],[122.226,16.461],[122.2,16.416],[122.228,16.368],[122.19,16.319],[122.212,16.273],[122.188,16.226],[122.124,16.171],[122.076,16.125],[122.048,16.075],[122.0,16.031],[122.011,16.083],[122.06,16.132],[122.09,16.197],[122.137,16.26],[122.092,16.265],[122.065,16.205],[122.018,16.18],[121.965,16.137],[121.915,16.125],[121.868,16.122],[121.822,16.085],[121.775,16.064],[121.717,16.043],[121.661,16.004],[121.621,15.953],[121.568,15.915],[121.545,15.84],[121.557,15.789],[121.636,15.753],[121.638,15.706],[121.588,15.673],[121.582,15.625],[121.536,15.573],[121.492,15.527],[121.483,15.476],[121.473,15.424],[121.432,15.379],[121.384,15.368],[121.371,15.317],[121.419,15.216],[121.469,15.192],[121.488,15.144],[121.496,15.093],[121.517,15.04],[121.549,14.991],[121.571,14.931],[121.589,14.877],[121.601,14.827],[121.664,14.773],[121.732,14.698],[121.679,14.696],[121.625,14.659],[121.606,14.604],[121.626,14.534],[121.64,14.488],[121.658,14.424],[121.69,14.367],[121.732,14.307],[121.755,14.252],[121.753,14.206],[121.747,14.148],[121.798,14.107],[121.844,14.075],[121.905,14.015],[121.989,13.98],[122.056,13.944],[122.102,13.925],[122.156,13.923],[122.202,13.913],[122.191,13.972],[122.251,13.972],[122.298,13.962],[122.309,14.011],[122.263,14.051],[122.216,14.08],[122.163,14.14],[122.214,14.193],[122.249,14.245],[122.264,14.198],[122.265,14.152],[122.31,14.134],[122.335,14.185],[122.366,14.232],[122.381,14.278],[122.431,14.303],[122.476,14.34],[122.521,14.327],[122.571,14.325],[122.62,14.293],[122.666,14.303],[122.715,14.341],[122.762,14.324],[122.817,14.277],[122.863,14.274],[122.902,14.227],[122.953,14.165],[122.999,14.119],[123.049,14.071],[123.041,14.025],[123.087,13.969],[123.092,13.918],[123.066,13.867],[123.049,13.818],[123.06,13.765],[123.117,13.737],[123.11,13.691],[123.212,13.731],[123.272,13.75],[123.319,13.802],[123.305,13.861],[123.285,13.91],[123.33,13.943],[123.284,13.935],[123.232,13.968],[123.262,14.014],[123.253,14.074],[123.298,14.056],[123.335,14.107],[123.354,14.059],[123.351,14.01],[123.397,14.014],[123.415,13.966],[123.469,13.964],[123.492,13.917],[123.539,13.916],[123.592,13.914],[123.643,13.885],[123.698,13.887],[123.71,13.936],[123.758,13.867],[123.814,13.83],[123.86,13.823],[123.912,13.797],[123.961,13.756],[123.967,13.711],[123.909,13.73],[123.86,13.731],[123.802,13.689],[123.75,13.709],[123.689,13.721],[123.632,13.72],[123.582,13.73],[123.537,13.639],[123.53,13.579],[123.576,13.556],[123.621,13.496],[123.675,13.481],[123.704,13.43],[123.732,13.382],[123.743,13.327],[123.803,13.3],[123.82,13.25],[123.867,13.243],[123.818,13.231],[123.771,13.226],[123.753,13.169],[123.785,13.122],[123.765,13.072],[123.811,13.058],[123.837,13.112],[123.905,13.144],[123.952,13.106],[124.008,13.077],[124.062,13.038],[124.124,13.075],[124.181,13.07],[124.192,13.023],[124.136,12.973],[124.124,12.928],[124.137,12.877],[124.153,12.832],[124.148,12.777],[124.14,12.708],[124.13,12.662],[124.102,12.615],[124.095,12.567],[124.042,12.535],[123.995,12.544],[123.945,12.592],[123.91,12.638],[123.858,12.69],[123.842,12.802],[123.845,12.85],[123.905,12.852],[123.957,12.879],[124.003,12.878],[124.039,12.927],[124.022,12.972],[123.999,12.968]]]}},{"type":"Feature","properties":{},"geometry":{"type":"Polygon","coordinates":[[[125.0,5.859],[124.951,5.855],[124.891,5.872],[124.823,5.89],[124.761,5.926],[124.693,5.955],[124.639,5.985],[124.593,5.997],[124.547,6.02],[124.497,6.041],[124.437,6.085],[124.391,6.103],[124.326,6.118],[124.278,6.162],[124.216,6.198],[124.173,6.253],[124.132,6.305],[124.092,6.36],[124.049,6.408],[124.03,6.459],[124.026,6.508],[124.046,6.558],[124.055,6.632],[124.025,6.698],[124.041,6.751],[124.012,6.797],[123.967,6.79],[123.965,6.838],[123.97,6.888],[123.971,6.968],[123.993,7.022],[124.028,7.087],[124.064,7.138],[124.118,7.152],[124.165,7.187],[124.192,7.242],[124.22,7.291],[124.215,7.342],[124.261,7.374],[124.236,7.42],[124.183,7.409],[124.135,7.441],[124.115,7.517],[124.073,7.575],[124.032,7.631],[123.982,7.645],[123.915,7.693],[123.867,7.696],[123.822,7.696],[123.773,7.704],[123.738,7.764],[123.69,7.798],[123.64,7.821],[123.573,7.852],[123.527,7.839],[123.472,7.817],[123.425,7.813],[123.432,7.763],[123.484,7.728],[123.485,7.682],[123.464,7.63],[123.415,7.616],[123.369,7.595],[123.339,7.55],[123.385,7.526],[123.395,7.472],[123.453,7.434],[123.449,7.386],[123.399,7.361],[123.335,7.411],[123.286,7.465],[123.295,7.515],[123.242,7.529],[123.197,7.515],[123.185,7.469],[123.131,7.505],[123.105,7.555],[123.163,7.582],[123.179,7.628],[123.133,7.653],[123.145,7.698],[123.122,7.747],[123.092,7.699],[123.043,7.656],[123.035,7.609],[123.027,7.56],[123.004,7.503],[122.953,7.48],[122.928,7.527],[122.881,7.508],[122.866,7.458],[122.817,7.437],[122.813,7.483],[122.79,7.533],[122.814,7.579],[122.795,7.641],[122.785,7.689],[122.834,7.711],[122.792,7.761],[122.743,7.752],[122.691,7.788],[122.635,7.78],[122.587,7.752],[122.534,7.712],[122.499,7.664],[122.469,7.618],[122.437,7.572],[122.484,7.573],[122.472,7.525],[122.426,7.514],[122.377,7.49],[122.345,7.444],[122.362,7.399],[122.37,7.35],[122.324,7.31],[122.327,7.365],[122.29,7.307],[122.284,7.261],[122.265,7.213],[122.259,7.162],[122.251,7.117],[122.203,7.07],[122.192,7.005],[122.184,6.954],[122.134,6.935],[122.069,6.905],[122.006,6.931],[121.949,6.96],[121.916,7.023],[121.897,7.074],[121.903,7.127],[121.922,7.191],[121.965,7.242],[122.012,7.272],[122.06,7.292],[122.034,7.348],[122.052,7.397],[122.051,7.443],[122.087,7.497],[122.103,7.544],[122.132,7.59],[122.124,7.637],[122.126,7.695],[122.087,7.745],[122.12,7.803],[122.155,7.848],[122.202,7.887],[122.23,7.935],[122.248,7.988],[122.301,8.019],[122.348,8.04],[122.399,8.05],[122.46,8.076],[122.506,8.067],[122.552,8.082],[122.608,8.104],[122.652,8.149],[122.715,8.115],[122.76,8.115],[122.812,8.123],[122.865,8.144],[122.944,8.174],[122.995,8.218],[122.964,8.268],[122.944,8.319],[122.985,8.367],[122.977,8.416],[123.02,8.475],[123.144,8.527],[123.196,8.536],[123.249,8.523],[123.298,8.522],[123.335,8.589],[123.348,8.637],[123.393,8.628],[123.408,8.675],[123.378,8.73],[123.433,8.72],[123.478,8.69],[123.487,8.645],[123.535,8.634],[123.565,8.575],[123.575,8.622],[123.584,8.67],[123.63,8.65],[123.69,8.643],[123.737,8.603],[123.772,8.557],[123.779,8.507],[123.815,8.457],[123.835,8.405],[123.849,8.357],[123.845,8.276],[123.864,8.228],[123.867,8.163],[123.812,8.115],[123.775,8.069],[123.723,8.047],[123.673,8.04],[123.65,7.981],[123.708,7.981],[123.755,8.021],[123.805,8.075],[123.853,8.113],[123.898,8.117],[123.95,8.169],[124.009,8.19],[124.062,8.196],[124.109,8.19],[124.166,8.19],[124.217,8.212],[124.245,8.262],[124.245,8.332],[124.26,8.379],[124.287,8.447],[124.304,8.504],[124.337,8.554],[124.383,8.596],[124.441,8.625],[124.507,8.579],[124.553,8.54],[124.6,8.521],[124.653,8.513],[124.698,8.475],[124.75,8.508],[124.747,8.557],[124.76,8.609],[124.74,8.656],[124.743,8.708],[124.765,8.759],[124.782,8.804],[124.787,8.85],[124.783,8.918],[124.77,8.967],[124.817,9.005],[124.864,9.005],[124.916,8.984],[124.968,8.955],[125.022,8.92],[125.066,8.856],[125.133,8.845],[125.182,8.897],[125.184,8.955],[125.168,9.003],[125.179,9.059],[125.234,9.043],[125.282,8.99],[125.329,8.991],[125.375,8.983],[125.426,8.976],[125.478,9.0],[125.525,9.0],[125.533,9.067],[125.523,9.118],[125.52,9.167],[125.521,9.217],[125.507,9.268],[125.489,9.337],[125.458,9.387],[125.451,9.448],[125.424,9.54],[125.405,9.59],[125.389,9.656],[125.394,9.752],[125.438,9.804],[125.495,9.794],[125.541,9.78],[125.573,9.734],[125.606,9.678],[125.619,9.629],[125.683,9.605],[125.732,9.585],[125.782,9.555],[125.837,9.544],[125.884,9.5],[125.93,9.46],[125.919,9.398],[125.969,9.381],[125.973,9.329],[126.01,9.283],[126.05,9.238],[126.117,9.26],[126.168,9.311],[126.19,9.266],[126.177,9.215],[126.179,9.162],[126.157,9.112],[126.208,9.073],[126.253,9.006],[126.303,8.957],[126.32,8.907],[126.328,8.85],[126.299,8.802],[126.253,8.766],[126.21,8.712],[126.162,8.68],[126.116,8.651],[126.121,8.585],[126.141,8.534],[126.196,8.525],[126.258,8.552],[126.312,8.539],[126.358,8.545],[126.393,8.499],[126.337,8.48],[126.346,8.433],[126.355,8.383],[126.308,8.355],[126.362,8.314],[126.357,8.261],[126.311,8.227],[126.364,8.192],[126.429,8.236],[126.44,8.187],[126.438,8.125],[126.426,8.071],[126.414,8.021],[126.413,7.968],[126.367,7.925],[126.364,7.88],[126.382,7.831],[126.43,7.811],[126.456,7.765],[126.502,7.74],[126.548,7.732],[126.553,7.686],[126.552,7.633],[126.558,7.587],[126.586,7.538],[126.598,7.482],[126.547,7.427],[126.555,7.376],[126.568,7.327],[126.599,7.272],[126.571,7.224],[126.524,7.176],[126.516,7.125],[126.47,7.091],[126.451,7.045],[126.46,6.998],[126.413,7.005],[126.365,6.995],[126.314,6.975],[126.282,6.926],[126.335,6.872],[126.345,6.826],[126.297,6.819],[126.3,6.867],[126.269,6.919],[126.222,6.953],[126.178,6.904],[126.194,6.842],[126.233,6.794],[126.254,6.744],[126.243,6.692],[126.22,6.638],[126.229,6.591],[126.229,6.545],[126.214,6.497],[126.226,6.439],[126.199,6.394],[126.2,6.347],[126.205,6.291],[126.188,6.338],[126.136,6.392],[126.14,6.44],[126.101,6.487],[126.084,6.533],[126.091,6.588],[126.071,6.637],[126.091,6.685],[126.089,6.735],[126.081,6.783],[126.078,6.83],[126.023,6.875],[125.985,6.924],[125.977,6.97],[125.99,7.018],[125.953,7.065],[125.907,7.097],[125.888,7.147],[125.87,7.202],[125.839,7.253],[125.848,7.305],[125.854,7.363],[125.79,7.349],[125.745,7.328],[125.696,7.298],[125.67,7.252],[125.65,7.194],[125.663,7.123],[125.621,7.072],[125.574,7.031],[125.52,7.025],[125.485,6.967],[125.476,6.907],[125.42,6.852],[125.391,6.805],[125.393,6.757],[125.376,6.71],[125.384,6.652],[125.386,6.606],[125.444,6.582],[125.421,6.633],[125.472,6.595],[125.52,6.56],[125.568,6.535],[125.588,6.485],[125.601,6.435],[125.64,6.365],[125.659,6.313],[125.673,6.263],[125.705,6.218],[125.705,6.125],[125.702,6.076],[125.703,6.028],[125.685,5.971],[125.661,5.921],[125.625,5.873],[125.577,5.822],[125.522,5.755],[125.498,5.704],[125.46,5.646],[125.43,5.6],[125.385,5.56],[125.338,5.564],[125.291,5.584],[125.306,5.634],[125.285,5.693],[125.226,5.729],[125.207,5.775],[125.175,5.821],[125.22,5.861],[125.235,5.908],[125.279,5.959],[125.29,6.014],[125.271,6.061],[125.224,6.098],[125.171,6.109],[125.15,6.05],[125.12,5.991],[125.095,5.93],[125.085,5.88],[125.038,5.851],[125.0,5.859]]]}},{"type":"Feature","properties":{},"geometry":{"type":"Polygon","coordinates":[[[80.257,5.997],[80.211,6.029],[80.154,6.07],[80.095,6.131],[80.058,6.191],[80.035,6.252],[80.035,6.302],[80.012,6.353],[79.993,6.411],[79.972,6.458],[79.979,6.507],[79.955,6.568],[79.922,6.658],[79.896,6.709],[79.865,6.807],[79.854,6.882],[79.84,6.936],[79.885,6.968],[79.865,7.014],[79.838,7.122],[79.817,7.199],[79.838,7.146],[79.856,7.097],[79.866,7.149],[79.849,7.197],[79.842,7.269],[79.831,7.332],[79.818,7.407],[79.799,7.486],[79.787,7.573],[79.801,7.628],[79.8,7.689],[79.781,7.797],[79.746,7.933],[79.727,7.995],[79.704,8.053],[79.7,8.109],[79.706,8.167],[79.7,8.217],[79.738,8.277],[79.763,8.324],[79.755,8.277],[79.729,8.227],[79.775,8.26],[79.763,8.213],[79.748,8.163],[79.737,8.107],[79.756,8.06],[79.738,8.012],[79.791,7.976],[79.817,8.04],[79.805,8.09],[79.833,8.137],[79.819,8.2],[79.823,8.281],[79.84,8.332],[79.846,8.395],[79.864,8.451],[79.87,8.531],[79.917,8.547],[79.928,8.603],[79.944,8.65],[79.95,8.705],[79.942,8.757],[79.941,8.805],[79.935,8.863],[79.939,8.908],[79.962,8.96],[80.015,9.009],[80.067,9.033],[80.071,9.082],[80.081,9.13],[80.107,9.184],[80.117,9.242],[80.128,9.292],[80.07,9.325],[80.055,9.391],[80.118,9.419],[80.168,9.463],[80.143,9.54],[80.054,9.598],[80.101,9.585],[80.173,9.542],[80.222,9.531],[80.269,9.501],[80.289,9.455],[80.341,9.459],[80.39,9.478],[80.371,9.53],[80.321,9.575],[80.252,9.615],[80.173,9.654],[80.177,9.605],[80.107,9.637],[80.051,9.646],[80.003,9.664],[79.957,9.689],[79.926,9.737],[79.95,9.792],[79.995,9.81],[80.046,9.815],[80.092,9.806],[80.139,9.821],[80.209,9.832],[80.26,9.799],[80.307,9.732],[80.364,9.661],[80.529,9.528],[80.621,9.46],[80.673,9.417],[80.741,9.348],[80.787,9.315],[80.82,9.267],[80.858,9.178],[80.884,9.126],[80.925,9.049],[80.962,8.993],[81.002,8.933],[81.059,8.858],[81.118,8.792],[81.158,8.746],[81.207,8.672],[81.228,8.624],[81.236,8.576],[81.202,8.53],[81.184,8.484],[81.23,8.459],[81.277,8.462],[81.31,8.51],[81.363,8.453],[81.38,8.374],[81.387,8.325],[81.405,8.267],[81.415,8.221],[81.435,8.173],[81.44,8.124],[81.468,8.05],[81.505,7.995],[81.551,7.986],[81.54,7.941],[81.512,7.893],[81.555,7.94],[81.561,7.892],[81.58,7.845],[81.63,7.804],[81.683,7.757],[81.755,7.663],[81.792,7.583],[81.818,7.463],[81.84,7.414],[81.865,7.333],[81.867,7.288],[81.865,7.24],[81.863,7.187],[81.833,7.139],[81.86,7.092],[81.873,7.042],[81.869,6.988],[81.847,6.909],[81.838,6.857],[81.824,6.807],[81.818,6.76],[81.803,6.714],[81.773,6.664],[81.762,6.603],[81.732,6.551],[81.704,6.492],[81.652,6.44],[81.605,6.402],[81.555,6.361],[81.505,6.352],[81.481,6.305],[81.428,6.278],[81.382,6.24],[81.337,6.208],[81.283,6.187],[81.226,6.161],[81.179,6.151],[81.132,6.13],[81.085,6.11],[81.026,6.101],[80.979,6.084],[80.925,6.07],[80.872,6.055],[80.823,6.038],[80.774,6.004],[80.724,5.975],[80.67,5.955],[80.623,5.943],[80.571,5.935],[80.518,5.932],[80.467,5.935],[80.42,5.951],[80.336,5.977],[80.257,5.997]]]}},{"type":"Feature","properties":{},"geometry":{"type":"Polygon","coordinates":[[[130.0,32.761],[129.958,32.764],[129.942,32.732],[129.912,32.711],[129.904,32.68],[129.873,32.65],[129.84,32.64],[129.806,32.589],[129.774,32.578],[129.738,32.568],[129.78,32.604],[129.801,32.64],[129.818,32.673],[129.817,32.705],[129.85,32.72],[129.815,32.717],[129.815,32.757],[129.782,32.787],[129.779,32.824],[129.748,32.821],[129.718,32.832],[129.685,32.852],[129.673,32.884],[129.664,32.917],[129.632,32.925],[129.625,32.957],[129.631,32.987],[129.649,33.018],[129.662,33.061],[129.676,33.097],[129.707,33.083],[129.739,33.065],[129.748,33.032],[129.743,33.0],[129.778,33.015],[129.812,32.999],[129.819,32.968],[129.819,32.937],[129.785,32.946],[129.795,32.913],[129.804,32.879],[129.831,32.848],[129.862,32.848],[129.878,32.879],[129.91,32.868],[129.952,32.863],[129.986,32.835],[129.98,32.866],[129.958,32.902],[129.928,32.943],[129.945,32.98],[129.944,33.014],[129.912,33.039],[129.874,33.064],[129.84,33.055],[129.798,33.065],[129.767,33.076],[129.736,33.084],[129.743,33.117],[129.785,33.141],[129.752,33.144],[129.721,33.136],[129.682,33.115],[129.681,33.146],[129.664,33.185],[129.638,33.225],[129.628,33.19],[129.596,33.202],[129.565,33.22],[129.565,33.252],[129.589,33.285],[129.62,33.311],[129.586,33.305],[129.571,33.347],[129.569,33.38],[129.6,33.375],[129.631,33.365],[129.666,33.384],[129.681,33.35],[129.716,33.35],[129.757,33.367],[129.788,33.373],[129.793,33.338],[129.818,33.303],[129.848,33.292],[129.837,33.324],[129.847,33.354],[129.812,33.348],[129.808,33.382],[129.796,33.415],[129.832,33.408],[129.859,33.375],[129.866,33.406],[129.833,33.414],[129.802,33.437],[129.794,33.472],[129.827,33.481],[129.844,33.447],[129.845,33.481],[129.835,33.513],[129.846,33.546],[129.88,33.535],[129.916,33.544],[129.948,33.53],[129.946,33.495],[129.961,33.462],[130.0,33.448],[130.0,32.761]]]}},{"type":"Feature","properties":{},"geometry":{"type":"Polygon","coordinates":[[[120.864,22.0],[120.836,21.966],[120.856,21.921],[120.816,21.938],[120.778,21.947],[120.743,21.952],[120.711,21.938],[120.71,21.98],[120.677,22.023],[120.689,22.056],[120.708,22.093],[120.693,22.132],[120.684,22.178],[120.675,22.212],[120.64,22.256],[120.635,22.287],[120.612,22.328],[120.577,22.37],[120.533,22.4],[120.492,22.421],[120.446,22.445],[120.416,22.478],[120.349,22.506],[120.316,22.538],[120.257,22.61],[120.302,22.561],[120.273,22.607],[120.24,22.645],[120.252,22.689],[120.241,22.721],[120.221,22.762],[120.19,22.838],[120.191,22.87],[120.164,22.916],[120.16,22.957],[120.131,22.995],[120.168,23.003],[120.181,23.04],[120.147,23.032],[120.109,23.031],[120.064,23.045],[120.087,23.08],[120.051,23.06],[120.028,23.111],[120.067,23.089],[120.103,23.112],[120.104,23.143],[120.068,23.147],[120.086,23.177],[120.089,23.217],[120.105,23.251],[120.126,23.292],[120.126,23.322],[120.161,23.332],[120.147,23.381],[120.142,23.426],[120.176,23.452],[120.144,23.458],[120.152,23.49],[120.127,23.521],[120.137,23.556],[120.148,23.606],[120.134,23.648],[120.154,23.687],[120.191,23.722],[120.189,23.753],[120.203,23.793],[120.233,23.823],[120.267,23.82],[120.305,23.811],[120.346,23.82],[120.292,23.834],[120.263,23.865],[120.298,23.909],[120.312,23.942],[120.322,23.987],[120.352,24.022],[120.392,24.056],[120.428,24.092],[120.433,24.137],[120.46,24.174],[120.498,24.195],[120.511,24.249],[120.522,24.28],[120.543,24.321],[120.564,24.364],[120.581,24.397],[120.609,24.428],[120.638,24.46],[120.675,24.507],[120.687,24.548],[120.701,24.582],[120.73,24.615],[120.764,24.61],[120.756,24.644],[120.806,24.67],[120.84,24.661],[120.855,24.705],[120.878,24.741],[120.906,24.773],[120.912,24.807],[120.922,24.853],[120.953,24.855],[120.946,24.892],[120.972,24.936],[121.008,24.975],[121.03,25.027],[121.068,25.049],[121.117,25.077],[121.151,25.083],[121.194,25.106],[121.229,25.119],[121.267,25.121],[121.311,25.125],[121.382,25.148],[121.413,25.172],[121.425,25.216],[121.445,25.252],[121.502,25.285],[121.544,25.294],[121.582,25.295],[121.62,25.275],[121.63,25.241],[121.661,25.208],[121.696,25.22],[121.687,25.184],[121.721,25.169],[121.736,25.135],[121.767,25.158],[121.8,25.15],[121.837,25.132],[121.893,25.124],[121.91,25.087],[121.925,25.047],[121.962,25.029],[121.999,25.017],[121.961,24.985],[121.926,24.974],[121.897,24.942],[121.845,24.891],[121.825,24.855],[121.812,24.798],[121.812,24.765],[121.825,24.718],[121.833,24.665],[121.846,24.627],[121.878,24.607],[121.866,24.535],[121.836,24.523],[121.845,24.487],[121.814,24.463],[121.784,24.408],[121.78,24.376],[121.765,24.342],[121.767,24.311],[121.735,24.259],[121.697,24.225],[121.657,24.196],[121.659,24.155],[121.643,24.119],[121.611,24.087],[121.613,24.052],[121.638,24.021],[121.63,23.987],[121.6,23.96],[121.597,23.909],[121.595,23.878],[121.586,23.846],[121.565,23.799],[121.565,23.762],[121.543,23.722],[121.535,23.664],[121.523,23.624],[121.52,23.579],[121.495,23.522],[121.506,23.485],[121.489,23.436],[121.475,23.399],[121.466,23.361],[121.46,23.323],[121.423,23.284],[121.407,23.234],[121.39,23.188],[121.397,23.156],[121.406,23.125],[121.372,23.1],[121.343,23.07],[121.332,23.028],[121.308,22.983],[121.273,22.948],[121.241,22.885],[121.199,22.865],[121.179,22.832],[121.192,22.797],[121.17,22.76],[121.115,22.716],[121.078,22.7],[121.029,22.669],[121.01,22.638],[121.001,22.591],[120.951,22.506],[120.939,22.457],[120.915,22.406],[120.9,22.359],[120.885,22.328],[120.883,22.277],[120.89,22.232],[120.887,22.202],[120.883,22.163],[120.877,22.132],[120.888,22.092],[120.884,22.049],[120.878,22.017],[120.864,22.0]]]}},{"type":"Feature","properties":{},"geometry":{"type":"Polygon","coordinates":[[[108.999,18.36],[108.966,18.384],[108.942,18.417],[108.885,18.423],[108.849,18.45],[108.803,18.479],[108.772,18.489],[108.7,18.499],[108.672,18.551],[108.682,18.585],[108.699,18.622],[108.701,18.667],[108.698,18.704],[108.694,18.738],[108.675,18.781],[108.646,18.82],[108.627,18.856],[108.65,18.894],[108.657,18.941],[108.645,19.001],[108.632,19.033],[108.622,19.08],[108.65,19.123],[108.669,19.159],[108.673,19.191],[108.637,19.217],[108.636,19.247],[108.636,19.28],[108.667,19.303],[108.67,19.338],[108.686,19.375],[108.732,19.375],[108.776,19.396],[108.808,19.426],[108.87,19.46],[108.932,19.512],[108.978,19.547],[109.007,19.585],[109.038,19.598],[109.079,19.607],[109.119,19.629],[109.162,19.645],[109.208,19.684],[109.208,19.722],[109.249,19.722],[109.284,19.717],[109.273,19.749],[109.308,19.756],[109.277,19.782],[109.243,19.76],[109.211,19.726],[109.18,19.728],[109.162,19.762],[109.16,19.794],[109.2,19.821],[109.216,19.855],[109.254,19.862],[109.257,19.898],[109.288,19.901],[109.318,19.915],[109.326,19.884],[109.372,19.895],[109.403,19.863],[109.435,19.868],[109.466,19.862],[109.467,19.83],[109.507,19.845],[109.541,19.844],[109.516,19.875],[109.514,19.912],[109.534,19.947],[109.568,19.966],[109.615,19.994],[109.67,20.006],[109.706,20.01],[109.735,19.967],[109.786,19.969],[109.818,19.951],[109.812,19.984],[109.849,19.946],[109.882,19.966],[109.916,19.99],[109.953,19.977],[109.99,19.941],[109.955,19.928],[109.989,19.908],[110.025,19.932],[110.034,19.962],[110.073,19.981],[110.115,19.972],[110.079,19.98],[110.121,20.0],[110.15,20.051],[110.201,20.066],[110.252,20.035],[110.285,20.029],[110.321,20.055],[110.354,20.063],[110.385,20.079],[110.418,20.067],[110.471,20.039],[110.517,20.02],[110.55,19.977],[110.584,19.999],[110.587,19.962],[110.602,19.927],[110.614,19.961],[110.608,20.001],[110.574,20.024],[110.571,20.054],[110.574,20.091],[110.633,20.11],[110.675,20.138],[110.705,20.107],[110.72,20.076],[110.763,20.049],[110.786,20.015],[110.818,20.01],[110.857,19.992],[110.888,20.005],[110.926,20.022],[110.952,19.974],[110.968,19.912],[110.995,19.822],[111.0,19.717],[111.018,19.684],[111.035,19.652],[110.978,19.64],[110.951,19.604],[110.912,19.582],[110.883,19.546],[110.842,19.529],[110.825,19.56],[110.815,19.598],[110.849,19.606],[110.818,19.625],[110.801,19.592],[110.832,19.544],[110.803,19.512],[110.794,19.474],[110.762,19.441],[110.73,19.41],[110.687,19.403],[110.67,19.372],[110.677,19.325],[110.646,19.315],[110.637,19.278],[110.62,19.238],[110.593,19.192],[110.583,19.152],[110.549,19.153],[110.557,19.122],[110.569,19.051],[110.537,19.037],[110.515,18.99],[110.51,18.944],[110.514,18.887],[110.478,18.885],[110.466,18.854],[110.432,18.84],[110.446,18.809],[110.481,18.804],[110.502,18.834],[110.491,18.871],[110.517,18.832],[110.53,18.794],[110.499,18.782],[110.465,18.773],[110.446,18.734],[110.428,18.684],[110.396,18.67],[110.358,18.663],[110.325,18.669],[110.356,18.69],[110.387,18.686],[110.348,18.69],[110.308,18.66],[110.273,18.664],[110.239,18.646],[110.196,18.618],[110.172,18.586],[110.137,18.554],[110.097,18.526],[110.07,18.495],[110.065,18.407],[110.059,18.438],[110.028,18.408],[110.06,18.407],[110.025,18.387],[109.988,18.388],[110.019,18.423],[109.986,18.437],[109.933,18.418],[109.878,18.405],[109.842,18.385],[109.807,18.401],[109.768,18.395],[109.74,18.355],[109.72,18.298],[109.72,18.267],[109.711,18.299],[109.678,18.282],[109.715,18.263],[109.73,18.223],[109.687,18.214],[109.647,18.234],[109.61,18.217],[109.617,18.185],[109.58,18.18],[109.556,18.211],[109.572,18.243],[109.535,18.234],[109.504,18.21],[109.473,18.195],[109.488,18.231],[109.486,18.265],[109.455,18.284],[109.42,18.29],[109.349,18.291],[109.302,18.308],[109.267,18.304],[109.221,18.301],[109.177,18.286],[109.143,18.311],[109.128,18.345],[109.086,18.37],[108.999,18.36]]]}},{"type":"Feature","properties":{},"geometry":{"type":"Polygon","coordinates":[[[124.0,-10.278],[123.955,-10.28],[123.913,-10.3],[123.873,-10.325],[123.828,-10.347],[123.796,-10.364],[123.759,-10.351],[123.72,-10.37],[123.665,-10.351],[123.622,-10.359],[123.588,-10.35],[123.552,-10.333],[123.517,-10.335],[123.467,-10.365],[123.46,-10.334],[123.483,-10.303],[123.485,-10.257],[123.522,-10.22],[123.524,-10.187],[123.559,-10.173],[123.591,-10.156],[123.644,-10.149],[123.677,-10.121],[123.712,-10.11],[123.744,-10.086],[123.763,-10.048],[123.717,-10.03],[123.686,-10.014],[123.651,-10.012],[123.618,-10.022],[123.58,-10.039],[123.58,-10.004],[123.582,-9.972],[123.582,-9.939],[123.597,-9.901],[123.64,-9.897],[123.664,-9.859],[123.666,-9.828],[123.637,-9.775],[123.672,-9.76],[123.675,-9.721],[123.666,-9.653],[123.686,-9.623],[123.723,-9.577],[123.754,-9.555],[123.789,-9.517],[123.821,-9.498],[123.866,-9.475],[123.889,-9.432],[123.92,-9.423],[123.938,-9.392],[123.977,-9.35],[124.012,-9.351],[124.055,-9.339],[124.086,-9.335],[124.128,-9.315],[124.159,-9.301],[124.189,-9.256],[124.229,-9.242],[124.262,-9.233],[124.302,-9.22],[124.348,-9.202],[124.4,-9.194],[124.43,-9.175],[124.461,-9.178],[124.495,-9.187],[124.526,-9.195],[124.558,-9.188],[124.614,-9.162],[124.647,-9.132],[124.69,-9.103],[124.697,-9.065],[124.732,-9.07],[124.763,-9.044],[124.798,-9.017],[124.848,-9.015],[124.878,-8.983],[124.916,-8.977],[124.946,-8.965],[124.979,-8.948],[124.993,-8.914],[125.005,-8.875],[125.041,-8.837],[125.095,-8.809],[125.091,-8.745],[125.101,-8.704],[125.11,-8.673],[125.14,-8.644],[125.172,-8.625],[125.203,-8.618],[125.25,-8.611],[125.298,-8.609],[125.332,-8.59],[125.371,-8.582],[125.427,-8.569],[125.463,-8.573],[125.509,-8.564],[125.548,-8.548],[125.578,-8.561],[125.612,-8.551],[125.645,-8.535],[125.686,-8.545],[125.722,-8.528],[125.754,-8.528],[125.789,-8.51],[125.821,-8.498],[125.852,-8.481],[125.893,-8.484],[125.924,-8.487],[125.954,-8.487],[125.989,-8.495],[126.002,-8.53],[126.044,-8.519],[126.076,-8.525],[126.115,-8.517],[126.161,-8.505],[126.193,-8.51],[126.239,-8.51],[126.27,-8.491],[126.303,-8.466],[126.34,-8.458],[126.37,-8.433],[126.42,-8.422],[126.452,-8.441],[126.487,-8.452],[126.526,-8.473],[126.569,-8.49],[126.6,-8.478],[126.638,-8.459],[126.702,-8.43],[126.733,-8.41],[126.768,-8.43],[126.8,-8.414],[126.877,-8.379],[126.935,-8.345],[127.003,-8.33],[127.039,-8.347],[127.116,-8.375],[127.149,-8.368],[127.196,-8.342],[127.225,-8.377],[127.26,-8.393],[127.296,-8.396],[127.304,-8.44],[127.271,-8.458],[127.233,-8.488],[127.209,-8.518],[127.176,-8.54],[127.143,-8.564],[127.102,-8.597],[127.063,-8.637],[127.026,-8.674],[126.99,-8.689],[126.957,-8.691],[126.918,-8.72],[126.866,-8.753],[126.818,-8.769],[126.784,-8.762],[126.739,-8.767],[126.7,-8.767],[126.664,-8.778],[126.617,-8.812],[126.566,-8.832],[126.51,-8.91],[126.481,-8.956],[126.449,-8.956],[126.404,-8.957],[126.357,-8.971],[126.315,-8.987],[126.217,-8.983],[126.166,-8.998],[126.135,-9.008],[126.101,-9.029],[126.062,-9.065],[126.022,-9.087],[125.992,-9.116],[125.947,-9.141],[125.914,-9.145],[125.861,-9.134],[125.82,-9.16],[125.781,-9.163],[125.749,-9.178],[125.712,-9.191],[125.652,-9.208],[125.599,-9.194],[125.549,-9.227],[125.507,-9.232],[125.455,-9.262],[125.413,-9.264],[125.376,-9.279],[125.328,-9.314],[125.298,-9.336],[125.264,-9.362],[125.213,-9.418],[125.152,-9.423],[125.119,-9.439],[125.095,-9.469],[125.051,-9.499],[125.02,-9.529],[124.997,-9.565],[124.986,-9.615],[124.985,-9.651],[124.944,-9.68],[124.908,-9.694],[124.876,-9.713],[124.822,-9.765],[124.802,-9.795],[124.768,-9.833],[124.748,-9.864],[124.709,-9.907],[124.672,-9.921],[124.616,-9.967],[124.581,-10.002],[124.542,-10.01],[124.525,-10.059],[124.504,-10.093],[124.474,-10.124],[124.437,-10.148],[124.378,-10.172],[124.335,-10.17],[124.276,-10.167],[124.23,-10.161],[124.179,-10.154],[124.141,-10.159],[124.102,-10.177],[124.074,-10.21],[124.027,-10.246],[124.0,-10.278]]]}},{"type":"Feature","properties":{},"geometry":{"type":"Polygon","coordinates":[[[128.0,-0.303],[128.017,-0.337],[128.041,-0.412],[128.061,-0.444],[128.077,-0.478],[128.093,-0.513],[128.14,-0.572],[128.16,-0.61],[128.18,-0.652],[128.203,-0.683],[128.225,-0.717],[128.279,-0.757],[128.299,-0.79],[128.337,-0.815],[128.367,-0.85],[128.404,-0.875],[128.445,-0.902],[128.411,-0.901],[128.368,-0.878],[128.32,-0.875],[128.283,-0.882],[128.235,-0.86],[128.229,-0.827],[128.262,-0.83],[128.244,-0.796],[128.217,-0.761],[128.179,-0.764],[128.148,-0.75],[128.102,-0.737],[128.059,-0.721],[128.017,-0.694],[127.99,-0.661],[127.981,-0.613],[127.955,-0.573],[127.941,-0.531],[127.927,-0.498],[127.902,-0.448],[127.878,-0.403],[127.86,-0.37],[127.829,-0.356],[127.795,-0.345],[127.747,-0.325],[127.71,-0.295],[127.685,-0.262],[127.667,-0.227],[127.664,-0.192],[127.677,-0.157],[127.685,-0.119],[127.693,-0.048],[127.69,-0.001],[127.703,0.037],[127.713,0.069],[127.681,0.093],[127.694,0.132],[127.69,0.178],[127.704,0.21],[127.714,0.252],[127.729,0.297],[127.72,0.337],[127.682,0.345],[127.643,0.357],[127.611,0.377],[127.587,0.409],[127.571,0.446],[127.561,0.478],[127.56,0.515],[127.524,0.556],[127.526,0.605],[127.536,0.654],[127.549,0.698],[127.545,0.731],[127.585,0.757],[127.618,0.801],[127.635,0.838],[127.583,0.863],[127.552,0.867],[127.52,0.86],[127.49,0.892],[127.486,0.928],[127.51,0.972],[127.478,0.994],[127.496,1.042],[127.457,1.053],[127.425,1.035],[127.394,1.061],[127.406,1.096],[127.43,1.141],[127.416,1.173],[127.407,1.214],[127.415,1.248],[127.442,1.298],[127.471,1.339],[127.485,1.395],[127.519,1.433],[127.532,1.481],[127.526,1.512],[127.525,1.549],[127.524,1.58],[127.55,1.613],[127.536,1.647],[127.568,1.66],[127.566,1.694],[127.573,1.725],[127.567,1.755],[127.607,1.785],[127.63,1.821],[127.65,1.854],[127.662,1.889],[127.686,1.923],[127.728,1.959],[127.759,1.993],[127.782,2.024],[127.81,2.057],[127.831,2.09],[127.872,2.12],[127.906,2.15],[127.926,2.182],[127.955,2.214],[127.979,2.182],[128.023,2.202],[128.056,2.204],[128.066,2.172],[128.035,2.125],[128.0,2.09],[127.968,2.062],[127.948,2.031],[127.946,1.993],[127.913,1.96],[127.882,1.955],[127.845,1.926],[127.845,1.863],[127.841,1.824],[127.876,1.805],[127.923,1.808],[127.956,1.787],[127.997,1.748],[128.013,1.714],[128.008,1.683],[127.997,1.647],[127.991,1.606],[128.022,1.592],[128.034,1.559],[128.035,1.528],[128.024,1.492],[128.018,1.44],[128.025,1.404],[127.988,1.379],[127.991,1.347],[128.016,1.314],[127.976,1.304],[127.969,1.271],[127.939,1.236],[127.91,1.19],[127.899,1.145],[127.863,1.145],[127.818,1.143],[127.797,1.103],[127.759,1.077],[127.723,1.062],[127.693,1.037],[127.652,1.028],[127.63,0.99],[127.627,0.956],[127.628,0.924],[127.655,0.892],[127.698,0.881],[127.721,0.845],[127.753,0.81],[127.785,0.8],[127.825,0.799],[127.866,0.82],[127.902,0.847],[127.926,0.883],[127.924,0.918],[127.917,0.95],[127.932,0.984],[127.95,1.022],[127.972,1.057],[128.0,1.093],[128.035,1.112],[128.068,1.123],[128.103,1.125],[128.134,1.127],[128.165,1.125],[128.179,1.157],[128.2,1.188],[128.177,1.245],[128.144,1.248],[128.113,1.246],[128.095,1.283],[128.138,1.309],[128.153,1.348],[128.188,1.385],[128.22,1.4],[128.256,1.42],[128.293,1.432],[128.335,1.456],[128.36,1.5],[128.402,1.523],[128.448,1.545],[128.488,1.551],[128.533,1.543],[128.582,1.574],[128.614,1.583],[128.666,1.595],[128.699,1.581],[128.723,1.548],[128.694,1.505],[128.683,1.467],[128.708,1.423],[128.747,1.406],[128.738,1.372],[128.742,1.342],[128.74,1.309],[128.708,1.292],[128.719,1.258],[128.694,1.202],[128.691,1.152],[128.696,1.12],[128.693,1.082],[128.66,1.056],[128.628,1.048],[128.59,1.023],[128.555,0.996],[128.522,0.966],[128.492,0.958],[128.456,0.943],[128.416,0.929],[128.383,0.908],[128.345,0.906],[128.312,0.895],[128.275,0.865],[128.29,0.829],[128.257,0.831],[128.214,0.811],[128.202,0.774],[128.231,0.73],[128.269,0.711],[128.297,0.665],[128.333,0.65],[128.366,0.635],[128.404,0.63],[128.462,0.605],[128.504,0.593],[128.546,0.575],[128.596,0.562],[128.632,0.561],[128.668,0.555],[128.677,0.506],[128.683,0.473],[128.687,0.44],[128.685,0.402],[128.664,0.358],[128.69,0.326],[128.734,0.32],[128.783,0.314],[128.831,0.293],[128.88,0.261],[128.891,0.221],[128.858,0.254],[128.821,0.259],[128.761,0.273],[128.696,0.29],[128.664,0.294],[128.607,0.314],[128.555,0.316],[128.512,0.34],[128.489,0.373],[128.458,0.392],[128.413,0.388],[128.373,0.4],[128.338,0.397],[128.288,0.392],[128.255,0.395],[128.221,0.403],[128.19,0.421],[128.165,0.452],[128.129,0.46],[128.094,0.456],[128.059,0.465],[128.019,0.468],[127.986,0.47],[127.949,0.463],[127.912,0.452],[127.91,0.399],[127.905,0.36],[127.87,0.317],[127.884,0.283],[127.919,0.271],[127.915,0.236],[127.916,0.197],[127.921,0.119],[127.886,0.09],[127.886,0.058],[127.882,0.025],[127.89,-0.016],[127.91,-0.058],[127.935,-0.097],[127.953,-0.143],[127.969,-0.178],[127.972,-0.226],[127.98,-0.264],[128.0,-0.303]]]}},{"type":"Feature","properties":{},"geometry":{"type":"Polygon","coordinates":[[[127.999,-3.071],[128.033,-3.072],[128.073,-3.065],[128.105,-3.06],[128.081,-3.027],[128.112,-2.991],[128.116,-2.96],[128.073,-2.977],[128.112,-2.945],[128.143,-2.908],[128.15,-2.872],[128.193,-2.854],[128.235,-2.84],[128.269,-2.857],[128.313,-2.854],[128.347,-2.852],[128.383,-2.863],[128.418,-2.855],[128.454,-2.838],[128.484,-2.844],[128.528,-2.83],[128.565,-2.85],[128.597,-2.847],[128.637,-2.847],[128.677,-2.848],[128.721,-2.857],[128.791,-2.862],[128.837,-2.862],[128.882,-2.85],[128.913,-2.848],[128.954,-2.837],[128.993,-2.815],[129.024,-2.79],[129.06,-2.805],[129.064,-2.838],[129.064,-2.868],[129.06,-2.901],[129.107,-2.946],[129.152,-2.944],[129.189,-2.956],[129.176,-2.925],[129.207,-2.95],[129.214,-2.92],[129.246,-2.902],[129.306,-2.871],[129.343,-2.852],[129.368,-2.817],[129.372,-2.784],[129.414,-2.789],[129.455,-2.782],[129.492,-2.79],[129.526,-2.769],[129.587,-2.809],[129.618,-2.8],[129.669,-2.824],[129.708,-2.837],[129.742,-2.86],[129.779,-2.87],[129.803,-2.918],[129.836,-2.905],[129.867,-2.906],[129.866,-2.938],[129.903,-2.952],[129.937,-2.959],[129.971,-2.98],[130.0,-3.48],[129.974,-3.443],[129.96,-3.4],[129.945,-3.361],[129.907,-3.33],[129.873,-3.334],[129.834,-3.331],[129.799,-3.317],[129.748,-3.326],[129.665,-3.315],[129.629,-3.307],[129.595,-3.302],[129.553,-3.297],[129.517,-3.291],[129.506,-3.325],[129.531,-3.363],[129.559,-3.398],[129.566,-3.439],[129.527,-3.465],[129.489,-3.451],[129.452,-3.431],[129.404,-3.411],[129.372,-3.406],[129.337,-3.411],[129.307,-3.406],[129.274,-3.409],[129.242,-3.403],[129.197,-3.385],[129.163,-3.366],[129.124,-3.358],[129.088,-3.341],[129.054,-3.344],[129.018,-3.345],[128.986,-3.345],[128.954,-3.351],[128.912,-3.327],[128.947,-3.29],[128.964,-3.22],[128.929,-3.203],[128.886,-3.196],[128.85,-3.22],[128.81,-3.244],[128.779,-3.255],[128.725,-3.306],[128.693,-3.34],[128.665,-3.373],[128.686,-3.404],[128.613,-3.432],[128.57,-3.434],[128.538,-3.44],[128.491,-3.455],[128.46,-3.454],[128.423,-3.441],[128.393,-3.418],[128.386,-3.387],[128.362,-3.354],[128.326,-3.321],[128.307,-3.272],[128.297,-3.239],[128.267,-3.208],[128.237,-3.198],[128.204,-3.205],[128.173,-3.228],[128.158,-3.197],[128.154,-3.164],[128.167,-3.133],[128.195,-3.094],[128.19,-3.06],[128.148,-3.064],[128.114,-3.096],[128.082,-3.128],[128.075,-3.163],[128.064,-3.198],[128.059,-3.233],[128.051,-3.268],[128.056,-3.301],[128.05,-3.338],[128.012,-3.38],[127.977,-3.383],[127.963,-3.435],[127.938,-3.465],[127.938,-3.507],[127.925,-3.545],[127.895,-3.523],[127.888,-3.488],[127.908,-3.444],[127.922,-3.394],[127.936,-3.349],[127.923,-3.314],[127.882,-3.269],[127.865,-3.212],[127.86,-3.179],[127.83,-3.157],[127.866,-3.155],[127.918,-3.14],[127.936,-3.109],[127.976,-3.105],[127.992,-3.07],[127.999,-3.071]]]}},{"type":"Feature","properties":{},"geometry":{"type":"Polygon","coordinates":[[[117.0,-9.095],[116.967,-9.071],[116.936,-9.061],[116.904,-9.074],[116.862,-9.057],[116.809,-9.038],[116.739,-9.001],[116.714,-8.971],[116.735,-8.939],[116.728,-8.905],[116.731,-8.872],[116.762,-8.865],[116.781,-8.833],[116.815,-8.821],[116.817,-8.786],[116.782,-8.775],[116.772,-8.737],[116.779,-8.702],[116.773,-8.67],[116.772,-8.637],[116.786,-8.607],[116.817,-8.579],[116.833,-8.547],[116.82,-8.515],[116.855,-8.538],[116.908,-8.528],[116.945,-8.515],[116.983,-8.488],[117.015,-8.492],[117.018,-8.462],[117.048,-8.444],[117.086,-8.415],[117.111,-8.383],[117.146,-8.375],[117.185,-8.375],[117.213,-8.405],[117.244,-8.398],[117.293,-8.424],[117.341,-8.444],[117.373,-8.465],[117.413,-8.469],[117.43,-8.428],[117.466,-8.415],[117.514,-8.419],[117.552,-8.408],[117.573,-8.443],[117.57,-8.475],[117.576,-8.506],[117.583,-8.473],[117.582,-8.438],[117.629,-8.445],[117.637,-8.492],[117.635,-8.523],[117.632,-8.558],[117.662,-8.566],[117.697,-8.577],[117.728,-8.56],[117.729,-8.591],[117.763,-8.598],[117.752,-8.631],[117.784,-8.633],[117.752,-8.644],[117.777,-8.688],[117.786,-8.718],[117.827,-8.718],[117.863,-8.705],[117.905,-8.708],[117.905,-8.738],[117.942,-8.723],[117.979,-8.74],[118.01,-8.714],[118.037,-8.683],[118.072,-8.662],[118.113,-8.656],[118.144,-8.65],[118.179,-8.659],[118.214,-8.67],[118.247,-8.653],[118.279,-8.645],[118.279,-8.603],[118.246,-8.569],[118.211,-8.555],[118.179,-8.538],[118.14,-8.522],[118.131,-8.49],[118.1,-8.502],[118.082,-8.458],[118.038,-8.46],[118.007,-8.47],[117.974,-8.479],[117.938,-8.447],[117.907,-8.427],[117.858,-8.39],[117.824,-8.373],[117.804,-8.34],[117.772,-8.313],[117.737,-8.283],[117.725,-8.253],[117.694,-8.24],[117.707,-8.203],[117.718,-8.17],[117.753,-8.145],[117.788,-8.12],[117.82,-8.128],[117.868,-8.105],[117.898,-8.095],[117.946,-8.085],[117.983,-8.109],[118.025,-8.102],[118.063,-8.112],[118.104,-8.12],[118.143,-8.137],[118.147,-8.204],[118.16,-8.237],[118.18,-8.268],[118.215,-8.286],[118.223,-8.319],[118.256,-8.356],[118.288,-8.372],[118.318,-8.375],[118.352,-8.358],[118.385,-8.334],[118.406,-8.301],[118.448,-8.261],[118.492,-8.246],[118.528,-8.27],[118.566,-8.275],[118.6,-8.279],[118.632,-8.293],[118.664,-8.331],[118.685,-8.368],[118.688,-8.398],[118.685,-8.436],[118.675,-8.473],[118.662,-8.507],[118.653,-8.541],[118.686,-8.522],[118.702,-8.478],[118.719,-8.438],[118.7,-8.406],[118.711,-8.374],[118.733,-8.34],[118.768,-8.308],[118.821,-8.285],[118.855,-8.295],[118.887,-8.289],[118.922,-8.299],[118.965,-8.308],[119.004,-8.318],[118.986,-8.349],[118.987,-8.38],[119.026,-8.429],[119.05,-8.464],[119.044,-8.495],[119.046,-8.526],[119.015,-8.54],[119.015,-8.584],[119.035,-8.616],[119.032,-8.648],[119.065,-8.657],[119.103,-8.636],[119.134,-8.627],[119.141,-8.595],[119.167,-8.558],[119.188,-8.591],[119.187,-8.623],[119.155,-8.639],[119.162,-8.676],[119.177,-8.711],[119.147,-8.743],[119.112,-8.735],[119.074,-8.751],[119.041,-8.745],[119.009,-8.76],[118.977,-8.761],[118.947,-8.743],[118.916,-8.705],[118.885,-8.694],[118.865,-8.73],[118.833,-8.738],[118.802,-8.712],[118.772,-8.711],[118.74,-8.708],[118.703,-8.747],[118.717,-8.782],[118.75,-8.774],[118.788,-8.773],[118.82,-8.779],[118.851,-8.775],[118.895,-8.777],[118.929,-8.8],[118.945,-8.831],[118.889,-8.855],[118.856,-8.85],[118.82,-8.852],[118.772,-8.828],[118.737,-8.801],[118.702,-8.801],[118.67,-8.814],[118.638,-8.818],[118.6,-8.831],[118.565,-8.846],[118.518,-8.864],[118.485,-8.875],[118.453,-8.877],[118.421,-8.873],[118.389,-8.848],[118.377,-8.787],[118.414,-8.731],[118.417,-8.698],[118.425,-8.665],[118.418,-8.634],[118.4,-8.603],[118.39,-8.647],[118.391,-8.685],[118.355,-8.685],[118.33,-8.722],[118.292,-8.74],[118.285,-8.77],[118.254,-8.79],[118.222,-8.818],[118.192,-8.848],[118.162,-8.861],[118.128,-8.883],[118.095,-8.863],[118.043,-8.861],[118.007,-8.857],[117.986,-8.895],[117.951,-8.91],[117.899,-8.923],[117.864,-8.94],[117.83,-8.917],[117.799,-8.905],[117.763,-8.934],[117.703,-8.92],[117.667,-8.935],[117.612,-8.965],[117.579,-8.983],[117.543,-8.995],[117.508,-9.016],[117.475,-9.02],[117.441,-9.036],[117.407,-9.05],[117.376,-9.055],[117.342,-9.057],[117.305,-9.047],[117.235,-9.023],[117.204,-9.022],[117.176,-9.053],[117.15,-9.086],[117.114,-9.097],[117.077,-9.105],[117.043,-9.115],[117.0,-9.095]]]}},{"type":"Feature","properties":{},"geometry":{"type":"Polygon","coordinates":[[[123.0,-8.338],[122.961,-8.351],[122.919,-8.331],[122.886,-8.385],[122.9,-8.425],[122.896,-8.455],[122.838,-8.442],[122.789,-8.424],[122.783,-8.455],[122.803,-8.488],[122.84,-8.52],[122.851,-8.551],[122.837,-8.588],[122.806,-8.606],[122.773,-8.615],[122.742,-8.61],[122.725,-8.642],[122.68,-8.628],[122.644,-8.644],[122.613,-8.66],[122.58,-8.666],[122.547,-8.676],[122.522,-8.712],[122.488,-8.719],[122.452,-8.735],[122.419,-8.742],[122.381,-8.743],[122.338,-8.737],[122.306,-8.739],[122.272,-8.753],[122.24,-8.739],[122.203,-8.745],[122.158,-8.725],[122.12,-8.727],[122.087,-8.74],[122.05,-8.777],[122.005,-8.805],[121.973,-8.811],[121.93,-8.832],[121.898,-8.832],[121.865,-8.837],[121.828,-8.867],[121.797,-8.888],[121.765,-8.893],[121.718,-8.865],[121.688,-8.854],[121.667,-8.897],[121.634,-8.91],[121.635,-8.876],[121.633,-8.843],[121.595,-8.824],[121.554,-8.811],[121.492,-8.817],[121.459,-8.812],[121.384,-8.801],[121.358,-8.847],[121.356,-8.899],[121.311,-8.924],[121.277,-8.923],[121.246,-8.904],[121.212,-8.903],[121.179,-8.906],[121.147,-8.905],[121.113,-8.919],[121.08,-8.93],[121.006,-8.96],[120.972,-8.956],[120.939,-8.941],[120.907,-8.925],[120.864,-8.881],[120.84,-8.848],[120.806,-8.83],[120.775,-8.832],[120.77,-8.863],[120.726,-8.879],[120.688,-8.869],[120.647,-8.855],[120.609,-8.826],[120.574,-8.804],[120.541,-8.795],[120.504,-8.803],[120.447,-8.801],[120.406,-8.81],[120.372,-8.8],[120.336,-8.827],[120.305,-8.827],[120.26,-8.836],[120.223,-8.827],[120.177,-8.777],[120.139,-8.771],[120.064,-8.807],[120.03,-8.815],[119.998,-8.817],[119.956,-8.818],[119.923,-8.839],[119.931,-8.87],[119.899,-8.863],[119.892,-8.828],[119.853,-8.804],[119.82,-8.782],[119.813,-8.748],[119.808,-8.707],[119.804,-8.672],[119.814,-8.618],[119.804,-8.587],[119.835,-8.547],[119.865,-8.525],[119.875,-8.486],[119.872,-8.454],[119.882,-8.422],[119.877,-8.457],[119.909,-8.47],[119.942,-8.447],[119.98,-8.423],[120.0,-8.455],[120.002,-8.41],[120.028,-8.378],[120.059,-8.39],[120.092,-8.382],[120.098,-8.416],[120.13,-8.413],[120.12,-8.375],[120.151,-8.375],[120.172,-8.345],[120.2,-8.3],[120.242,-8.293],[120.282,-8.275],[120.323,-8.276],[120.353,-8.28],[120.393,-8.274],[120.414,-8.238],[120.452,-8.26],[120.492,-8.284],[120.525,-8.262],[120.56,-8.294],[120.593,-8.289],[120.591,-8.247],[120.622,-8.255],[120.657,-8.28],[120.678,-8.315],[120.71,-8.318],[120.751,-8.342],[120.783,-8.34],[120.825,-8.345],[120.882,-8.349],[120.941,-8.35],[120.973,-8.348],[120.97,-8.38],[121.009,-8.399],[121.041,-8.422],[121.085,-8.429],[121.13,-8.438],[121.186,-8.445],[121.222,-8.474],[121.262,-8.475],[121.299,-8.502],[121.32,-8.539],[121.351,-8.57],[121.393,-8.581],[121.431,-8.58],[121.463,-8.568],[121.494,-8.582],[121.505,-8.614],[121.535,-8.605],[121.564,-8.574],[121.562,-8.54],[121.598,-8.555],[121.604,-8.518],[121.605,-8.479],[121.638,-8.472],[121.665,-8.506],[121.698,-8.51],[121.755,-8.498],[121.787,-8.5],[121.829,-8.501],[121.863,-8.495],[121.894,-8.494],[121.931,-8.48],[121.955,-8.44],[121.99,-8.445],[122.026,-8.432],[122.017,-8.464],[122.014,-8.503],[122.045,-8.517],[122.082,-8.526],[122.131,-8.542],[122.165,-8.555],[122.188,-8.587],[122.22,-8.617],[122.261,-8.634],[122.296,-8.64],[122.327,-8.617],[122.362,-8.61],[122.399,-8.607],[122.44,-8.602],[122.472,-8.608],[122.494,-8.577],[122.511,-8.537],[122.475,-8.492],[122.526,-8.46],[122.565,-8.441],[122.591,-8.407],[122.627,-8.376],[122.658,-8.387],[122.697,-8.375],[122.735,-8.356],[122.768,-8.361],[122.787,-8.328],[122.821,-8.3],[122.855,-8.29],[122.887,-8.29],[122.899,-8.259],[122.91,-8.226],[122.943,-8.202],[122.905,-8.182],[122.869,-8.18],[122.831,-8.197],[122.8,-8.211],[122.766,-8.228],[122.731,-8.227],[122.762,-8.18],[122.777,-8.139],[122.785,-8.106],[122.834,-8.097],[122.866,-8.069],[122.907,-8.1],[122.942,-8.112],[122.976,-8.137],[122.975,-8.175],[122.974,-8.209],[122.986,-8.248],[123.024,-8.284],[123.025,-8.318],[123.0,-8.338]]]}},{"type":"Feature","properties":{},"geometry":{"type":"Polygon","coordinates":[[[123.216,10.0],[123.183,9.958],[123.178,9.927],[123.15,9.88],[123.14,9.842],[123.143,9.806],[123.145,9.772],[123.154,9.731],[123.152,9.687],[123.149,9.65],[123.113,9.654],[123.115,9.623],[123.146,9.6],[123.157,9.563],[123.122,9.557],[123.152,9.55],[123.179,9.51],[123.192,9.476],[123.223,9.47],[123.235,9.428],[123.26,9.385],[123.297,9.358],[123.312,9.322],[123.3,9.273],[123.289,9.228],[123.273,9.197],[123.24,9.15],[123.21,9.11],[123.163,9.08],[123.127,9.047],[123.093,9.065],[123.052,9.05],[123.018,9.04],[122.984,9.055],[122.947,9.077],[122.923,9.12],[122.905,9.161],[122.886,9.201],[122.877,9.237],[122.876,9.269],[122.871,9.302],[122.84,9.337],[122.781,9.368],[122.715,9.381],[122.684,9.383],[122.648,9.404],[122.61,9.422],[122.574,9.452],[122.542,9.487],[122.524,9.522],[122.503,9.557],[122.459,9.611],[122.457,9.647],[122.423,9.665],[122.42,9.704],[122.379,9.711],[122.393,9.742],[122.389,9.793],[122.384,9.825],[122.4,9.859],[122.418,9.892],[122.442,9.935],[122.45,9.977],[122.493,9.984],[122.565,9.982],[122.615,9.977],[122.646,9.977],[122.709,10.005],[122.74,10.026],[122.776,10.037],[122.809,10.049],[122.842,10.069],[122.867,10.1],[122.864,10.137],[122.845,10.184],[122.844,10.253],[122.871,10.284],[122.882,10.253],[122.885,10.284],[122.845,10.278],[122.847,10.316],[122.857,10.35],[122.881,10.382],[122.875,10.414],[122.841,10.418],[122.818,10.478],[122.793,10.523],[122.826,10.544],[122.863,10.553],[122.895,10.589],[122.922,10.624],[122.925,10.659],[122.949,10.691],[122.945,10.721],[122.959,10.77],[122.962,10.803],[122.951,10.845],[122.956,10.88],[122.989,10.888],[123.03,10.919],[123.072,10.916],[123.116,10.961],[123.146,10.977],[123.179,10.998],[123.212,10.998],[123.243,10.999],[123.281,10.972],[123.312,10.959],[123.347,10.952],[123.389,10.959],[123.42,10.947],[123.463,10.926],[123.497,10.925],[123.515,10.89],[123.518,10.858],[123.553,10.838],[123.565,10.796],[123.541,10.764],[123.515,10.722],[123.501,10.688],[123.49,10.637],[123.481,10.6],[123.472,10.567],[123.455,10.537],[123.443,10.503],[123.412,10.479],[123.365,10.452],[123.349,10.41],[123.328,10.373],[123.328,10.307],[123.324,10.275],[123.314,10.232],[123.295,10.195],[123.277,10.154],[123.267,10.116],[123.25,10.073],[123.231,10.029],[123.216,10.0]]]}},{"type":"Feature","properties":{},"geometry":{"type":"Polygon","coordinates":[[[125.0,11.269],[124.971,11.311],[124.988,11.349],[124.984,11.382],[124.986,11.417],[124.963,11.447],[124.914,11.461],[124.893,11.498],[124.888,11.463],[124.839,11.465],[124.821,11.498],[124.833,11.532],[124.864,11.545],[124.897,11.553],[124.932,11.57],[124.964,11.584],[124.986,11.62],[124.973,11.66],[125.0,11.695],[125.029,11.738],[125.019,11.772],[124.973,11.774],[124.934,11.755],[124.9,11.755],[124.865,11.783],[124.841,11.816],[124.808,11.845],[124.773,11.861],[124.793,11.892],[124.759,11.897],[124.75,11.928],[124.719,11.944],[124.706,11.979],[124.694,12.01],[124.647,12.045],[124.592,12.067],[124.541,12.06],[124.511,12.077],[124.48,12.103],[124.46,12.138],[124.429,12.165],[124.387,12.198],[124.364,12.257],[124.352,12.289],[124.339,12.324],[124.333,12.361],[124.32,12.405],[124.309,12.436],[124.282,12.468],[124.281,12.503],[124.267,12.538],[124.27,12.574],[124.314,12.563],[124.35,12.538],[124.383,12.548],[124.415,12.549],[124.451,12.535],[124.492,12.535],[124.529,12.522],[124.562,12.531],[124.614,12.514],[124.647,12.51],[124.677,12.511],[124.708,12.519],[124.749,12.52],[124.794,12.542],[124.842,12.531],[124.878,12.555],[124.856,12.585],[124.888,12.574],[124.936,12.57],[124.974,12.551],[125.004,12.566],[125.027,12.532],[125.067,12.541],[125.074,12.573],[125.106,12.571],[125.139,12.576],[125.18,12.559],[125.213,12.526],[125.246,12.507],[125.259,12.475],[125.289,12.472],[125.295,12.429],[125.339,12.408],[125.303,12.402],[125.296,12.369],[125.285,12.338],[125.296,12.305],[125.332,12.32],[125.341,12.286],[125.383,12.305],[125.367,12.273],[125.399,12.282],[125.432,12.27],[125.459,12.235],[125.492,12.213],[125.507,12.173],[125.474,12.167],[125.441,12.136],[125.443,12.105],[125.483,12.106],[125.495,12.073],[125.489,12.036],[125.459,12.023],[125.437,11.985],[125.43,11.951],[125.421,11.919],[125.427,11.876],[125.439,11.841],[125.445,11.81],[125.462,11.773],[125.428,11.78],[125.427,11.749],[125.461,11.759],[125.469,11.724],[125.48,11.691],[125.448,11.669],[125.457,11.638],[125.431,11.607],[125.474,11.592],[125.472,11.55],[125.496,11.507],[125.515,11.475],[125.529,11.442],[125.536,11.412],[125.567,11.408],[125.599,11.382],[125.631,11.359],[125.625,11.327],[125.597,11.295],[125.563,11.271],[125.543,11.237],[125.533,11.202],[125.564,11.189],[125.597,11.18],[125.63,11.195],[125.586,11.228],[125.631,11.215],[125.668,11.196],[125.685,11.157],[125.72,11.107],[125.749,11.068],[125.759,11.019],[125.723,11.026],[125.703,11.058],[125.67,11.085],[125.7,11.116],[125.664,11.118],[125.617,11.13],[125.582,11.115],[125.571,11.148],[125.541,11.154],[125.515,11.118],[125.511,11.088],[125.479,11.102],[125.446,11.1],[125.416,11.09],[125.384,11.108],[125.339,11.122],[125.309,11.125],[125.278,11.139],[125.245,11.122],[125.232,11.087],[125.203,11.118],[125.193,11.164],[125.177,11.199],[125.177,11.236],[125.147,11.276],[125.117,11.284],[125.082,11.28],[125.048,11.282],[125.013,11.278],[125.0,11.269]]]}},{"type":"Feature","properties":{},"geometry":{"type":"Polygon","coordinates":[[[106.692,-3.001],[106.743,-3.006],[106.736,-3.05],[106.74,-3.086],[106.704,-3.099],[106.669,-3.096],[106.626,-3.082],[106.58,-3.077],[106.554,-3.108],[106.52,-3.114],[106.496,-3.084],[106.492,-3.052],[106.459,-3.024],[106.432,-2.983],[106.393,-2.967],[106.353,-2.971],[106.319,-2.936],[106.278,-2.905],[106.232,-2.901],[106.196,-2.881],[106.141,-2.876],[106.088,-2.835],[106.035,-2.832],[105.993,-2.822],[105.947,-2.81],[105.942,-2.771],[105.914,-2.737],[105.904,-2.694],[105.9,-2.662],[105.896,-2.607],[105.911,-2.561],[105.931,-2.524],[105.932,-2.478],[105.909,-2.445],[105.878,-2.425],[105.832,-2.415],[105.817,-2.382],[105.81,-2.345],[105.824,-2.308],[105.797,-2.273],[105.783,-2.24],[105.791,-2.2],[105.778,-2.163],[105.733,-2.133],[105.698,-2.13],[105.663,-2.13],[105.633,-2.123],[105.589,-2.125],[105.564,-2.095],[105.56,-2.06],[105.527,-2.091],[105.458,-2.115],[105.427,-2.127],[105.394,-2.13],[105.357,-2.123],[105.309,-2.145],[105.27,-2.119],[105.255,-2.088],[105.224,-2.068],[105.186,-2.077],[105.147,-2.075],[105.118,-2.038],[105.12,-2.004],[105.125,-1.968],[105.159,-1.927],[105.189,-1.917],[105.221,-1.913],[105.264,-1.895],[105.308,-1.867],[105.342,-1.844],[105.39,-1.784],[105.397,-1.754],[105.368,-1.719],[105.332,-1.705],[105.366,-1.681],[105.342,-1.647],[105.38,-1.642],[105.385,-1.608],[105.423,-1.602],[105.454,-1.573],[105.499,-1.563],[105.547,-1.559],[105.58,-1.535],[105.61,-1.568],[105.62,-1.601],[105.633,-1.634],[105.695,-1.653],[105.668,-1.699],[105.635,-1.706],[105.654,-1.737],[105.684,-1.772],[105.73,-1.781],[105.772,-1.767],[105.777,-1.803],[105.807,-1.814],[105.794,-1.784],[105.766,-1.737],[105.741,-1.702],[105.756,-1.672],[105.746,-1.636],[105.727,-1.602],[105.718,-1.56],[105.699,-1.526],[105.735,-1.532],[105.798,-1.533],[105.834,-1.524],[105.876,-1.52],[105.912,-1.502],[105.906,-1.533],[105.943,-1.557],[105.976,-1.552],[106.007,-1.579],[106.044,-1.6],[106.018,-1.635],[106.025,-1.684],[106.056,-1.715],[106.067,-1.747],[106.093,-1.785],[106.126,-1.804],[106.125,-1.846],[106.168,-1.873],[106.18,-1.908],[106.155,-1.943],[106.148,-1.981],[106.15,-2.024],[106.161,-2.075],[106.175,-2.128],[106.179,-2.163],[106.204,-2.203],[106.211,-2.243],[106.22,-2.277],[106.23,-2.318],[106.254,-2.351],[106.291,-2.415],[106.344,-2.46],[106.389,-2.48],[106.427,-2.48],[106.467,-2.487],[106.503,-2.505],[106.613,-2.53],[106.688,-2.54],[106.753,-2.557],[106.845,-2.573],[106.807,-2.577],[106.769,-2.608],[106.727,-2.63],[106.695,-2.66],[106.653,-2.728],[106.637,-2.766],[106.622,-2.806],[106.6,-2.861],[106.59,-2.894],[106.593,-2.95],[106.624,-2.961],[106.667,-2.978],[106.692,-3.001]]]}},{"type":"Feature","properties":{},"geometry":{"type":"Polygon","coordinates":[[[118.0,8.884],[117.965,8.875],[117.934,8.856],[117.898,8.834],[117.863,8.792],[117.832,8.776],[117.798,8.752],[117.78,8.717],[117.743,8.691],[117.694,8.69],[117.664,8.674],[117.632,8.662],[117.582,8.678],[117.547,8.658],[117.527,8.624],[117.538,8.57],[117.502,8.507],[117.463,8.511],[117.431,8.512],[117.401,8.492],[117.366,8.483],[117.333,8.458],[117.29,8.43],[117.25,8.393],[117.22,8.36],[117.181,8.335],[117.18,8.383],[117.204,8.417],[117.215,8.462],[117.21,8.492],[117.217,8.527],[117.236,8.559],[117.255,8.597],[117.275,8.629],[117.296,8.66],[117.333,8.677],[117.345,8.717],[117.357,8.748],[117.393,8.755],[117.424,8.767],[117.431,8.805],[117.465,8.843],[117.495,8.88],[117.515,8.913],[117.547,8.948],[117.584,8.965],[117.618,9.001],[117.626,9.036],[117.661,9.075],[117.697,9.081],[117.732,9.064],[117.751,9.11],[117.776,9.14],[117.784,9.175],[117.82,9.189],[117.854,9.217],[117.893,9.255],[117.929,9.252],[117.963,9.272],[117.99,9.24],[118.023,9.247],[118.046,9.281],[118.071,9.312],[118.103,9.328],[118.115,9.363],[118.125,9.396],[118.159,9.402],[118.19,9.432],[118.195,9.471],[118.233,9.492],[118.267,9.521],[118.289,9.553],[118.326,9.582],[118.337,9.613],[118.338,9.65],[118.372,9.645],[118.406,9.665],[118.418,9.699],[118.455,9.727],[118.49,9.751],[118.527,9.784],[118.564,9.829],[118.592,9.867],[118.608,9.902],[118.634,9.933],[118.644,9.964],[118.642,9.994],[118.678,10.015],[118.71,10.038],[118.726,10.075],[118.746,10.112],[118.775,10.074],[118.742,10.078],[118.775,10.064],[118.777,10.028],[118.809,10.034],[118.81,10.074],[118.827,10.106],[118.813,10.137],[118.812,10.168],[118.808,10.2],[118.845,10.195],[118.879,10.214],[118.913,10.205],[118.944,10.223],[118.952,10.257],[118.934,10.288],[118.966,10.292],[119.0,10.313],[119.006,10.347],[119.018,10.378],[118.982,10.355],[118.98,10.387],[118.995,10.419],[119.026,10.42],[119.063,10.392],[119.062,10.425],[119.097,10.423],[119.092,10.454],[119.082,10.484],[119.115,10.489],[119.112,10.452],[119.113,10.416],[119.14,10.385],[119.165,10.417],[119.19,10.454],[119.216,10.485],[119.253,10.485],[119.269,10.517],[119.229,10.551],[119.275,10.545],[119.309,10.588],[119.317,10.621],[119.331,10.656],[119.341,10.702],[119.344,10.735],[119.318,10.773],[119.274,10.769],[119.265,10.813],[119.242,10.849],[119.209,10.853],[119.246,10.863],[119.256,10.899],[119.225,10.912],[119.215,10.942],[119.246,10.948],[119.245,10.915],[119.267,10.952],[119.286,10.917],[119.29,10.885],[119.284,10.854],[119.317,10.837],[119.349,10.831],[119.37,10.797],[119.401,10.785],[119.428,10.747],[119.451,10.716],[119.458,10.747],[119.445,10.788],[119.44,10.819],[119.452,10.85],[119.415,10.859],[119.382,10.863],[119.348,10.875],[119.341,10.906],[119.36,10.941],[119.329,10.936],[119.309,10.968],[119.302,11.002],[119.318,11.035],[119.342,10.996],[119.373,11.005],[119.341,11.027],[119.342,11.057],[119.325,11.088],[119.355,11.069],[119.398,11.035],[119.415,11.067],[119.413,11.112],[119.42,11.149],[119.387,11.167],[119.398,11.202],[119.421,11.236],[119.415,11.267],[119.415,11.302],[119.429,11.335],[119.462,11.354],[119.467,11.404],[119.501,11.419],[119.504,11.38],[119.51,11.349],[119.541,11.327],[119.568,11.292],[119.555,11.241],[119.538,11.196],[119.515,11.149],[119.51,11.116],[119.529,11.076],[119.56,11.085],[119.556,11.046],[119.565,11.012],[119.526,11.015],[119.494,10.994],[119.496,10.957],[119.492,10.912],[119.485,10.881],[119.516,10.852],[119.536,10.815],[119.571,10.841],[119.601,10.817],[119.59,10.786],[119.592,10.752],[119.594,10.721],[119.587,10.688],[119.618,10.673],[119.658,10.678],[119.625,10.663],[119.626,10.625],[119.659,10.595],[119.664,10.564],[119.705,10.545],[119.717,10.511],[119.678,10.495],[119.655,10.464],[119.621,10.445],[119.584,10.412],[119.569,10.374],[119.527,10.366],[119.487,10.375],[119.452,10.375],[119.415,10.36],[119.373,10.35],[119.352,10.317],[119.302,10.286],[119.269,10.243],[119.249,10.209],[119.231,10.176],[119.229,10.122],[119.217,10.079],[119.188,10.047],[119.152,10.03],[119.117,10.025],[119.079,10.022],[119.035,10.009],[119.002,9.997],[118.948,9.981],[118.917,9.978],[118.879,9.98],[118.812,9.935],[118.772,9.938],[118.739,9.896],[118.739,9.839],[118.765,9.809],[118.768,9.721],[118.732,9.728],[118.73,9.76],[118.723,9.792],[118.69,9.769],[118.695,9.737],[118.724,9.704],[118.757,9.688],[118.747,9.657],[118.718,9.622],[118.692,9.583],[118.658,9.563],[118.635,9.503],[118.601,9.463],[118.562,9.425],[118.535,9.386],[118.536,9.355],[118.502,9.328],[118.486,9.294],[118.455,9.296],[118.416,9.258],[118.386,9.239],[118.36,9.196],[118.323,9.175],[118.292,9.182],[118.253,9.168],[118.219,9.156],[118.189,9.159],[118.157,9.146],[118.124,9.146],[118.107,9.11],[118.104,9.079],[118.093,9.045],[118.079,9.015],[118.055,8.973],[118.03,8.939],[118.018,8.908],[118.0,8.884]]]}},{"type":"Feature","properties":{},"geometry":{"type":"Polygon","coordinates":[[[121.997,10.44],[121.962,10.415],[121.922,10.43],[121.915,10.461],[121.911,10.506],[121.952,10.546],[121.962,10.58],[121.975,10.658],[121.964,10.713],[121.93,10.741],[121.945,10.812],[121.955,10.857],[121.974,10.897],[121.98,10.93],[122.016,10.972],[122.038,11.003],[122.04,11.074],[122.036,11.114],[122.037,11.156],[122.031,11.187],[122.05,11.227],[122.05,11.262],[122.025,11.301],[122.054,11.34],[122.06,11.382],[122.059,11.451],[122.084,11.502],[122.076,11.543],[122.084,11.578],[122.095,11.633],[122.094,11.668],[122.099,11.703],[122.067,11.74],[122.023,11.743],[121.987,11.753],[121.947,11.758],[121.908,11.765],[121.864,11.756],[121.879,11.817],[121.886,11.85],[121.88,11.887],[121.915,11.904],[121.948,11.925],[121.98,11.916],[122.018,11.895],[122.073,11.843],[122.108,11.829],[122.162,11.827],[122.199,11.808],[122.235,11.788],[122.284,11.762],[122.33,11.736],[122.365,11.722],[122.411,11.677],[122.45,11.638],[122.494,11.611],[122.47,11.578],[122.463,11.545],[122.495,11.577],[122.532,11.584],[122.569,11.57],[122.585,11.524],[122.617,11.514],[122.646,11.546],[122.647,11.577],[122.678,11.548],[122.709,11.573],[122.706,11.607],[122.767,11.608],[122.827,11.612],[122.828,11.58],[122.86,11.552],[122.874,11.521],[122.904,11.529],[122.906,11.497],[122.875,11.488],[122.852,11.452],[122.867,11.421],[122.9,11.434],[122.917,11.469],[122.948,11.471],[122.987,11.485],[123.017,11.5],[123.074,11.529],[123.109,11.559],[123.145,11.598],[123.163,11.561],[123.136,11.513],[123.099,11.523],[123.096,11.493],[123.133,11.497],[123.125,11.465],[123.155,11.487],[123.152,11.451],[123.129,11.416],[123.152,11.384],[123.135,11.346],[123.1,11.333],[123.109,11.296],[123.1,11.251],[123.109,11.22],[123.128,11.183],[123.097,11.165],[123.061,11.19],[123.03,11.177],[123.018,11.142],[123.01,11.099],[122.976,11.06],[122.938,11.03],[122.931,11.067],[122.914,11.033],[122.868,11.031],[122.852,10.994],[122.811,11.001],[122.77,10.98],[122.739,10.956],[122.75,10.924],[122.754,10.887],[122.746,10.855],[122.729,10.823],[122.731,10.791],[122.695,10.798],[122.664,10.803],[122.632,10.789],[122.601,10.771],[122.584,10.738],[122.578,10.705],[122.538,10.68],[122.496,10.68],[122.46,10.689],[122.399,10.675],[122.336,10.67],[122.298,10.655],[122.256,10.651],[122.217,10.638],[122.177,10.619],[122.142,10.59],[122.102,10.582],[122.077,10.548],[122.06,10.516],[122.029,10.477],[122.008,10.443],[121.997,10.44]]]}},{"type":"Feature","properties":{},"geometry":{"type":"Polygon","coordinates":[[[120.0,-10.05],[119.974,-10.014],[119.96,-9.982],[119.913,-9.974],[119.876,-9.95],[119.863,-9.917],[119.832,-9.92],[119.793,-9.918],[119.758,-9.886],[119.719,-9.868],[119.688,-9.85],[119.693,-9.819],[119.676,-9.783],[119.643,-9.794],[119.625,-9.764],[119.594,-9.779],[119.561,-9.765],[119.519,-9.76],[119.488,-9.749],[119.45,-9.745],[119.411,-9.773],[119.377,-9.786],[119.342,-9.759],[119.307,-9.747],[119.267,-9.744],[119.234,-9.744],[119.198,-9.745],[119.166,-9.74],[119.13,-9.725],[119.096,-9.715],[119.053,-9.692],[119.022,-9.665],[119.009,-9.633],[118.979,-9.602],[118.948,-9.574],[118.945,-9.515],[118.979,-9.469],[119.032,-9.433],[119.076,-9.425],[119.107,-9.421],[119.154,-9.386],[119.198,-9.375],[119.249,-9.374],[119.284,-9.36],[119.323,-9.37],[119.364,-9.379],[119.408,-9.371],[119.44,-9.364],[119.475,-9.357],[119.518,-9.375],[119.562,-9.362],[119.635,-9.341],[119.69,-9.378],[119.749,-9.385],[119.78,-9.392],[119.813,-9.39],[119.849,-9.355],[119.887,-9.334],[119.92,-9.299],[119.955,-9.303],[119.985,-9.341],[120.009,-9.376],[120.04,-9.397],[120.078,-9.448],[120.136,-9.485],[120.175,-9.469],[120.209,-9.486],[120.24,-9.537],[120.241,-9.602],[120.254,-9.633],[120.301,-9.648],[120.323,-9.679],[120.354,-9.656],[120.392,-9.646],[120.432,-9.635],[120.467,-9.636],[120.499,-9.702],[120.53,-9.704],[120.566,-9.74],[120.593,-9.778],[120.618,-9.827],[120.645,-9.877],[120.68,-9.903],[120.712,-9.917],[120.756,-9.94],[120.8,-9.972],[120.811,-10.008],[120.825,-10.067],[120.794,-10.117],[120.761,-10.13],[120.734,-10.177],[120.688,-10.206],[120.647,-10.219],[120.607,-10.245],[120.569,-10.23],[120.537,-10.232],[120.487,-10.261],[120.476,-10.299],[120.428,-10.303],[120.393,-10.269],[120.351,-10.247],[120.32,-10.253],[120.27,-10.245],[120.235,-10.245],[120.203,-10.249],[120.191,-10.219],[120.16,-10.232],[120.113,-10.179],[120.079,-10.176],[120.065,-10.146],[120.009,-10.123],[120.023,-10.088],[120.0,-10.05]]]}},{"type":"Feature","properties":{},"geometry":{"type":"Polygon","coordinates":[[[120.76,12.997],[120.735,13.058],[120.697,13.117],[120.674,13.155],[120.648,13.193],[120.607,13.201],[120.57,13.222],[120.537,13.232],[120.521,13.268],[120.487,13.284],[120.485,13.325],[120.464,13.374],[120.457,13.419],[120.421,13.425],[120.387,13.411],[120.384,13.376],[120.351,13.383],[120.313,13.42],[120.303,13.45],[120.319,13.482],[120.361,13.518],[120.415,13.532],[120.449,13.523],[120.505,13.513],[120.552,13.506],[120.584,13.505],[120.642,13.49],[120.681,13.49],[120.714,13.485],[120.761,13.465],[120.838,13.489],[120.876,13.501],[120.912,13.515],[120.943,13.512],[120.973,13.523],[120.962,13.487],[121.003,13.453],[121.036,13.42],[121.071,13.409],[121.103,13.421],[121.138,13.41],[121.168,13.417],[121.205,13.423],[121.252,13.374],[121.302,13.348],[121.332,13.313],[121.371,13.257],[121.412,13.244],[121.443,13.216],[121.435,13.162],[121.473,13.138],[121.508,13.152],[121.543,13.133],[121.556,13.092],[121.514,13.064],[121.485,13.021],[121.491,12.977],[121.498,12.938],[121.481,12.902],[121.485,12.869],[121.479,12.809],[121.475,12.773],[121.524,12.719],[121.549,12.669],[121.555,12.621],[121.517,12.581],[121.487,12.536],[121.453,12.519],[121.435,12.488],[121.424,12.455],[121.417,12.401],[121.44,12.369],[121.406,12.37],[121.386,12.328],[121.4,12.297],[121.368,12.292],[121.357,12.327],[121.331,12.295],[121.293,12.287],[121.262,12.26],[121.254,12.223],[121.218,12.229],[121.183,12.246],[121.144,12.245],[121.11,12.248],[121.091,12.292],[121.1,12.324],[121.065,12.342],[121.032,12.367],[121.002,12.416],[120.944,12.487],[120.925,12.518],[120.923,12.553],[120.935,12.589],[120.915,12.622],[120.9,12.659],[120.864,12.69],[120.833,12.73],[120.801,12.722],[120.791,12.761],[120.783,12.824],[120.78,12.867],[120.783,12.912],[120.771,12.957],[120.76,12.997]]]}},{"type":"Feature","properties":{},"geometry":{"type":"Polygon","coordinates":[[[32.998,34.568],[32.967,34.57],[32.934,34.565],[32.924,34.619],[32.884,34.66],[32.85,34.67],[32.812,34.663],[32.775,34.655],[32.722,34.649],[32.681,34.65],[32.634,34.664],[32.592,34.681],[32.56,34.695],[32.518,34.706],[32.487,34.71],[32.45,34.734],[32.417,34.754],[32.398,34.788],[32.391,34.821],[32.367,34.855],[32.332,34.877],[32.324,34.91],[32.31,34.948],[32.312,34.982],[32.293,35.017],[32.272,35.053],[32.274,35.094],[32.305,35.082],[32.355,35.05],[32.406,35.04],[32.442,35.052],[32.477,35.074],[32.505,35.107],[32.522,35.144],[32.55,35.176],[32.588,35.179],[32.622,35.194],[32.662,35.193],[32.708,35.185],[32.743,35.175],[32.784,35.162],[32.826,35.14],[32.869,35.16],[32.901,35.179],[32.933,35.254],[32.94,35.292],[32.935,35.343],[32.92,35.388],[32.968,35.388],[33.007,35.368],[33.047,35.36],[33.094,35.355],[33.131,35.365],[33.178,35.351],[33.216,35.358],[33.252,35.348],[33.285,35.35],[33.329,35.344],[33.361,35.34],[33.405,35.335],[33.444,35.336],[33.484,35.335],[33.536,35.349],[33.567,35.348],[33.608,35.362],[33.639,35.359],[33.671,35.368],[33.705,35.383],[33.742,35.403],[33.772,35.415],[33.849,35.414],[33.89,35.428],[33.92,35.433],[33.953,35.447],[33.989,35.457],[34.032,35.471],[34.062,35.482],[34.093,35.495],[34.127,35.505],[34.159,35.541],[34.19,35.564],[34.223,35.557],[34.255,35.57],[34.287,35.577],[34.324,35.593],[34.351,35.625],[34.391,35.637],[34.426,35.645],[34.461,35.658],[34.497,35.66],[34.53,35.672],[34.594,35.697],[34.579,35.667],[34.54,35.64],[34.506,35.627],[34.474,35.616],[34.443,35.601],[34.414,35.556],[34.368,35.538],[34.33,35.512],[34.297,35.487],[34.244,35.468],[34.188,35.445],[34.142,35.42],[34.084,35.368],[34.067,35.327],[34.032,35.325],[33.998,35.329],[33.943,35.307],[33.915,35.265],[33.905,35.221],[33.904,35.191],[33.923,35.159],[33.95,35.125],[33.994,35.074],[34.03,35.052],[34.058,35.017],[34.074,34.982],[34.033,34.973],[34.003,34.98],[33.972,34.987],[33.899,34.972],[33.868,34.943],[33.83,34.963],[33.777,34.98],[33.734,34.983],[33.685,34.974],[33.644,34.942],[33.64,34.892],[33.625,34.847],[33.603,34.814],[33.552,34.819],[33.502,34.786],[33.436,34.765],[33.392,34.745],[33.346,34.73],[33.292,34.724],[33.247,34.704],[33.211,34.707],[33.168,34.712],[33.127,34.708],[33.091,34.693],[33.026,34.661],[33.008,34.628],[33.009,34.595],[33.03,34.562],[32.998,34.568]]]}},{"type":"Feature","properties":{},"geometry":{"type":"Polygon","coordinates":[[[125.998,-3.29],[126.007,-3.248],[126.013,-3.213],[126.015,-3.174],[126.052,-3.146],[126.084,-3.121],[126.14,-3.161],[126.18,-3.18],[126.213,-3.181],[126.232,-3.14],[126.269,-3.123],[126.299,-3.096],[126.343,-3.104],[126.378,-3.096],[126.431,-3.084],[126.471,-3.085],[126.516,-3.071],[126.574,-3.07],[126.627,-3.069],[126.683,-3.066],[126.731,-3.06],[126.764,-3.064],[126.795,-3.061],[126.846,-3.091],[126.886,-3.114],[126.933,-3.148],[126.983,-3.142],[127.03,-3.171],[127.099,-3.226],[127.109,-3.26],[127.07,-3.264],[127.039,-3.27],[127.043,-3.312],[127.07,-3.353],[127.11,-3.382],[127.13,-3.352],[127.169,-3.34],[127.203,-3.354],[127.237,-3.36],[127.265,-3.391],[127.249,-3.423],[127.249,-3.47],[127.254,-3.54],[127.253,-3.582],[127.24,-3.631],[127.215,-3.661],[127.183,-3.673],[127.152,-3.665],[127.114,-3.664],[127.052,-3.686],[126.998,-3.72],[126.963,-3.75],[126.932,-3.772],[126.897,-3.78],[126.853,-3.782],[126.788,-3.806],[126.745,-3.833],[126.712,-3.835],[126.681,-3.843],[126.643,-3.812],[126.61,-3.803],[126.574,-3.789],[126.541,-3.795],[126.509,-3.779],[126.477,-3.761],[126.442,-3.741],[126.405,-3.726],[126.372,-3.709],[126.335,-3.684],[126.305,-3.675],[126.265,-3.647],[126.233,-3.617],[126.197,-3.623],[126.161,-3.58],[126.162,-3.547],[126.137,-3.514],[126.104,-3.489],[126.069,-3.462],[126.04,-3.423],[126.025,-3.388],[126.01,-3.349],[126.01,-3.314],[125.998,-3.29]]]}},{"type":"Feature","properties":{},"geometry":{"type":"Polygon","coordinates":[[[24.745,34.999],[24.754,35.053],[24.728,35.09],[24.639,35.095],[24.582,35.099],[24.547,35.116],[24.507,35.145],[24.461,35.149],[24.421,35.163],[24.391,35.172],[24.355,35.186],[24.321,35.19],[24.286,35.174],[24.247,35.183],[24.216,35.192],[24.175,35.195],[24.142,35.192],[24.107,35.201],[24.074,35.19],[24.037,35.193],[24.0,35.223],[23.965,35.229],[23.922,35.221],[23.882,35.239],[23.847,35.242],[23.811,35.249],[23.774,35.234],[23.739,35.237],[23.702,35.24],[23.667,35.237],[23.633,35.233],[23.597,35.236],[23.563,35.268],[23.533,35.279],[23.522,35.311],[23.538,35.348],[23.531,35.379],[23.545,35.41],[23.57,35.445],[23.567,35.479],[23.565,35.511],[23.576,35.542],[23.581,35.574],[23.6,35.611],[23.608,35.578],[23.613,35.522],[23.648,35.5],[23.702,35.504],[23.724,35.536],[23.724,35.572],[23.71,35.609],[23.706,35.642],[23.722,35.676],[23.762,35.68],[23.764,35.647],[23.78,35.593],[23.781,35.548],[23.813,35.535],[23.866,35.524],[23.914,35.52],[23.951,35.514],[23.993,35.518],[24.025,35.522],[24.06,35.55],[24.07,35.582],[24.1,35.599],[24.176,35.589],[24.204,35.539],[24.182,35.504],[24.115,35.503],[24.079,35.508],[24.119,35.472],[24.152,35.473],[24.185,35.45],[24.221,35.461],[24.253,35.457],[24.263,35.426],[24.263,35.394],[24.275,35.358],[24.357,35.352],[24.392,35.362],[24.451,35.37],[24.482,35.368],[24.536,35.374],[24.607,35.391],[24.643,35.414],[24.692,35.419],[24.735,35.426],[24.767,35.418],[24.798,35.411],[24.833,35.408],[24.872,35.41],[24.905,35.415],[24.946,35.408],[24.989,35.415],[25.022,35.421],[25.041,35.384],[25.046,35.349],[25.109,35.34],[25.15,35.343],[25.182,35.347],[25.226,35.336],[25.269,35.334],[25.302,35.338],[25.376,35.34],[25.41,35.308],[25.456,35.294],[25.488,35.298],[25.527,35.311],[25.572,35.321],[25.647,35.342],[25.688,35.337],[25.727,35.341],[25.763,35.341],[25.728,35.303],[25.721,35.263],[25.742,35.295],[25.753,35.262],[25.739,35.23],[25.715,35.197],[25.712,35.167],[25.728,35.13],[25.759,35.13],[25.798,35.114],[25.834,35.133],[25.867,35.158],[25.895,35.188],[25.948,35.182],[25.984,35.196],[26.022,35.229],[26.055,35.235],[26.098,35.223],[26.133,35.197],[26.168,35.203],[26.205,35.237],[26.22,35.268],[26.255,35.274],[26.286,35.286],[26.306,35.318],[26.296,35.287],[26.263,35.266],[26.271,35.235],[26.272,35.205],[26.312,35.199],[26.28,35.167],[26.285,35.137],[26.265,35.097],[26.246,35.062],[26.231,35.032],[26.197,35.022],[26.163,35.011],[26.125,35.001],[26.093,35.002],[26.042,35.016],[26.011,35.021],[25.974,35.039],[25.943,35.034],[25.888,35.026],[25.853,35.015],[25.815,35.001],[25.769,35.0],[25.734,35.004],[25.688,35.015],[25.593,35.007],[25.558,34.995],[25.524,34.99],[25.493,34.985],[25.453,34.991],[25.414,34.986],[25.374,34.998],[25.331,34.985],[25.298,34.985],[25.257,34.965],[25.218,34.952],[25.184,34.949],[25.137,34.954],[25.095,34.932],[25.057,34.941],[25.022,34.937],[24.982,34.933],[24.95,34.932],[24.917,34.924],[24.878,34.934],[24.837,34.939],[24.801,34.927],[24.769,34.927],[24.73,34.922],[24.75,34.959],[24.745,34.991],[24.745,34.999]]]}},{"type":"Feature","properties":{},"geometry":{"type":"Polygon","coordinates":[[[124.4,10.999],[124.405,11.034],[124.37,11.06],[124.382,11.092],[124.392,11.155],[124.38,11.206],[124.4,11.239],[124.375,11.276],[124.363,11.307],[124.338,11.337],[124.36,11.367],[124.33,11.378],[124.342,11.41],[124.311,11.427],[124.301,11.458],[124.297,11.489],[124.286,11.538],[124.325,11.558],[124.357,11.524],[124.39,11.491],[124.435,11.441],[124.46,11.393],[124.471,11.362],[124.48,11.397],[124.462,11.446],[124.505,11.441],[124.535,11.425],[124.548,11.368],[124.585,11.305],[124.63,11.302],[124.663,11.298],[124.708,11.313],[124.759,11.343],[124.786,11.375],[124.809,11.407],[124.842,11.425],[124.872,11.419],[124.907,11.423],[124.939,11.429],[124.956,11.395],[124.966,11.355],[124.961,11.318],[124.962,11.282],[124.993,11.249],[125.006,11.218],[125.013,11.176],[125.005,11.143],[125.02,11.104],[125.037,11.074],[125.036,11.04],[125.04,10.981],[125.034,10.937],[125.01,10.884],[125.002,10.839],[125.002,10.797],[125.009,10.758],[125.0,10.722],[125.033,10.729],[125.066,10.715],[125.114,10.695],[125.113,10.658],[125.143,10.636],[125.167,10.605],[125.185,10.572],[125.164,10.532],[125.19,10.473],[125.185,10.44],[125.201,10.397],[125.235,10.396],[125.26,10.362],[125.266,10.316],[125.255,10.26],[125.22,10.245],[125.183,10.257],[125.143,10.275],[125.129,10.208],[125.138,10.171],[125.107,10.191],[125.076,10.227],[125.063,10.262],[125.049,10.293],[125.033,10.341],[125.005,10.38],[124.968,10.377],[124.973,10.342],[124.98,10.307],[124.982,10.258],[124.98,10.219],[124.984,10.185],[124.999,10.146],[125.01,10.105],[125.025,10.043],[125.027,10.011],[124.973,10.039],[124.933,10.081],[124.902,10.09],[124.886,10.121],[124.833,10.132],[124.79,10.135],[124.756,10.157],[124.751,10.188],[124.765,10.228],[124.783,10.285],[124.789,10.316],[124.759,10.36],[124.723,10.397],[124.728,10.457],[124.72,10.488],[124.75,10.521],[124.76,10.575],[124.766,10.618],[124.799,10.653],[124.792,10.685],[124.792,10.725],[124.784,10.759],[124.761,10.812],[124.72,10.86],[124.7,10.904],[124.677,10.942],[124.64,10.962],[124.61,11.004],[124.57,11.011],[124.539,10.983],[124.549,10.949],[124.542,10.91],[124.515,10.868],[124.478,10.865],[124.448,10.9],[124.425,10.937],[124.385,10.913],[124.388,10.954],[124.407,10.987],[124.4,10.999]]]}},{"type":"Feature","properties":{},"geometry":{"type":"Polygon","coordinates":[[[115.0,-8.175],[115.046,-8.145],[115.077,-8.108],[115.116,-8.08],[115.158,-8.063],[115.202,-8.072],[115.262,-8.086],[115.293,-8.105],[115.337,-8.11],[115.373,-8.13],[115.404,-8.143],[115.453,-8.162],[115.484,-8.182],[115.558,-8.232],[115.594,-8.278],[115.629,-8.325],[115.66,-8.339],[115.698,-8.358],[115.711,-8.399],[115.677,-8.443],[115.634,-8.463],[115.613,-8.498],[115.579,-8.519],[115.547,-8.507],[115.507,-8.514],[115.482,-8.551],[115.447,-8.57],[115.402,-8.578],[115.352,-8.585],[115.319,-8.617],[115.261,-8.665],[115.264,-8.706],[115.227,-8.722],[115.188,-8.739],[115.198,-8.783],[115.23,-8.789],[115.218,-8.833],[115.17,-8.85],[115.108,-8.846],[115.113,-8.806],[115.162,-8.783],[115.158,-8.748],[115.165,-8.707],[115.14,-8.669],[115.098,-8.641],[115.083,-8.607],[115.033,-8.563],[114.996,-8.538],[114.972,-8.505],[114.934,-8.478],[114.9,-8.459],[114.849,-8.439],[114.817,-8.431],[114.747,-8.4],[114.689,-8.398],[114.633,-8.409],[114.602,-8.404],[114.545,-8.357],[114.515,-8.325],[114.481,-8.277],[114.467,-8.246],[114.437,-8.188],[114.441,-8.133],[114.432,-8.1],[114.491,-8.095],[114.521,-8.133],[114.553,-8.13],[114.592,-8.116],[114.629,-8.127],[114.662,-8.141],[114.709,-8.155],[114.749,-8.17],[114.805,-8.182],[114.842,-8.19],[114.898,-8.188],[114.933,-8.183],[114.967,-8.182],[115.0,-8.175]]]}},{"type":"Feature","properties":{},"geometry":{"type":"Polygon","coordinates":[[[116.0,-8.746],[116.033,-8.724],[116.04,-8.755],[116.074,-8.739],[116.061,-8.687],[116.069,-8.647],[116.07,-8.581],[116.065,-8.53],[116.044,-8.498],[116.036,-8.465],[116.046,-8.432],[116.084,-8.4],[116.098,-8.366],[116.131,-8.365],[116.169,-8.347],[116.188,-8.317],[116.228,-8.277],[116.266,-8.248],[116.312,-8.228],[116.352,-8.213],[116.388,-8.218],[116.421,-8.221],[116.463,-8.227],[116.511,-8.258],[116.587,-8.273],[116.625,-8.283],[116.669,-8.303],[116.698,-8.34],[116.727,-8.394],[116.717,-8.427],[116.678,-8.478],[116.666,-8.519],[116.66,-8.55],[116.642,-8.59],[116.619,-8.639],[116.596,-8.67],[116.576,-8.708],[116.555,-8.748],[116.508,-8.795],[116.5,-8.84],[116.542,-8.84],[116.541,-8.872],[116.583,-8.865],[116.574,-8.9],[116.517,-8.923],[116.478,-8.927],[116.437,-8.926],[116.456,-8.883],[116.477,-8.843],[116.443,-8.842],[116.409,-8.86],[116.398,-8.891],[116.399,-8.94],[116.368,-8.961],[116.376,-8.919],[116.338,-8.927],[116.305,-8.918],[116.252,-8.916],[116.209,-8.911],[116.177,-8.925],[116.16,-8.89],[116.113,-8.882],[116.078,-8.906],[116.047,-8.88],[116.08,-8.869],[116.042,-8.874],[116.01,-8.879],[116.025,-8.913],[115.993,-8.9],[115.962,-8.874],[115.922,-8.855],[115.892,-8.838],[115.848,-8.833],[115.831,-8.802],[115.831,-8.768],[115.843,-8.734],[115.887,-8.76],[115.929,-8.775],[115.97,-8.743],[116.0,-8.746]]]}},{"type":"Feature","properties":{},"geometry":{"type":"Polygon","coordinates":[[[107.995,-3.251],[107.962,-3.241],[107.966,-3.202],[107.962,-3.162],[107.931,-3.143],[107.902,-3.107],[107.884,-3.073],[107.851,-3.059],[107.806,-3.082],[107.84,-3.105],[107.834,-3.153],[107.795,-3.174],[107.761,-3.191],[107.716,-3.19],[107.682,-3.203],[107.639,-3.236],[107.608,-3.24],[107.583,-3.198],[107.621,-3.152],[107.605,-3.114],[107.579,-3.083],[107.575,-3.049],[107.562,-3.017],[107.568,-2.984],[107.591,-2.949],[107.614,-2.908],[107.576,-2.916],[107.544,-2.935],[107.542,-2.902],[107.572,-2.891],[107.596,-2.858],[107.598,-2.828],[107.588,-2.796],[107.614,-2.763],[107.625,-2.72],[107.627,-2.681],[107.629,-2.648],[107.625,-2.603],[107.65,-2.568],[107.687,-2.564],[107.725,-2.55],[107.765,-2.555],[107.81,-2.535],[107.859,-2.557],[107.895,-2.567],[107.926,-2.56],[107.969,-2.573],[108.01,-2.587],[108.003,-2.619],[108.018,-2.653],[108.036,-2.612],[108.067,-2.607],[108.103,-2.625],[108.134,-2.637],[108.14,-2.672],[108.172,-2.671],[108.211,-2.7],[108.24,-2.735],[108.264,-2.769],[108.275,-2.803],[108.288,-2.838],[108.289,-2.87],[108.245,-2.918],[108.241,-2.956],[108.211,-2.988],[108.203,-3.027],[108.198,-3.074],[108.176,-3.109],[108.202,-3.141],[108.166,-3.155],[108.134,-3.17],[108.098,-3.167],[108.06,-3.186],[108.08,-3.217],[108.043,-3.236],[108.012,-3.235],[107.995,-3.251]]]}},{"type":"Feature","properties":{},"geometry":{"type":"Polygon","coordinates":[[[122.781,-5.001],[122.816,-4.978],[122.821,-4.932],[122.834,-4.887],[122.812,-4.854],[122.845,-4.828],[122.851,-4.798],[122.851,-4.76],[122.844,-4.728],[122.845,-4.692],[122.834,-4.661],[122.854,-4.606],[122.858,-4.568],[122.87,-4.532],[122.89,-4.492],[122.906,-4.461],[122.945,-4.439],[122.978,-4.41],[123.012,-4.393],[123.045,-4.37],[123.081,-4.366],[123.075,-4.407],[123.045,-4.424],[123.077,-4.444],[123.107,-4.468],[123.141,-4.485],[123.155,-4.522],[123.177,-4.559],[123.198,-4.607],[123.189,-4.637],[123.175,-4.668],[123.21,-4.702],[123.207,-4.748],[123.211,-4.793],[123.215,-4.854],[123.175,-4.832],[123.172,-4.794],[123.171,-4.763],[123.137,-4.753],[123.146,-4.722],[123.112,-4.685],[123.116,-4.723],[123.104,-4.754],[123.102,-4.789],[123.084,-4.751],[123.049,-4.756],[123.043,-4.796],[123.009,-4.811],[123.006,-4.846],[123.013,-4.891],[123.005,-4.93],[122.976,-4.961],[122.96,-4.998],[122.979,-5.043],[122.979,-5.08],[122.98,-5.111],[122.946,-5.159],[122.94,-5.202],[122.974,-5.195],[123.01,-5.144],[123.043,-5.13],[123.075,-5.156],[123.067,-5.187],[123.099,-5.177],[123.101,-5.208],[123.136,-5.213],[123.157,-5.243],[123.197,-5.255],[123.229,-5.272],[123.216,-5.305],[123.189,-5.338],[123.148,-5.375],[123.115,-5.395],[123.067,-5.415],[123.023,-5.438],[123.005,-5.399],[122.968,-5.405],[122.938,-5.428],[122.907,-5.435],[122.856,-5.483],[122.854,-5.518],[122.899,-5.508],[122.905,-5.543],[122.885,-5.582],[122.855,-5.625],[122.834,-5.656],[122.817,-5.699],[122.783,-5.706],[122.779,-5.669],[122.746,-5.676],[122.734,-5.632],[122.684,-5.692],[122.647,-5.705],[122.618,-5.663],[122.604,-5.616],[122.594,-5.584],[122.574,-5.528],[122.568,-5.493],[122.601,-5.458],[122.636,-5.46],[122.646,-5.413],[122.64,-5.378],[122.65,-5.344],[122.679,-5.307],[122.711,-5.283],[122.738,-5.24],[122.773,-5.252],[122.81,-5.224],[122.797,-5.183],[122.766,-5.223],[122.76,-5.188],[122.756,-5.142],[122.775,-5.109],[122.797,-5.058],[122.805,-5.022],[122.766,-5.039],[122.772,-5.003],[122.781,-5.001]]]}},{"type":"Feature","properties":{},"geometry":{"type":"Polygon","coordinates":[[[112.767,-7.002],[112.8,-6.962],[112.825,-6.928],[112.868,-6.89],[112.9,-6.89],[112.942,-6.887],[112.972,-6.888],[113.003,-6.887],[113.043,-6.88],[113.077,-6.883],[113.108,-6.889],[113.141,-6.894],[113.178,-6.895],[113.214,-6.894],[113.247,-6.893],[113.294,-6.89],[113.366,-6.89],[113.418,-6.885],[113.449,-6.888],[113.482,-6.896],[113.559,-6.894],[113.595,-6.886],[113.63,-6.89],[113.667,-6.882],[113.698,-6.882],[113.737,-6.883],[113.793,-6.885],[113.903,-6.863],[113.967,-6.874],[114.0,-6.887],[114.086,-6.927],[114.118,-6.964],[114.065,-7.002],[114.029,-7.011],[113.994,-7.007],[113.966,-7.038],[113.934,-7.025],[113.94,-7.059],[113.908,-7.045],[113.87,-7.09],[113.894,-7.123],[113.815,-7.135],[113.768,-7.125],[113.725,-7.117],[113.682,-7.11],[113.646,-7.125],[113.605,-7.126],[113.571,-7.166],[113.555,-7.201],[113.551,-7.235],[113.514,-7.256],[113.48,-7.224],[113.442,-7.225],[113.41,-7.219],[113.328,-7.214],[113.271,-7.217],[113.215,-7.22],[113.17,-7.228],[113.135,-7.21],[113.096,-7.229],[113.036,-7.211],[112.999,-7.21],[112.96,-7.2],[112.928,-7.188],[112.886,-7.178],[112.842,-7.166],[112.797,-7.159],[112.753,-7.171],[112.722,-7.174],[112.69,-7.153],[112.707,-7.101],[112.671,-7.073],[112.68,-7.033],[112.716,-7.041],[112.75,-7.017],[112.767,-7.002]]]}},{"type":"Feature","properties":{},"geometry":{"type":"Polygon","coordinates":[[[123.616,9.999],[123.62,9.959],[123.607,9.899],[123.576,9.86],[123.561,9.823],[123.537,9.791],[123.537,9.759],[123.51,9.698],[123.494,9.661],[123.481,9.627],[123.465,9.571],[123.436,9.522],[123.398,9.495],[123.375,9.452],[123.333,9.415],[123.301,9.418],[123.301,9.457],[123.297,9.505],[123.31,9.574],[123.318,9.622],[123.324,9.681],[123.337,9.717],[123.339,9.748],[123.343,9.788],[123.37,9.819],[123.369,9.851],[123.4,9.894],[123.395,9.935],[123.371,9.974],[123.402,9.981],[123.401,10.029],[123.421,10.061],[123.465,10.099],[123.505,10.143],[123.517,10.184],[123.552,10.237],[123.579,10.268],[123.582,10.305],[123.584,10.342],[123.635,10.38],[123.661,10.414],[123.674,10.444],[123.688,10.478],[123.702,10.512],[123.7,10.545],[123.726,10.577],[123.742,10.613],[123.752,10.647],[123.788,10.694],[123.801,10.726],[123.829,10.757],[123.845,10.79],[123.865,10.832],[123.875,10.864],[123.89,10.908],[123.905,10.938],[123.927,10.977],[123.933,11.012],[123.902,11.025],[123.934,11.07],[123.931,11.106],[123.966,11.082],[123.955,11.113],[123.942,11.157],[123.943,11.189],[123.981,11.222],[123.993,11.263],[124.024,11.28],[124.062,11.287],[124.069,11.256],[124.045,11.219],[124.034,11.172],[124.021,11.122],[123.99,11.082],[124.04,11.058],[124.043,10.975],[124.03,10.937],[124.053,10.88],[124.039,10.844],[124.033,10.812],[124.027,10.779],[124.004,10.748],[124.012,10.697],[124.021,10.654],[124.026,10.602],[124.021,10.562],[124.032,10.526],[124.021,10.48],[124.01,10.446],[123.996,10.414],[124.019,10.382],[123.99,10.35],[123.958,10.359],[123.962,10.328],[123.92,10.313],[123.883,10.29],[123.867,10.258],[123.836,10.235],[123.797,10.239],[123.763,10.225],[123.741,10.186],[123.699,10.151],[123.686,10.121],[123.679,10.086],[123.639,10.084],[123.624,10.049],[123.62,10.018],[123.616,9.999]]]}},{"type":"Feature","properties":{},"geometry":{"type":"Polygon","coordinates":[[[97.392,0.997],[97.383,1.043],[97.362,1.088],[97.341,1.118],[97.319,1.163],[97.288,1.179],[97.282,1.21],[97.252,1.239],[97.245,1.27],[97.214,1.283],[97.191,1.314],[97.156,1.358],[97.103,1.409],[97.06,1.412],[97.111,1.427],[97.15,1.426],[97.18,1.407],[97.214,1.41],[97.252,1.419],[97.292,1.451],[97.327,1.477],[97.343,1.509],[97.347,1.542],[97.379,1.521],[97.41,1.521],[97.431,1.484],[97.467,1.478],[97.502,1.447],[97.533,1.422],[97.535,1.388],[97.571,1.347],[97.605,1.311],[97.63,1.271],[97.643,1.238],[97.67,1.198],[97.706,1.175],[97.739,1.17],[97.772,1.155],[97.806,1.131],[97.823,1.093],[97.863,1.055],[97.895,1.047],[97.914,1.016],[97.922,0.972],[97.911,0.932],[97.879,0.889],[97.873,0.855],[97.888,0.814],[97.871,0.769],[97.865,0.737],[97.871,0.706],[97.874,0.67],[97.878,0.626],[97.838,0.59],[97.815,0.557],[97.784,0.562],[97.751,0.562],[97.717,0.581],[97.687,0.566],[97.669,0.596],[97.67,0.636],[97.644,0.677],[97.645,0.71],[97.642,0.741],[97.624,0.78],[97.59,0.81],[97.536,0.863],[97.501,0.902],[97.466,0.937],[97.428,0.942],[97.394,0.947],[97.392,0.997]]]}},{"type":"Feature","properties":{},"geometry":{"type":"Polygon","coordinates":[[[98.943,-1.003],[98.935,-1.041],[98.945,-1.077],[99.003,-1.114],[99.001,-1.149],[99.03,-1.182],[99.035,-1.214],[99.058,-1.245],[99.065,-1.276],[99.09,-1.314],[99.095,-1.348],[99.108,-1.38],[99.14,-1.395],[99.169,-1.438],[99.171,-1.468],[99.12,-1.437],[99.152,-1.485],[99.184,-1.519],[99.208,-1.552],[99.216,-1.6],[99.26,-1.588],[99.284,-1.623],[99.275,-1.662],[99.283,-1.699],[99.286,-1.741],[99.261,-1.711],[99.22,-1.626],[99.238,-1.67],[99.24,-1.723],[99.26,-1.766],[99.225,-1.78],[99.187,-1.774],[99.152,-1.778],[99.118,-1.8],[99.056,-1.785],[99.011,-1.76],[98.942,-1.715],[98.876,-1.678],[98.863,-1.647],[98.828,-1.62],[98.832,-1.587],[98.809,-1.542],[98.772,-1.489],[98.751,-1.452],[98.703,-1.383],[98.65,-1.313],[98.635,-1.279],[98.6,-1.223],[98.599,-1.19],[98.626,-1.156],[98.637,-1.112],[98.656,-1.08],[98.656,-1.012],[98.66,-0.981],[98.707,-0.946],[98.74,-0.96],[98.777,-0.96],[98.828,-0.94],[98.863,-0.934],[98.893,-0.909],[98.909,-0.943],[98.945,-0.983],[98.943,-1.003]]]}},{"type":"Feature","properties":{},"geometry":{"type":"Polygon","coordinates":[[[124.0,9.604],[123.965,9.604],[123.916,9.624],[123.879,9.628],[123.842,9.667],[123.854,9.699],[123.842,9.74],[123.808,9.735],[123.783,9.796],[123.797,9.827],[123.829,9.867],[123.869,9.895],[123.9,9.919],[123.946,9.942],[123.983,9.967],[124.018,9.968],[124.055,10.036],[124.059,10.067],[124.095,10.065],[124.116,10.097],[124.135,10.132],[124.165,10.15],[124.204,10.161],[124.236,10.163],[124.276,10.155],[124.312,10.167],[124.342,10.123],[124.369,10.154],[124.392,10.119],[124.402,10.086],[124.436,10.083],[124.478,10.057],[124.518,10.065],[124.545,10.032],[124.567,10.0],[124.547,9.964],[124.553,9.932],[124.569,9.891],[124.534,9.866],[124.546,9.834],[124.577,9.812],[124.593,9.76],[124.513,9.725],[124.495,9.767],[124.46,9.739],[124.426,9.723],[124.401,9.683],[124.368,9.652],[124.314,9.624],[124.268,9.605],[124.234,9.6],[124.184,9.612],[124.152,9.605],[124.12,9.599],[124.073,9.59],[124.035,9.595],[124.003,9.6],[124.0,9.604]]]}},{"type":"Feature","properties":{},"geometry":{"type":"Polygon","coordinates":[[[24.393,37.999],[24.389,37.963],[24.357,37.98],[24.332,38.011],[24.321,38.047],[24.287,38.067],[24.25,38.091],[24.209,38.09],[24.213,38.122],[24.179,38.128],[24.21,38.162],[24.187,38.213],[24.153,38.224],[24.118,38.218],[24.14,38.249],[24.151,38.28],[24.113,38.249],[24.098,38.283],[24.11,38.315],[24.077,38.32],[24.045,38.324],[24.053,38.354],[24.052,38.387],[24.017,38.39],[23.985,38.396],[23.943,38.388],[23.893,38.385],[23.862,38.398],[23.821,38.405],[23.789,38.388],[23.749,38.401],[23.692,38.415],[23.657,38.4],[23.621,38.43],[23.588,38.45],[23.627,38.482],[23.635,38.512],[23.624,38.543],[23.569,38.573],[23.527,38.577],[23.496,38.628],[23.466,38.649],[23.429,38.685],[23.39,38.697],[23.35,38.725],[23.321,38.763],[23.283,38.767],[23.251,38.795],[23.197,38.835],[23.14,38.852],[23.088,38.84],[23.052,38.853],[22.989,38.88],[22.958,38.883],[22.995,38.86],[22.961,38.835],[22.928,38.835],[22.885,38.837],[22.847,38.83],[22.846,38.861],[22.878,38.878],[22.917,38.885],[22.982,38.904],[23.012,38.914],[23.047,38.943],[23.08,38.94],[23.093,38.974],[23.129,39.008],[23.183,39.003],[23.217,39.016],[23.257,39.024],[23.317,39.039],[23.348,39.017],[23.378,39.007],[23.386,38.963],[23.421,38.957],[23.425,38.921],[23.45,38.883],[23.455,38.852],[23.492,38.831],[23.528,38.81],[23.57,38.79],[23.602,38.768],[23.64,38.753],[23.672,38.755],[23.705,38.769],[23.741,38.73],[23.774,38.7],[23.812,38.697],[23.842,38.681],[23.896,38.68],[23.939,38.665],[23.982,38.675],[24.012,38.675],[24.047,38.69],[24.08,38.68],[24.127,38.668],[24.157,38.646],[24.123,38.628],[24.125,38.597],[24.158,38.568],[24.196,38.548],[24.232,38.523],[24.188,38.484],[24.192,38.452],[24.199,38.422],[24.193,38.386],[24.214,38.356],[24.226,38.322],[24.256,38.285],[24.252,38.253],[24.26,38.211],[24.299,38.192],[24.335,38.175],[24.374,38.164],[24.404,38.154],[24.446,38.146],[24.482,38.142],[24.516,38.142],[24.547,38.144],[24.583,38.157],[24.582,38.115],[24.579,38.077],[24.584,38.046],[24.568,38.009],[24.548,37.978],[24.512,37.95],[24.474,37.958],[24.461,37.998],[24.416,38.012],[24.393,37.999]]]}},{"type":"Feature","properties":{},"geometry":{"type":"Polygon","coordinates":[[[53.998,12.325],[53.963,12.335],[53.923,12.333],[53.872,12.323],[53.835,12.313],[53.781,12.305],[53.708,12.304],[53.648,12.315],[53.612,12.335],[53.573,12.345],[53.518,12.39],[53.485,12.42],[53.418,12.457],[53.387,12.475],[53.315,12.526],[53.363,12.547],[53.397,12.567],[53.402,12.599],[53.4,12.651],[53.44,12.669],[53.483,12.686],[53.552,12.71],[53.592,12.699],[53.634,12.701],[53.701,12.66],[53.746,12.629],[53.776,12.612],[53.811,12.6],[53.847,12.604],[53.876,12.643],[53.916,12.651],[53.957,12.643],[54.001,12.65],[54.037,12.662],[54.077,12.678],[54.109,12.7],[54.149,12.673],[54.187,12.67],[54.223,12.648],[54.256,12.646],[54.29,12.622],[54.347,12.607],[54.397,12.587],[54.448,12.565],[54.494,12.549],[54.525,12.555],[54.477,12.534],[54.445,12.508],[54.417,12.47],[54.372,12.461],[54.337,12.445],[54.261,12.434],[54.229,12.398],[54.196,12.383],[54.163,12.355],[54.077,12.347],[54.021,12.341],[53.998,12.325]]]}},{"type":"Feature","properties":{},"geometry":{"type":"Polygon","coordinates":[[[124.0,11.798],[123.949,11.84],[123.93,11.876],[123.893,11.869],[123.86,11.899],[123.819,11.913],[123.778,11.921],[123.747,11.922],[123.712,11.955],[123.75,11.982],[123.696,12.022],[123.653,12.044],[123.647,12.075],[123.607,12.074],[123.592,12.131],[123.565,12.168],[123.54,12.205],[123.494,12.22],[123.456,12.215],[123.419,12.186],[123.387,12.147],[123.37,12.116],[123.334,12.095],[123.312,12.061],[123.289,12.02],[123.257,12.0],[123.242,11.965],[123.209,11.951],[123.179,11.913],[123.143,11.927],[123.156,11.966],[123.18,11.998],[123.192,12.032],[123.203,12.062],[123.207,12.098],[123.215,12.133],[123.246,12.129],[123.269,12.164],[123.265,12.197],[123.295,12.209],[123.294,12.24],[123.261,12.247],[123.227,12.219],[123.218,12.255],[123.24,12.291],[123.253,12.327],[123.26,12.365],[123.275,12.405],[123.283,12.438],[123.252,12.455],[123.248,12.505],[123.243,12.546],[123.238,12.579],[123.278,12.578],[123.314,12.576],[123.344,12.553],[123.376,12.544],[123.339,12.544],[123.35,12.508],[123.335,12.475],[123.322,12.443],[123.358,12.468],[123.369,12.5],[123.401,12.525],[123.434,12.52],[123.473,12.492],[123.521,12.459],[123.555,12.462],[123.565,12.43],[123.59,12.397],[123.585,12.361],[123.618,12.364],[123.657,12.342],[123.693,12.335],[123.709,12.302],[123.739,12.271],[123.756,12.238],[123.781,12.2],[123.779,12.232],[123.809,12.245],[123.845,12.204],[123.895,12.212],[123.909,12.168],[123.941,12.131],[123.972,12.091],[124.004,12.027],[124.044,11.977],[124.048,11.946],[124.016,11.985],[124.002,12.018],[123.992,11.987],[124.012,11.952],[124.035,11.91],[124.055,11.874],[124.066,11.84],[124.055,11.801],[124.074,11.745],[124.027,11.749],[124.011,11.787],[124.0,11.798]]]}},{"type":"Feature","properties":{},"geometry":{"type":"Polygon","coordinates":[[[122.709,-5.001],[122.683,-5.033],[122.632,-5.068],[122.616,-5.102],[122.594,-5.16],[122.598,-5.198],[122.632,-5.191],[122.602,-5.227],[122.645,-5.262],[122.652,-5.3],[122.65,-5.337],[122.626,-5.371],[122.609,-5.407],[122.599,-5.437],[122.56,-5.423],[122.524,-5.439],[122.517,-5.407],[122.544,-5.333],[122.529,-5.295],[122.543,-5.261],[122.496,-5.295],[122.502,-5.335],[122.493,-5.368],[122.475,-5.398],[122.441,-5.402],[122.4,-5.385],[122.394,-5.353],[122.439,-5.318],[122.402,-5.316],[122.386,-5.369],[122.331,-5.4],[122.283,-5.396],[122.27,-5.332],[122.28,-5.297],[122.309,-5.261],[122.318,-5.226],[122.309,-5.195],[122.311,-5.149],[122.325,-5.112],[122.357,-5.102],[122.388,-5.087],[122.39,-5.044],[122.386,-5.004],[122.383,-4.967],[122.361,-4.931],[122.339,-4.884],[122.325,-4.846],[122.345,-4.791],[122.363,-4.758],[122.403,-4.744],[122.437,-4.737],[122.468,-4.742],[122.504,-4.718],[122.546,-4.696],[122.586,-4.671],[122.599,-4.635],[122.632,-4.645],[122.663,-4.628],[122.694,-4.615],[122.738,-4.642],[122.735,-4.673],[122.733,-4.713],[122.748,-4.751],[122.745,-4.783],[122.73,-4.832],[122.742,-4.863],[122.772,-4.893],[122.771,-4.928],[122.771,-4.964],[122.738,-4.956],[122.719,-4.991],[122.709,-5.001]]]}},{"type":"Feature","properties":{},"geometry":{"type":"Polygon","coordinates":[[[124.392,-2.003],[124.394,-1.971],[124.369,-1.933],[124.343,-1.902],[124.345,-1.843],[124.343,-1.809],[124.358,-1.768],[124.373,-1.737],[124.362,-1.703],[124.401,-1.657],[124.452,-1.66],[124.497,-1.653],[124.53,-1.625],[124.525,-1.661],[124.555,-1.635],[124.589,-1.636],[124.625,-1.636],[124.676,-1.64],[124.709,-1.655],[124.748,-1.665],[124.783,-1.665],[124.815,-1.683],[124.866,-1.685],[124.899,-1.711],[124.936,-1.701],[124.967,-1.713],[124.999,-1.717],[125.013,-1.749],[125.045,-1.77],[125.079,-1.768],[125.11,-1.752],[125.107,-1.718],[125.13,-1.686],[125.148,-1.717],[125.185,-1.707],[125.198,-1.738],[125.192,-1.769],[125.228,-1.764],[125.235,-1.731],[125.289,-1.734],[125.295,-1.769],[125.322,-1.802],[125.315,-1.839],[125.325,-1.887],[125.29,-1.89],[125.258,-1.888],[125.223,-1.879],[125.191,-1.887],[125.161,-1.88],[125.128,-1.88],[125.095,-1.903],[125.058,-1.89],[125.02,-1.899],[125.02,-1.936],[124.986,-1.943],[124.949,-1.934],[124.919,-1.93],[124.875,-1.912],[124.838,-1.899],[124.801,-1.903],[124.759,-1.93],[124.72,-1.943],[124.686,-1.97],[124.611,-1.992],[124.534,-2.005],[124.503,-2.008],[124.471,-2.014],[124.43,-2.025],[124.392,-2.026],[124.392,-2.003]]]}},{"type":"Feature","properties":{},"geometry":{"type":"Polygon","coordinates":[[[125.811,-8.002],[125.814,-7.959],[125.819,-7.921],[125.815,-7.89],[125.805,-7.858],[125.836,-7.833],[125.869,-7.812],[125.856,-7.779],[125.894,-7.757],[125.935,-7.69],[125.972,-7.653],[126.002,-7.68],[126.035,-7.696],[126.067,-7.705],[126.097,-7.706],[126.144,-7.724],[126.175,-7.725],[126.216,-7.705],[126.252,-7.686],[126.285,-7.695],[126.326,-7.695],[126.363,-7.675],[126.382,-7.639],[126.416,-7.629],[126.46,-7.617],[126.492,-7.588],[126.526,-7.58],[126.559,-7.574],[126.592,-7.574],[126.631,-7.56],[126.635,-7.592],[126.667,-7.623],[126.701,-7.645],[126.74,-7.666],[126.781,-7.665],[126.814,-7.662],[126.83,-7.701],[126.845,-7.74],[126.813,-7.761],[126.766,-7.755],[126.729,-7.753],[126.695,-7.755],[126.658,-7.781],[126.624,-7.786],[126.593,-7.81],[126.562,-7.816],[126.539,-7.853],[126.515,-7.889],[126.499,-7.923],[126.478,-7.967],[126.445,-7.949],[126.403,-7.928],[126.37,-7.935],[126.332,-7.915],[126.298,-7.925],[126.267,-7.923],[126.227,-7.93],[126.191,-7.93],[126.151,-7.9],[126.112,-7.895],[126.068,-7.888],[126.031,-7.894],[126.0,-7.901],[125.967,-7.92],[125.931,-7.931],[125.882,-7.954],[125.834,-7.989],[125.811,-8.002]]]}},{"type":"Feature","properties":{},"geometry":{"type":"Polygon","coordinates":[[[127.999,-1.505],[128.03,-1.534],[128.07,-1.561],[128.101,-1.569],[128.146,-1.589],[128.165,-1.63],[128.158,-1.668],[128.106,-1.702],[128.073,-1.715],[128.031,-1.718],[128.0,-1.72],[127.969,-1.697],[127.905,-1.685],[127.872,-1.687],[127.834,-1.697],[127.775,-1.695],[127.744,-1.686],[127.706,-1.686],[127.665,-1.705],[127.634,-1.732],[127.598,-1.725],[127.555,-1.739],[127.517,-1.729],[127.487,-1.73],[127.422,-1.685],[127.386,-1.655],[127.379,-1.623],[127.399,-1.568],[127.389,-1.537],[127.416,-1.5],[127.408,-1.469],[127.431,-1.434],[127.465,-1.436],[127.503,-1.433],[127.529,-1.401],[127.563,-1.373],[127.61,-1.348],[127.64,-1.327],[127.671,-1.338],[127.713,-1.341],[127.748,-1.354],[127.78,-1.373],[127.79,-1.412],[127.827,-1.421],[127.865,-1.435],[127.923,-1.44],[127.957,-1.47],[127.984,-1.505],[127.999,-1.505]]]}},{"type":"Feature","properties":{},"geometry":{"type":"Polygon","coordinates":[[[55.266,-21.001],[55.289,-20.962],[55.289,-20.922],[55.335,-20.916],[55.368,-20.895],[55.401,-20.87],[55.448,-20.864],[55.48,-20.873],[55.516,-20.87],[55.55,-20.883],[55.59,-20.886],[55.622,-20.898],[55.671,-20.912],[55.703,-20.951],[55.707,-20.983],[55.717,-21.016],[55.741,-21.054],[55.768,-21.086],[55.802,-21.112],[55.834,-21.132],[55.843,-21.171],[55.82,-21.203],[55.809,-21.245],[55.813,-21.28],[55.815,-21.323],[55.781,-21.355],[55.734,-21.359],[55.69,-21.364],[55.656,-21.379],[55.617,-21.377],[55.58,-21.365],[55.544,-21.353],[55.508,-21.34],[55.477,-21.334],[55.429,-21.313],[55.394,-21.28],[55.345,-21.27],[55.325,-21.236],[55.29,-21.195],[55.292,-21.15],[55.258,-21.101],[55.225,-21.064],[55.222,-21.025],[55.253,-21.007],[55.266,-21.001]]]}},{"type":"Feature","properties":{},"geometry":{"type":"Polygon","coordinates":[[[122.998,-1.52],[122.962,-1.548],[122.935,-1.58],[122.884,-1.609],[122.85,-1.584],[122.855,-1.549],[122.844,-1.514],[122.82,-1.483],[122.788,-1.464],[122.797,-1.433],[122.795,-1.396],[122.807,-1.355],[122.816,-1.318],[122.835,-1.274],[122.87,-1.249],[122.882,-1.217],[122.906,-1.185],[122.947,-1.189],[122.977,-1.21],[123.009,-1.198],[123.06,-1.18],[123.096,-1.169],[123.129,-1.194],[123.16,-1.187],[123.164,-1.157],[123.195,-1.176],[123.215,-1.21],[123.247,-1.232],[123.225,-1.265],[123.193,-1.266],[123.195,-1.301],[123.194,-1.332],[123.219,-1.362],[123.232,-1.393],[123.263,-1.39],[123.286,-1.35],[123.291,-1.316],[123.329,-1.268],[123.362,-1.227],[123.395,-1.234],[123.428,-1.268],[123.438,-1.236],[123.472,-1.25],[123.506,-1.271],[123.54,-1.276],[123.557,-1.321],[123.538,-1.354],[123.537,-1.4],[123.52,-1.438],[123.485,-1.469],[123.461,-1.507],[123.423,-1.519],[123.39,-1.507],[123.357,-1.525],[123.355,-1.471],[123.321,-1.435],[123.285,-1.422],[123.26,-1.468],[123.252,-1.5],[123.248,-1.54],[123.243,-1.572],[123.264,-1.626],[123.23,-1.596],[123.2,-1.623],[123.17,-1.635],[123.137,-1.614],[123.104,-1.601],[123.113,-1.566],[123.146,-1.548],[123.186,-1.516],[123.18,-1.484],[123.17,-1.452],[123.16,-1.415],[123.156,-1.371],[123.16,-1.331],[123.126,-1.322],[123.1,-1.353],[123.069,-1.392],[123.052,-1.424],[123.038,-1.455],[123.024,-1.493],[122.998,-1.52]]]}},{"type":"Feature","properties":{},"geometry":{"type":"Polygon","coordinates":[[[128.266,1.999],[128.285,2.058],[128.247,2.095],[128.245,2.14],[128.245,2.188],[128.24,2.236],[128.216,2.271],[128.211,2.308],[128.242,2.327],[128.28,2.377],[128.292,2.41],[128.295,2.442],[128.329,2.471],[128.356,2.503],[128.396,2.525],[128.42,2.566],[128.452,2.595],[128.489,2.583],[128.523,2.582],[128.536,2.617],[128.568,2.641],[128.592,2.607],[128.601,2.575],[128.628,2.542],[128.665,2.504],[128.689,2.468],[128.681,2.429],[128.669,2.396],[128.64,2.364],[128.634,2.333],[128.639,2.296],[128.623,2.263],[128.612,2.228],[128.601,2.196],[128.584,2.165],[128.565,2.134],[128.557,2.103],[128.524,2.082],[128.49,2.058],[128.446,2.055],[128.398,2.057],[128.34,2.036],[128.29,2.035],[128.269,1.99],[128.266,1.999]]]}},{"type":"Feature","properties":{},"geometry":{"type":"Polygon","coordinates":[[[125.0,-8.36],[124.965,-8.363],[124.911,-8.365],[124.863,-8.38],[124.826,-8.387],[124.787,-8.404],[124.751,-8.402],[124.714,-8.403],[124.682,-8.395],[124.648,-8.396],[124.616,-8.422],[124.562,-8.439],[124.527,-8.427],[124.488,-8.427],[124.447,-8.449],[124.412,-8.442],[124.379,-8.442],[124.338,-8.423],[124.365,-8.375],[124.4,-8.329],[124.412,-8.295],[124.442,-8.283],[124.497,-8.255],[124.532,-8.241],[124.497,-8.235],[124.445,-8.262],[124.411,-8.275],[124.403,-8.239],[124.42,-8.198],[124.45,-8.153],[124.483,-8.128],[124.524,-8.122],[124.573,-8.126],[124.595,-8.178],[124.64,-8.179],[124.674,-8.166],[124.726,-8.16],[124.76,-8.153],[124.793,-8.16],[124.829,-8.17],[124.891,-8.171],[124.933,-8.155],[124.964,-8.153],[124.995,-8.165],[125.033,-8.15],[125.088,-8.149],[125.101,-8.181],[125.131,-8.218],[125.139,-8.263],[125.133,-8.309],[125.124,-8.34],[125.087,-8.35],[125.056,-8.36],[125.025,-8.358],[125.0,-8.36]]]}},{"type":"Feature","properties":{},"geometry":{"type":"Polygon","coordinates":[[[116.049,-4.002],[116.059,-3.962],[116.075,-3.924],[116.065,-3.891],[116.06,-3.859],[116.074,-3.828],[116.06,-3.797],[116.032,-3.756],[116.017,-3.715],[116.008,-3.678],[116.005,-3.646],[116.031,-3.592],[116.042,-3.557],[116.04,-3.496],[116.055,-3.466],[116.075,-3.424],[116.098,-3.373],[116.106,-3.34],[116.115,-3.308],[116.147,-3.295],[116.177,-3.28],[116.218,-3.253],[116.256,-3.213],[116.274,-3.247],[116.276,-3.288],[116.262,-3.338],[116.249,-3.384],[116.299,-3.438],[116.315,-3.503],[116.27,-3.528],[116.271,-3.559],[116.306,-3.587],[116.29,-3.621],[116.3,-3.652],[116.3,-3.694],[116.312,-3.729],[116.307,-3.779],[116.271,-3.806],[116.295,-3.848],[116.307,-3.912],[116.277,-3.905],[116.242,-3.942],[116.205,-3.951],[116.206,-3.984],[116.169,-3.998],[116.143,-4.035],[116.111,-4.04],[116.098,-4.077],[116.068,-4.052],[116.035,-4.02],[116.049,-4.002]]]}},{"type":"Feature","properties":{},"geometry":{"type":"Polygon","coordinates":[[[130.0,-2.015],[129.963,-2.015],[129.929,-2.007],[129.898,-1.989],[129.863,-1.98],[129.811,-1.948],[129.776,-1.936],[129.742,-1.912],[129.713,-1.88],[129.746,-1.851],[129.779,-1.845],[129.81,-1.843],[129.845,-1.824],[129.878,-1.809],[129.915,-1.785],[129.95,-1.774],[130.0,-1.745],[130.0,-2.015]]]}},{"type":"Feature","properties":{},"geometry":{"type":"Polygon","coordinates":[[[57.541,-20.001],[57.567,-20.018],[57.576,-19.994],[57.606,-19.98],[57.626,-19.984],[57.644,-20.0],[57.67,-20.012],[57.67,-20.033],[57.67,-20.053],[57.677,-20.073],[57.699,-20.088],[57.717,-20.105],[57.745,-20.13],[57.731,-20.149],[57.735,-20.17],[57.754,-20.17],[57.76,-20.194],[57.779,-20.209],[57.793,-20.232],[57.773,-20.246],[57.785,-20.271],[57.779,-20.29],[57.769,-20.317],[57.755,-20.335],[57.751,-20.354],[57.729,-20.368],[57.7,-20.382],[57.688,-20.405],[57.707,-20.419],[57.706,-20.449],[57.687,-20.445],[57.673,-20.472],[57.638,-20.494],[57.612,-20.497],[57.592,-20.503],[57.573,-20.516],[57.546,-20.52],[57.518,-20.529],[57.499,-20.525],[57.467,-20.522],[57.444,-20.51],[57.405,-20.515],[57.382,-20.503],[57.359,-20.495],[57.333,-20.478],[57.307,-20.463],[57.309,-20.436],[57.332,-20.446],[57.356,-20.412],[57.365,-20.392],[57.345,-20.38],[57.348,-20.358],[57.354,-20.335],[57.35,-20.29],[57.369,-20.257],[57.375,-20.224],[57.39,-20.206],[57.42,-20.175],[57.454,-20.167],[57.475,-20.157],[57.493,-20.143],[57.485,-20.123],[57.505,-20.109],[57.503,-20.089],[57.506,-20.068],[57.527,-20.045],[57.543,-20.021],[57.541,-20.001]]]}},{"type":"Feature","properties":{},"geometry":{"type":"Polygon","coordinates":[[[127.283,-0.478],[127.289,-0.448],[127.31,-0.434],[127.325,-0.411],[127.331,-0.393],[127.328,-0.362],[127.317,-0.341],[127.336,-0.338],[127.358,-0.322],[127.38,-0.336],[127.395,-0.354],[127.409,-0.374],[127.412,-0.398],[127.432,-0.419],[127.453,-0.421],[127.474,-0.392],[127.47,-0.369],[127.48,-0.345],[127.51,-0.33],[127.517,-0.305],[127.536,-0.319],[127.565,-0.32],[127.575,-0.344],[127.59,-0.364],[127.59,-0.384],[127.612,-0.386],[127.613,-0.408],[127.637,-0.415],[127.655,-0.433],[127.674,-0.45],[127.688,-0.475],[127.671,-0.493],[127.661,-0.518],[127.634,-0.544],[127.62,-0.568],[127.61,-0.588],[127.593,-0.606],[127.592,-0.629],[127.64,-0.64],[127.648,-0.66],[127.644,-0.682],[127.656,-0.714],[127.68,-0.72],[127.704,-0.7],[127.728,-0.696],[127.75,-0.704],[127.776,-0.689],[127.819,-0.707],[127.838,-0.718],[127.867,-0.728],[127.865,-0.76],[127.884,-0.77],[127.9,-0.796],[127.872,-0.786],[127.893,-0.808],[127.87,-0.81],[127.862,-0.84],[127.842,-0.845],[127.821,-0.861],[127.802,-0.871],[127.784,-0.878],[127.765,-0.875],[127.744,-0.883],[127.724,-0.885],[127.749,-0.873],[127.723,-0.863],[127.692,-0.857],[127.672,-0.85],[127.669,-0.831],[127.648,-0.821],[127.646,-0.801],[127.645,-0.766],[127.627,-0.749],[127.607,-0.771],[127.586,-0.778],[127.548,-0.79],[127.525,-0.801],[127.497,-0.811],[127.468,-0.835],[127.454,-0.799],[127.438,-0.779],[127.434,-0.761],[127.446,-0.703],[127.468,-0.673],[127.472,-0.64],[127.453,-0.64],[127.423,-0.628],[127.402,-0.631],[127.393,-0.608],[127.368,-0.602],[127.351,-0.572],[127.34,-0.547],[127.318,-0.535],[127.298,-0.52],[127.287,-0.488],[127.283,-0.478]]]}},{"type":"Feature","properties":{},"geometry":{"type":"Polygon","coordinates":[[[126.161,33.291],[126.164,33.31],[126.165,33.331],[126.18,33.359],[126.206,33.375],[126.232,33.392],[126.262,33.421],[126.277,33.445],[126.298,33.447],[126.309,33.467],[126.329,33.47],[126.352,33.475],[126.377,33.486],[126.4,33.484],[126.426,33.496],[126.45,33.499],[126.481,33.51],[126.526,33.513],[126.558,33.523],[126.585,33.527],[126.608,33.536],[126.633,33.538],[126.655,33.552],[126.677,33.553],[126.696,33.554],[126.717,33.555],[126.743,33.557],[126.762,33.567],[126.784,33.565],[126.802,33.559],[126.826,33.556],[126.842,33.534],[126.861,33.525],[126.883,33.527],[126.905,33.521],[126.91,33.495],[126.913,33.473],[126.917,33.453],[126.932,33.473],[126.94,33.455],[126.936,33.428],[126.915,33.433],[126.903,33.403],[126.882,33.384],[126.868,33.363],[126.855,33.339],[126.835,33.328],[126.826,33.306],[126.789,33.304],[126.765,33.299],[126.741,33.279],[126.722,33.276],[126.695,33.27],[126.676,33.268],[126.644,33.267],[126.619,33.25],[126.593,33.236],[126.569,33.245],[126.548,33.241],[126.521,33.242],[126.497,33.23],[126.468,33.228],[126.431,33.235],[126.407,33.245],[126.37,33.232],[126.337,33.237],[126.318,33.24],[126.297,33.223],[126.294,33.197],[126.271,33.195],[126.251,33.22],[126.228,33.241],[126.208,33.245],[126.183,33.26],[126.161,33.291]]]}},{"type":"Feature","properties":{},"geometry":{"type":"Polygon","coordinates":[[[95.999,2.788],[96.026,2.76],[96.063,2.764],[96.082,2.76],[96.103,2.756],[96.127,2.742],[96.104,2.746],[96.086,2.756],[96.08,2.737],[96.11,2.74],[96.13,2.732],[96.11,2.728],[96.121,2.709],[96.141,2.714],[96.145,2.695],[96.125,2.685],[96.099,2.679],[96.1,2.659],[96.105,2.64],[96.125,2.645],[96.146,2.649],[96.171,2.637],[96.182,2.619],[96.18,2.639],[96.18,2.658],[96.161,2.67],[96.184,2.663],[96.203,2.65],[96.225,2.631],[96.238,2.61],[96.25,2.59],[96.269,2.583],[96.299,2.565],[96.32,2.565],[96.342,2.56],[96.342,2.542],[96.35,2.522],[96.369,2.517],[96.37,2.496],[96.379,2.477],[96.398,2.469],[96.391,2.497],[96.4,2.518],[96.412,2.493],[96.443,2.482],[96.462,2.467],[96.463,2.444],[96.474,2.426],[96.485,2.407],[96.487,2.385],[96.481,2.359],[96.462,2.349],[96.432,2.334],[96.407,2.336],[96.384,2.355],[96.362,2.344],[96.332,2.355],[96.312,2.367],[96.33,2.377],[96.328,2.395],[96.315,2.416],[96.283,2.432],[96.24,2.445],[96.221,2.459],[96.201,2.474],[96.177,2.489],[96.158,2.503],[96.137,2.516],[96.122,2.535],[96.085,2.558],[96.062,2.573],[96.017,2.587],[95.993,2.568],[95.974,2.59],[95.954,2.577],[95.932,2.58],[95.915,2.598],[95.89,2.6],[95.885,2.622],[95.861,2.637],[95.84,2.636],[95.815,2.649],[95.802,2.63],[95.787,2.652],[95.79,2.675],[95.768,2.692],[95.764,2.713],[95.75,2.732],[95.722,2.744],[95.726,2.767],[95.702,2.749],[95.691,2.775],[95.707,2.802],[95.72,2.829],[95.739,2.83],[95.76,2.825],[95.778,2.823],[95.794,2.844],[95.764,2.852],[95.765,2.882],[95.769,2.902],[95.786,2.927],[95.805,2.933],[95.804,2.911],[95.827,2.911],[95.837,2.89],[95.836,2.915],[95.856,2.915],[95.875,2.915],[95.894,2.903],[95.918,2.871],[95.913,2.849],[95.894,2.864],[95.875,2.871],[95.868,2.851],[95.888,2.844],[95.903,2.825],[95.917,2.847],[95.932,2.827],[95.952,2.823],[95.975,2.814],[95.989,2.788],[95.999,2.788]]]}},{"type":"Feature","properties":{},"geometry":{"type":"Polygon","coordinates":[[[26.287,39.0],[26.248,39.012],[26.211,39.018],[26.183,39.016],[26.144,39.027],[26.118,39.063],[26.087,39.071],[26.106,39.094],[26.127,39.088],[26.146,39.095],[26.17,39.102],[26.187,39.125],[26.208,39.133],[26.232,39.139],[26.254,39.15],[26.29,39.158],[26.296,39.18],[26.246,39.205],[26.222,39.201],[26.202,39.205],[26.17,39.195],[26.155,39.157],[26.137,39.138],[26.115,39.118],[26.097,39.106],[26.084,39.088],[26.066,39.086],[26.024,39.098],[25.993,39.107],[25.966,39.103],[25.943,39.118],[25.91,39.139],[25.89,39.147],[25.867,39.166],[25.843,39.174],[25.849,39.197],[25.856,39.22],[25.862,39.241],[25.874,39.271],[25.892,39.278],[25.922,39.295],[25.953,39.275],[25.976,39.285],[25.997,39.278],[26.02,39.291],[26.038,39.288],[26.071,39.295],[26.094,39.303],[26.114,39.305],[26.133,39.315],[26.153,39.322],[26.18,39.33],[26.175,39.364],[26.198,39.374],[26.227,39.383],[26.254,39.378],[26.32,39.374],[26.339,39.388],[26.357,39.377],[26.358,39.358],[26.383,39.343],[26.408,39.341],[26.427,39.328],[26.405,39.308],[26.39,39.287],[26.409,39.261],[26.432,39.25],[26.451,39.239],[26.477,39.224],[26.49,39.202],[26.501,39.18],[26.53,39.171],[26.532,39.141],[26.552,39.119],[26.558,39.097],[26.595,39.07],[26.614,39.045],[26.616,39.018],[26.59,39.009],[26.562,39.018],[26.544,39.016],[26.522,39.037],[26.516,39.06],[26.53,39.081],[26.501,39.11],[26.477,39.118],[26.453,39.111],[26.451,39.082],[26.492,39.06],[26.52,39.028],[26.533,39.009],[26.544,38.99],[26.517,38.97],[26.492,38.977],[26.466,38.971],[26.419,38.961],[26.398,38.962],[26.363,38.976],[26.327,38.976],[26.302,38.993],[26.287,39.0]]]}},{"type":"Feature","properties":{},"geometry":{"type":"Polygon","coordinates":[[[108.356,3.999],[108.376,3.994],[108.394,3.976],[108.395,3.953],[108.394,3.923],[108.389,3.905],[108.369,3.91],[108.357,3.887],[108.379,3.887],[108.378,3.867],[108.396,3.887],[108.401,3.868],[108.397,3.833],[108.389,3.802],[108.367,3.792],[108.352,3.771],[108.327,3.754],[108.305,3.722],[108.31,3.678],[108.281,3.671],[108.235,3.67],[108.212,3.671],[108.191,3.65],[108.171,3.649],[108.152,3.646],[108.147,3.666],[108.124,3.683],[108.093,3.685],[108.104,3.704],[108.115,3.726],[108.124,3.744],[108.147,3.758],[108.177,3.78],[108.2,3.789],[108.252,3.745],[108.275,3.719],[108.27,3.742],[108.252,3.767],[108.228,3.79],[108.238,3.81],[108.205,3.802],[108.171,3.814],[108.147,3.82],[108.129,3.83],[108.096,3.829],[108.064,3.842],[108.045,3.875],[108.02,3.892],[108.03,3.913],[108.003,3.935],[107.995,3.956],[107.995,3.985],[107.99,4.008],[107.968,4.007],[107.997,4.028],[108.027,4.065],[108.06,4.066],[108.083,4.093],[108.094,4.115],[108.127,4.133],[108.154,4.153],[108.178,4.176],[108.194,4.204],[108.203,4.225],[108.222,4.24],[108.242,4.231],[108.236,4.212],[108.234,4.185],[108.235,4.158],[108.252,4.13],[108.265,4.106],[108.292,4.093],[108.297,4.067],[108.348,4.025],[108.349,4.004],[108.356,3.999]]]}},{"type":"Feature","properties":{},"geometry":{"type":"Polygon","coordinates":[[[102.745,0.998],[102.713,0.965],[102.694,0.957],[102.719,0.963],[102.75,0.994],[102.754,1.015],[102.78,1.007],[102.792,0.982],[102.826,0.974],[102.874,0.956],[102.915,0.922],[102.938,0.891],[103.013,0.85],[103.046,0.824],[103.057,0.787],[103.05,0.762],[103.05,0.722],[103.036,0.703],[103.017,0.685],[102.99,0.69],[102.97,0.723],[102.95,0.74],[102.933,0.762],[102.915,0.774],[102.884,0.781],[102.861,0.79],[102.832,0.792],[102.745,0.787],[102.711,0.791],[102.672,0.79],[102.634,0.784],[102.596,0.768],[102.576,0.765],[102.553,0.77],[102.52,0.781],[102.446,0.818],[102.425,0.834],[102.406,0.861],[102.403,0.885],[102.432,0.921],[102.466,0.93],[102.488,0.933],[102.483,1.0],[102.479,1.029],[102.462,1.057],[102.457,1.075],[102.483,1.143],[102.509,1.141],[102.54,1.131],[102.566,1.106],[102.608,1.062],[102.608,1.042],[102.604,1.023],[102.611,1.0],[102.635,0.99],[102.663,0.996],[102.728,1.03],[102.747,1.01],[102.745,0.998]]]}},{"type":"Feature","properties":{},"geometry":{"type":"Polygon","coordinates":[[[39.38,-6.001],[39.401,-6.027],[39.404,-6.046],[39.423,-6.06],[39.424,-6.088],[39.426,-6.117],[39.423,-6.137],[39.435,-6.159],[39.42,-6.182],[39.442,-6.182],[39.454,-6.205],[39.463,-6.184],[39.483,-6.195],[39.503,-6.202],[39.5,-6.173],[39.493,-6.15],[39.488,-6.128],[39.508,-6.13],[39.534,-6.189],[39.531,-6.23],[39.535,-6.258],[39.535,-6.286],[39.552,-6.338],[39.567,-6.369],[39.578,-6.392],[39.565,-6.433],[39.527,-6.473],[39.488,-6.478],[39.463,-6.451],[39.45,-6.415],[39.431,-6.381],[39.428,-6.348],[39.409,-6.322],[39.416,-6.303],[39.39,-6.315],[39.415,-6.354],[39.408,-6.379],[39.389,-6.367],[39.378,-6.338],[39.377,-6.319],[39.35,-6.299],[39.334,-6.271],[39.315,-6.251],[39.292,-6.239],[39.3,-6.259],[39.276,-6.259],[39.284,-6.283],[39.297,-6.307],[39.277,-6.322],[39.255,-6.296],[39.247,-6.276],[39.223,-6.256],[39.206,-6.236],[39.201,-6.217],[39.205,-6.194],[39.182,-6.164],[39.204,-6.155],[39.212,-6.134],[39.212,-6.108],[39.21,-6.078],[39.2,-6.054],[39.201,-6.035],[39.182,-5.998],[39.183,-5.97],[39.18,-5.951],[39.181,-5.913],[39.2,-5.912],[39.204,-5.943],[39.204,-5.921],[39.219,-5.903],[39.232,-5.881],[39.274,-5.866],[39.282,-5.835],[39.29,-5.804],[39.288,-5.782],[39.286,-5.757],[39.29,-5.732],[39.322,-5.746],[39.342,-5.776],[39.355,-5.801],[39.36,-5.833],[39.352,-5.878],[39.355,-5.923],[39.38,-6.001]]]}},{"type":"Feature","properties":{},"geometry":{"type":"Polygon","coordinates":[[[101.769,2.0],[101.78,1.98],[101.783,1.944],[101.764,1.937],[101.767,1.916],[101.748,1.883],[101.745,1.833],[101.737,1.791],[101.73,1.772],[101.709,1.752],[101.677,1.74],[101.64,1.715],[101.61,1.694],[101.529,1.706],[101.479,1.724],[101.457,1.728],[101.438,1.769],[101.426,1.787],[101.421,1.822],[101.411,1.854],[101.386,1.901],[101.384,1.923],[101.393,1.944],[101.392,1.985],[101.391,2.009],[101.413,2.048],[101.434,2.063],[101.459,2.074],[101.502,2.058],[101.513,2.033],[101.543,2.047],[101.568,2.042],[101.57,2.075],[101.585,2.093],[101.608,2.11],[101.632,2.115],[101.656,2.132],[101.705,2.103],[101.712,2.084],[101.724,2.052],[101.766,2.01],[101.769,2.0]]]}},{"type":"Feature","properties":{},"geometry":{"type":"Polygon","coordinates":[[[92.694,12.604],[92.713,12.615],[92.724,12.643],[92.732,12.623],[92.742,12.644],[92.752,12.665],[92.774,12.664],[92.789,12.634],[92.792,12.654],[92.796,12.683],[92.795,12.703],[92.78,12.671],[92.757,12.669],[92.739,12.689],[92.746,12.714],[92.739,12.763],[92.731,12.787],[92.73,12.822],[92.749,12.81],[92.749,12.832],[92.767,12.835],[92.788,12.825],[92.791,12.85],[92.801,12.879],[92.827,12.895],[92.857,12.891],[92.884,12.883],[92.904,12.895],[92.905,12.922],[92.929,12.91],[92.917,12.892],[92.937,12.884],[92.938,12.865],[92.947,12.836],[92.963,12.807],[92.941,12.773],[92.97,12.752],[92.974,12.721],[92.975,12.702],[92.977,12.672],[92.973,12.65],[92.968,12.622],[92.949,12.616],[92.967,12.614],[92.971,12.59],[92.975,12.572],[92.989,12.538],[92.987,12.52],[92.976,12.501],[92.974,12.48],[92.954,12.479],[92.932,12.463],[92.953,12.462],[92.94,12.444],[92.933,12.422],[92.922,12.402],[92.898,12.44],[92.872,12.456],[92.85,12.47],[92.88,12.444],[92.907,12.419],[92.888,12.41],[92.87,12.42],[92.849,12.425],[92.825,12.432],[92.815,12.452],[92.809,12.433],[92.84,12.423],[92.851,12.401],[92.861,12.376],[92.872,12.357],[92.9,12.346],[92.875,12.332],[92.896,12.328],[92.872,12.311],[92.841,12.305],[92.816,12.314],[92.797,12.31],[92.772,12.298],[92.752,12.298],[92.727,12.303],[92.708,12.323],[92.71,12.361],[92.714,12.387],[92.71,12.408],[92.713,12.431],[92.715,12.452],[92.718,12.492],[92.702,12.513],[92.71,12.535],[92.716,12.557],[92.71,12.588],[92.694,12.604]]]}},{"type":"Feature","properties":{},"geometry":{"type":"Polygon","coordinates":[[[124.28,13.999],[124.278,13.979],[124.283,13.947],[124.306,13.934],[124.318,13.911],[124.329,13.935],[124.349,13.94],[124.354,13.921],[124.362,13.899],[124.384,13.894],[124.387,13.874],[124.391,13.894],[124.408,13.872],[124.42,13.85],[124.399,13.84],[124.412,13.819],[124.415,13.798],[124.392,13.78],[124.402,13.759],[124.399,13.741],[124.39,13.722],[124.39,13.702],[124.409,13.687],[124.414,13.666],[124.387,13.655],[124.366,13.658],[124.342,13.643],[124.344,13.624],[124.346,13.6],[124.344,13.574],[124.325,13.559],[124.312,13.587],[124.287,13.594],[124.262,13.595],[124.237,13.583],[124.216,13.568],[124.205,13.544],[124.213,13.523],[124.19,13.52],[124.171,13.532],[124.145,13.559],[124.122,13.58],[124.098,13.595],[124.076,13.605],[124.053,13.598],[124.055,13.619],[124.037,13.643],[124.021,13.665],[124.043,13.675],[124.062,13.695],[124.085,13.7],[124.104,13.728],[124.12,13.754],[124.126,13.783],[124.131,13.815],[124.131,13.84],[124.135,13.865],[124.126,13.887],[124.136,13.91],[124.145,13.932],[124.126,13.975],[124.129,14.002],[124.126,14.034],[124.124,14.052],[124.153,14.054],[124.174,14.06],[124.185,14.082],[124.205,14.105],[124.215,14.082],[124.235,14.06],[124.251,14.04],[124.259,14.022],[124.28,13.999]]]}},{"type":"Feature","properties":{},"geometry":{"type":"Polygon","coordinates":[[[55.997,26.732],[55.978,26.723],[55.957,26.696],[55.926,26.684],[55.909,26.71],[55.89,26.728],[55.871,26.735],[55.826,26.72],[55.796,26.696],[55.76,26.68],[55.738,26.68],[55.713,26.686],[55.695,26.686],[55.646,26.654],[55.619,26.64],[55.597,26.639],[55.575,26.628],[55.535,26.618],[55.494,26.593],[55.467,26.595],[55.415,26.576],[55.368,26.566],[55.348,26.572],[55.32,26.556],[55.3,26.55],[55.27,26.567],[55.279,26.613],[55.272,26.632],[55.261,26.656],[55.283,26.66],[55.303,26.652],[55.324,26.648],[55.355,26.646],[55.383,26.661],[55.412,26.675],[55.43,26.673],[55.466,26.685],[55.49,26.7],[55.521,26.703],[55.548,26.707],[55.575,26.723],[55.595,26.732],[55.617,26.74],[55.633,26.759],[55.652,26.772],[55.678,26.78],[55.7,26.769],[55.723,26.777],[55.745,26.776],[55.765,26.785],[55.777,26.805],[55.797,26.804],[55.796,26.824],[55.802,26.846],[55.778,26.836],[55.774,26.855],[55.774,26.876],[55.73,26.927],[55.752,26.953],[55.791,26.945],[55.842,26.91],[55.876,26.898],[55.903,26.905],[55.925,26.91],[55.95,26.916],[55.961,26.937],[55.983,26.948],[56.019,26.952],[56.037,26.96],[56.059,26.965],[56.08,26.973],[56.098,26.984],[56.132,26.985],[56.153,26.983],[56.173,26.991],[56.192,26.983],[56.21,26.996],[56.234,26.982],[56.278,26.963],[56.282,26.943],[56.262,26.926],[56.201,26.921],[56.172,26.909],[56.158,26.888],[56.155,26.869],[56.141,26.841],[56.119,26.83],[56.098,26.811],[56.087,26.789],[56.057,26.771],[56.034,26.757],[56.012,26.744],[55.997,26.732]]]}},{"type":"Feature","properties":{},"geometry":{"type":"Polygon","coordinates":[[[27.915,35.998],[27.894,35.96],[27.872,35.944],[27.85,35.925],[27.819,35.908],[27.798,35.89],[27.777,35.889],[27.751,35.877],[27.77,35.893],[27.749,35.91],[27.73,35.936],[27.75,36.001],[27.756,36.022],[27.761,36.065],[27.76,36.097],[27.738,36.104],[27.711,36.114],[27.715,36.135],[27.688,36.147],[27.717,36.165],[27.736,36.17],[27.767,36.188],[27.788,36.217],[27.79,36.242],[27.805,36.27],[27.827,36.272],[27.86,36.296],[27.878,36.322],[27.898,36.334],[27.961,36.352],[27.983,36.367],[28.007,36.374],[28.054,36.399],[28.1,36.412],[28.152,36.425],[28.182,36.42],[28.223,36.46],[28.241,36.439],[28.233,36.419],[28.238,36.394],[28.225,36.37],[28.209,36.349],[28.218,36.328],[28.193,36.308],[28.168,36.259],[28.16,36.232],[28.142,36.209],[28.141,36.189],[28.116,36.182],[28.098,36.167],[28.076,36.14],[28.07,36.107],[28.102,36.104],[28.092,36.081],[28.088,36.053],[28.067,36.063],[28.044,36.076],[28.017,36.075],[27.997,36.066],[27.969,36.047],[27.947,36.04],[27.915,35.998]]]}},{"type":"Feature","properties":{},"geometry":{"type":"Polygon","coordinates":[[[92.83,12.999],[92.807,13.003],[92.8,13.027],[92.805,13.072],[92.814,13.093],[92.833,13.112],[92.827,13.13],[92.85,13.12],[92.857,13.139],[92.838,13.138],[92.817,13.145],[92.823,13.167],[92.842,13.171],[92.828,13.196],[92.835,13.218],[92.841,13.24],[92.862,13.236],[92.852,13.255],[92.83,13.267],[92.831,13.286],[92.85,13.297],[92.83,13.307],[92.833,13.326],[92.842,13.363],[92.864,13.363],[92.88,13.385],[92.852,13.388],[92.857,13.409],[92.875,13.4],[92.878,13.418],[92.89,13.438],[92.883,13.459],[92.902,13.472],[92.91,13.496],[92.938,13.494],[92.919,13.504],[92.941,13.521],[92.963,13.538],[92.982,13.53],[92.993,13.552],[93.015,13.561],[93.022,13.541],[93.028,13.566],[93.053,13.526],[93.054,13.496],[93.048,13.475],[93.029,13.457],[93.042,13.431],[93.015,13.427],[93.044,13.421],[93.053,13.402],[93.075,13.4],[93.06,13.376],[93.078,13.345],[93.096,13.336],[93.078,13.305],[93.068,13.325],[93.048,13.318],[93.054,13.341],[93.026,13.344],[92.998,13.332],[92.979,13.342],[92.973,13.323],[93.006,13.309],[93.001,13.285],[93.009,13.307],[93.028,13.292],[93.021,13.273],[93.04,13.272],[93.062,13.258],[93.063,13.239],[93.056,13.22],[93.049,13.19],[93.049,13.169],[93.049,13.142],[93.04,13.119],[93.046,13.081],[93.041,13.057],[93.023,13.043],[93.015,13.024],[92.994,13.021],[92.975,13.024],[92.944,13.035],[92.952,13.055],[92.942,13.076],[92.95,13.096],[92.942,13.061],[92.923,13.065],[92.908,13.085],[92.918,13.065],[92.897,13.045],[92.921,13.042],[92.916,13.022],[92.914,12.997],[92.939,12.987],[92.947,12.967],[92.92,12.945],[92.912,12.97],[92.906,12.991],[92.89,12.969],[92.884,12.949],[92.874,12.93],[92.869,12.907],[92.879,12.883],[92.857,12.895],[92.839,12.895],[92.812,12.896],[92.804,12.927],[92.8,12.948],[92.807,12.967],[92.808,12.99],[92.827,12.983],[92.83,12.999]]]}},{"type":"Feature","properties":{},"geometry":{"type":"Polygon","coordinates":[[[92.772,11.998],[92.752,11.996],[92.744,11.974],[92.724,11.959],[92.728,11.936],[92.733,11.9],[92.752,11.93],[92.776,11.934],[92.795,11.929],[92.794,11.9],[92.795,11.87],[92.795,11.846],[92.785,11.827],[92.783,11.807],[92.776,11.776],[92.774,11.755],[92.763,11.728],[92.764,11.699],[92.745,11.689],[92.723,11.7],[92.698,11.692],[92.711,11.671],[92.693,11.646],[92.675,11.65],[92.676,11.63],[92.697,11.615],[92.71,11.637],[92.731,11.649],[92.726,11.673],[92.745,11.672],[92.76,11.652],[92.741,11.632],[92.76,11.623],[92.755,11.597],[92.753,11.575],[92.74,11.557],[92.743,11.537],[92.731,11.515],[92.72,11.474],[92.709,11.5],[92.681,11.506],[92.656,11.515],[92.652,11.534],[92.65,11.553],[92.642,11.575],[92.619,11.59],[92.615,11.614],[92.637,11.62],[92.64,11.638],[92.617,11.628],[92.61,11.653],[92.607,11.682],[92.601,11.702],[92.582,11.713],[92.574,11.69],[92.567,11.717],[92.56,11.737],[92.559,11.761],[92.558,11.783],[92.559,11.807],[92.56,11.831],[92.532,11.822],[92.521,11.843],[92.529,11.863],[92.534,11.889],[92.542,11.908],[92.562,11.918],[92.572,11.94],[92.591,11.919],[92.594,11.901],[92.614,11.868],[92.615,11.847],[92.617,11.872],[92.622,11.899],[92.615,11.919],[92.621,11.945],[92.623,11.966],[92.622,11.984],[92.62,12.012],[92.629,12.034],[92.631,12.06],[92.627,12.095],[92.634,12.116],[92.64,12.136],[92.669,12.209],[92.675,12.187],[92.679,12.207],[92.695,12.226],[92.717,12.217],[92.715,12.196],[92.717,12.174],[92.742,12.181],[92.76,12.179],[92.751,12.118],[92.74,12.099],[92.744,12.081],[92.747,12.055],[92.722,12.051],[92.745,12.05],[92.765,12.052],[92.797,12.052],[92.784,12.027],[92.764,12.022],[92.743,12.03],[92.757,12.009],[92.772,11.998]]]}},{"type":"Feature","properties":{},"geometry":{"type":"Polygon","coordinates":[[[123.206,-8.532],[123.22,-8.512],[123.248,-8.499],[123.27,-8.485],[123.294,-8.47],[123.338,-8.406],[123.357,-8.397],[123.375,-8.393],[123.392,-8.374],[123.411,-8.375],[123.434,-8.371],[123.458,-8.353],[123.462,-8.326],[123.435,-8.304],[123.417,-8.297],[123.398,-8.306],[123.374,-8.305],[123.353,-8.307],[123.365,-8.288],[123.387,-8.265],[123.408,-8.256],[123.428,-8.272],[123.448,-8.273],[123.47,-8.269],[123.484,-8.249],[123.541,-8.24],[123.56,-8.247],[123.551,-8.275],[123.535,-8.298],[123.518,-8.318],[123.503,-8.344],[123.503,-8.364],[123.537,-8.371],[123.555,-8.374],[123.582,-8.363],[123.599,-8.336],[123.578,-8.321],[123.577,-8.298],[123.607,-8.292],[123.6,-8.314],[123.635,-8.296],[123.63,-8.276],[123.628,-8.248],[123.606,-8.242],[123.607,-8.223],[123.633,-8.219],[123.652,-8.221],[123.655,-8.245],[123.677,-8.257],[123.7,-8.257],[123.695,-8.229],[123.718,-8.215],[123.75,-8.196],[123.765,-8.178],[123.787,-8.174],[123.814,-8.194],[123.841,-8.206],[123.85,-8.227],[123.901,-8.215],[123.925,-8.248],[123.888,-8.266],[123.865,-8.278],[123.847,-8.277],[123.823,-8.279],[123.793,-8.275],[123.773,-8.287],[123.739,-8.326],[123.731,-8.353],[123.711,-8.379],[123.701,-8.403],[123.676,-8.432],[123.654,-8.43],[123.651,-8.408],[123.624,-8.41],[123.602,-8.436],[123.568,-8.46],[123.556,-8.478],[123.585,-8.512],[123.594,-8.537],[123.58,-8.56],[123.553,-8.573],[123.533,-8.574],[123.513,-8.546],[123.499,-8.523],[123.464,-8.535],[123.445,-8.556],[123.426,-8.578],[123.406,-8.586],[123.385,-8.582],[123.35,-8.56],[123.344,-8.541],[123.321,-8.53],[123.302,-8.541],[123.263,-8.546],[123.243,-8.54],[123.225,-8.558],[123.206,-8.532]]]}},{"type":"Feature","properties":{},"geometry":{"type":"Polygon","coordinates":[[[121.999,6.744],[122.025,6.75],[122.045,6.751],[122.072,6.753],[122.095,6.718],[122.114,6.725],[122.136,6.718],[122.137,6.692],[122.144,6.672],[122.171,6.667],[122.189,6.673],[122.222,6.665],[122.258,6.647],[122.302,6.648],[122.323,6.635],[122.326,6.617],[122.315,6.598],[122.282,6.595],[122.262,6.591],[122.243,6.596],[122.225,6.592],[122.208,6.572],[122.2,6.532],[122.198,6.503],[122.192,6.478],[122.188,6.46],[122.166,6.455],[122.147,6.45],[122.122,6.44],[122.091,6.435],[122.062,6.419],[122.019,6.411],[121.999,6.414],[121.972,6.418],[121.95,6.418],[121.944,6.445],[121.921,6.449],[121.906,6.469],[121.894,6.496],[121.873,6.502],[121.865,6.528],[121.865,6.547],[121.87,6.567],[121.852,6.591],[121.829,6.585],[121.807,6.598],[121.801,6.618],[121.8,6.644],[121.812,6.663],[121.834,6.685],[121.867,6.677],[121.893,6.665],[121.918,6.678],[121.942,6.681],[121.951,6.7],[121.979,6.72],[121.99,6.739],[121.999,6.744]]]}},{"type":"Feature","properties":{},"geometry":{"type":"Polygon","coordinates":[[[123.0,-10.856],[122.973,-10.86],[122.946,-10.878],[122.967,-10.9],[122.944,-10.9],[122.925,-10.91],[122.907,-10.919],[122.887,-10.908],[122.867,-10.911],[122.855,-10.933],[122.83,-10.926],[122.817,-10.896],[122.83,-10.867],[122.82,-10.838],[122.81,-10.816],[122.81,-10.783],[122.832,-10.784],[122.853,-10.757],[122.876,-10.751],[122.895,-10.747],[122.918,-10.744],[122.938,-10.734],[122.964,-10.74],[122.986,-10.729],[123.02,-10.733],[123.046,-10.724],[123.062,-10.701],[123.09,-10.677],[123.113,-10.66],[123.148,-10.655],[123.172,-10.636],[123.183,-10.598],[123.213,-10.591],[123.231,-10.6],[123.207,-10.578],[123.226,-10.564],[123.244,-10.533],[123.262,-10.515],[123.284,-10.514],[123.322,-10.498],[123.346,-10.48],[123.365,-10.477],[123.369,-10.454],[123.371,-10.43],[123.4,-10.454],[123.42,-10.472],[123.397,-10.474],[123.378,-10.488],[123.387,-10.509],[123.379,-10.531],[123.36,-10.533],[123.357,-10.554],[123.376,-10.562],[123.371,-10.58],[123.347,-10.59],[123.369,-10.604],[123.399,-10.61],[123.42,-10.614],[123.428,-10.639],[123.425,-10.66],[123.406,-10.668],[123.399,-10.688],[123.379,-10.692],[123.347,-10.687],[123.315,-10.701],[123.298,-10.72],[123.269,-10.729],[123.249,-10.74],[123.241,-10.763],[123.225,-10.803],[123.224,-10.824],[123.203,-10.822],[123.184,-10.834],[123.159,-10.816],[123.127,-10.812],[123.101,-10.829],[123.088,-10.853],[123.058,-10.86],[123.022,-10.857],[123.0,-10.856]]]}},{"type":"Feature","properties":{},"geometry":{"type":"Polygon","coordinates":[[[125.998,-1.794],[126.064,-1.798],[126.129,-1.809],[126.161,-1.805],[126.181,-1.808],[126.202,-1.804],[126.228,-1.816],[126.252,-1.813],[126.28,-1.818],[126.302,-1.818],[126.326,-1.815],[126.344,-1.81],[126.325,-1.839],[126.306,-1.845],[126.275,-1.855],[126.249,-1.877],[126.219,-1.867],[126.191,-1.873],[126.146,-1.889],[126.104,-1.88],[126.082,-1.881],[126.05,-1.887],[126.032,-1.893],[125.997,-1.909],[125.971,-1.919],[125.952,-1.917],[125.92,-1.937],[125.876,-1.909],[125.85,-1.895],[125.824,-1.897],[125.801,-1.911],[125.78,-1.925],[125.761,-1.928],[125.729,-1.929],[125.687,-1.927],[125.628,-1.93],[125.599,-1.927],[125.579,-1.928],[125.561,-1.935],[125.528,-1.949],[125.502,-1.938],[125.478,-1.941],[125.455,-1.95],[125.433,-1.954],[125.442,-1.931],[125.438,-1.905],[125.429,-1.885],[125.405,-1.878],[125.386,-1.869],[125.37,-1.847],[125.359,-1.883],[125.332,-1.877],[125.327,-1.857],[125.325,-1.833],[125.345,-1.813],[125.366,-1.812],[125.364,-1.783],[125.39,-1.785],[125.41,-1.778],[125.411,-1.798],[125.442,-1.799],[125.456,-1.779],[125.482,-1.78],[125.474,-1.802],[125.496,-1.807],[125.516,-1.818],[125.524,-1.799],[125.545,-1.795],[125.565,-1.803],[125.588,-1.805],[125.615,-1.82],[125.641,-1.83],[125.667,-1.826],[125.688,-1.821],[125.715,-1.817],[125.738,-1.812],[125.762,-1.807],[125.78,-1.808],[125.807,-1.811],[125.828,-1.801],[125.848,-1.805],[125.872,-1.806],[125.906,-1.795],[125.944,-1.795],[125.986,-1.793],[125.998,-1.794]]]}},{"type":"Feature","properties":{},"geometry":{"type":"Polygon","coordinates":[[[104.448,1.0],[104.457,1.018],[104.478,1.025],[104.497,1.039],[104.476,1.038],[104.46,1.059],[104.436,1.058],[104.417,1.059],[104.407,1.038],[104.385,1.026],[104.367,1.022],[104.344,1.035],[104.34,1.001],[104.319,0.999],[104.262,0.999],[104.232,1.023],[104.24,1.042],[104.219,1.069],[104.221,1.093],[104.249,1.125],[104.295,1.135],[104.333,1.142],[104.328,1.162],[104.315,1.182],[104.333,1.185],[104.353,1.19],[104.375,1.185],[104.384,1.204],[104.411,1.209],[104.445,1.193],[104.463,1.19],[104.491,1.181],[104.517,1.176],[104.54,1.185],[104.565,1.205],[104.55,1.223],[104.573,1.235],[104.593,1.212],[104.588,1.175],[104.587,1.157],[104.606,1.138],[104.636,1.118],[104.649,1.084],[104.661,1.062],[104.666,1.038],[104.653,1.007],[104.636,0.986],[104.648,0.967],[104.641,0.944],[104.663,0.941],[104.663,0.917],[104.628,0.903],[104.614,0.878],[104.613,0.858],[104.611,0.835],[104.596,0.807],[104.559,0.812],[104.533,0.825],[104.497,0.837],[104.476,0.85],[104.488,0.869],[104.472,0.892],[104.452,0.898],[104.441,0.918],[104.463,0.926],[104.484,0.927],[104.464,0.936],[104.445,0.942],[104.423,0.95],[104.416,0.972],[104.44,0.977],[104.463,0.982],[104.442,0.997],[104.448,1.0]]]}},{"type":"Feature","properties":{},"geometry":{"type":"Polygon","coordinates":[[[127.997,26.51],[128.002,26.483],[127.973,26.469],[127.955,26.473],[127.948,26.454],[127.919,26.446],[127.901,26.448],[127.867,26.455],[127.842,26.432],[127.842,26.407],[127.88,26.381],[127.875,26.358],[127.892,26.338],[127.916,26.322],[127.925,26.301],[127.897,26.305],[127.878,26.323],[127.866,26.342],[127.835,26.328],[127.831,26.309],[127.812,26.298],[127.819,26.279],[127.8,26.265],[127.79,26.232],[127.773,26.214],[127.772,26.192],[127.777,26.173],[127.797,26.185],[127.823,26.19],[127.831,26.166],[127.805,26.147],[127.775,26.133],[127.747,26.116],[127.73,26.097],[127.706,26.09],[127.687,26.08],[127.66,26.08],[127.661,26.103],[127.667,26.131],[127.672,26.149],[127.654,26.17],[127.636,26.198],[127.656,26.215],[127.675,26.207],[127.693,26.193],[127.668,26.21],[127.681,26.237],[127.692,26.256],[127.718,26.27],[127.742,26.28],[127.758,26.302],[127.758,26.321],[127.748,26.342],[127.742,26.361],[127.716,26.409],[127.72,26.433],[127.74,26.423],[127.762,26.432],[127.784,26.44],[127.805,26.444],[127.817,26.464],[127.837,26.48],[127.844,26.505],[127.864,26.505],[127.887,26.501],[127.909,26.52],[127.935,26.538],[127.957,26.547],[127.979,26.562],[127.982,26.587],[127.962,26.591],[127.934,26.604],[127.905,26.602],[127.88,26.643],[127.886,26.677],[127.88,26.701],[127.904,26.699],[127.934,26.703],[127.956,26.708],[127.975,26.688],[128.009,26.687],[127.992,26.652],[128.007,26.631],[128.027,26.628],[128.052,26.635],[128.072,26.645],[128.096,26.662],[128.101,26.683],[128.117,26.704],[128.139,26.707],[128.161,26.724],[128.153,26.747],[128.182,26.75],[128.194,26.769],[128.224,26.791],[128.244,26.828],[128.252,26.852],[128.258,26.876],[128.282,26.857],[128.301,26.848],[128.306,26.828],[128.319,26.807],[128.327,26.783],[128.321,26.759],[128.323,26.74],[128.306,26.721],[128.293,26.702],[128.277,26.675],[128.259,26.659],[128.234,26.63],[128.182,26.624],[128.147,26.63],[128.155,26.61],[128.128,26.601],[128.144,26.574],[128.138,26.553],[128.109,26.551],[128.065,26.552],[128.042,26.549],[128.048,26.528],[128.029,26.511],[128.009,26.514],[127.997,26.51]]]}},{"type":"Feature","properties":{},"geometry":{"type":"Polygon","coordinates":[[[102.281,0.995],[102.233,1.108],[102.247,1.174],[102.245,1.202],[102.234,1.232],[102.21,1.264],[102.204,1.297],[102.217,1.318],[102.226,1.344],[102.223,1.376],[102.205,1.407],[102.241,1.419],[102.272,1.426],[102.291,1.42],[102.319,1.386],[102.36,1.35],[102.425,1.296],[102.478,1.251],[102.487,1.207],[102.461,1.164],[102.461,1.14],[102.437,1.076],[102.45,1.043],[102.466,1.018],[102.473,0.981],[102.483,0.957],[102.448,0.951],[102.426,0.941],[102.417,0.922],[102.393,0.915],[102.35,0.939],[102.331,0.963],[102.281,0.995]]]}},{"type":"Feature","properties":{},"geometry":{"type":"Polygon","coordinates":[[[121.149,31.785],[121.169,31.804],[121.195,31.817],[121.228,31.84],[121.277,31.851],[121.304,31.852],[121.351,31.842],[121.378,31.827],[121.397,31.811],[121.432,31.755],[121.454,31.744],[121.483,31.736],[121.507,31.724],[121.532,31.713],[121.57,31.688],[121.584,31.665],[121.606,31.655],[121.643,31.643],[121.71,31.622],[121.749,31.602],[121.78,31.581],[121.816,31.57],[121.841,31.57],[121.874,31.56],[121.892,31.536],[121.88,31.493],[121.859,31.475],[121.825,31.46],[121.753,31.477],[121.728,31.486],[121.693,31.504],[121.652,31.517],[121.629,31.522],[121.597,31.521],[121.566,31.542],[121.541,31.548],[121.491,31.579],[121.466,31.585],[121.445,31.597],[121.412,31.614],[121.38,31.62],[121.346,31.643],[121.315,31.662],[121.295,31.683],[121.257,31.712],[121.233,31.721],[121.213,31.721],[121.192,31.745],[121.149,31.785]]]}},{"type":"Feature","properties":{},"geometry":{"type":"Polygon","coordinates":[[[43.22,-11.735],[43.23,-11.714],[43.24,-11.694],[43.256,-11.669],[43.251,-11.643],[43.25,-11.622],[43.25,-11.596],[43.261,-11.562],[43.255,-11.544],[43.268,-11.504],[43.26,-11.477],[43.254,-11.447],[43.262,-11.411],[43.27,-11.392],[43.294,-11.375],[43.328,-11.367],[43.348,-11.362],[43.367,-11.37],[43.387,-11.374],[43.39,-11.395],[43.405,-11.419],[43.405,-11.447],[43.4,-11.468],[43.391,-11.501],[43.395,-11.525],[43.397,-11.558],[43.39,-11.579],[43.389,-11.603],[43.387,-11.627],[43.389,-11.645],[43.405,-11.665],[43.422,-11.687],[43.431,-11.709],[43.447,-11.747],[43.449,-11.775],[43.454,-11.798],[43.46,-11.82],[43.475,-11.839],[43.485,-11.858],[43.501,-11.883],[43.489,-11.908],[43.481,-11.927],[43.452,-11.935],[43.426,-11.922],[43.403,-11.9],[43.377,-11.873],[43.351,-11.854],[43.312,-11.857],[43.278,-11.844],[43.26,-11.818],[43.255,-11.797],[43.229,-11.777],[43.231,-11.758],[43.223,-11.738],[43.22,-11.735]]]}},{"type":"Feature","properties":{},"geometry":{"type":"Polygon","coordinates":[[[39.677,-5.003],[39.674,-4.984],[39.694,-4.982],[39.678,-4.948],[39.669,-4.929],[39.675,-4.892],[39.673,-4.872],[39.689,-4.899],[39.712,-4.912],[39.732,-4.905],[39.765,-4.932],[39.784,-4.938],[39.794,-4.959],[39.806,-4.977],[39.824,-4.984],[39.814,-4.954],[39.809,-4.929],[39.831,-4.94],[39.833,-4.912],[39.841,-4.931],[39.835,-4.951],[39.844,-4.923],[39.856,-4.89],[39.868,-4.963],[39.872,-4.982],[39.87,-5.008],[39.845,-5.018],[39.835,-5.038],[39.83,-5.058],[39.839,-5.081],[39.826,-5.105],[39.822,-5.135],[39.848,-5.137],[39.845,-5.115],[39.864,-5.112],[39.865,-5.139],[39.861,-5.163],[39.859,-5.192],[39.861,-5.211],[39.857,-5.235],[39.844,-5.258],[39.816,-5.277],[39.843,-5.276],[39.829,-5.314],[39.814,-5.336],[39.818,-5.357],[39.793,-5.384],[39.785,-5.421],[39.766,-5.441],[39.745,-5.451],[39.738,-5.47],[39.727,-5.45],[39.708,-5.449],[39.688,-5.435],[39.653,-5.438],[39.636,-5.408],[39.646,-5.388],[39.648,-5.357],[39.655,-5.335],[39.674,-5.337],[39.694,-5.342],[39.681,-5.323],[39.664,-5.298],[39.692,-5.285],[39.712,-5.287],[39.693,-5.278],[39.688,-5.257],[39.707,-5.26],[39.729,-5.243],[39.753,-5.256],[39.774,-5.251],[39.751,-5.242],[39.73,-5.239],[39.699,-5.217],[39.675,-5.22],[39.652,-5.208],[39.65,-5.189],[39.664,-5.209],[39.687,-5.211],[39.717,-5.208],[39.739,-5.21],[39.733,-5.189],[39.754,-5.18],[39.746,-5.16],[39.719,-5.172],[39.72,-5.145],[39.699,-5.137],[39.7,-5.117],[39.696,-5.089],[39.702,-5.07],[39.68,-5.05],[39.687,-5.03],[39.688,-5.009],[39.677,-5.003]]]}},{"type":"Feature","properties":{},"geometry":{"type":"Polygon","coordinates":[[[120.269,11.999],[120.25,12.008],[120.232,11.995],[120.199,12.0],[120.175,12.01],[120.172,12.029],[120.146,12.029],[120.124,12.022],[120.129,12.003],[120.104,12.002],[120.107,11.984],[120.1,11.963],[120.079,11.987],[120.057,12.019],[120.05,12.0],[120.019,11.987],[120.014,12.006],[119.996,12.007],[119.977,12.011],[119.985,12.032],[119.967,12.066],[119.945,12.07],[119.931,12.089],[119.933,12.121],[119.923,12.14],[119.899,12.165],[119.903,12.184],[119.894,12.204],[119.863,12.172],[119.851,12.151],[119.846,12.179],[119.864,12.212],[119.87,12.233],[119.859,12.258],[119.906,12.271],[119.887,12.274],[119.868,12.268],[119.873,12.287],[119.863,12.312],[119.893,12.333],[119.913,12.325],[119.922,12.299],[119.931,12.28],[119.96,12.273],[119.984,12.261],[120.013,12.257],[120.04,12.237],[120.05,12.216],[120.062,12.194],[120.084,12.199],[120.106,12.199],[120.086,12.177],[120.106,12.172],[120.127,12.15],[120.147,12.142],[120.168,12.121],[120.186,12.121],[120.209,12.133],[120.206,12.156],[120.218,12.195],[120.213,12.215],[120.233,12.2],[120.244,12.173],[120.25,12.153],[120.245,12.133],[120.266,12.135],[120.285,12.118],[120.303,12.12],[120.308,12.1],[120.331,12.095],[120.34,12.062],[120.315,12.045],[120.329,12.024],[120.331,12.005],[120.309,11.997],[120.287,11.985],[120.269,11.999]]]}},{"type":"Feature","properties":{},"geometry":{"type":"Polygon","coordinates":[[[93.96,6.998],[93.939,7.011],[93.931,6.99],[93.941,6.969],[93.926,6.942],[93.921,6.919],[93.911,6.898],[93.915,6.88],[93.908,6.856],[93.925,6.837],[93.915,6.81],[93.893,6.795],[93.88,6.817],[93.86,6.797],[93.853,6.757],[93.83,6.758],[93.828,6.778],[93.826,6.797],[93.828,6.818],[93.806,6.828],[93.81,6.852],[93.79,6.876],[93.777,6.907],[93.755,6.927],[93.757,6.951],[93.741,6.972],[93.73,6.995],[93.71,7.008],[93.684,7.021],[93.672,7.042],[93.672,7.062],[93.671,7.082],[93.662,7.104],[93.66,7.128],[93.686,7.156],[93.68,7.179],[93.723,7.192],[93.752,7.205],[93.771,7.21],[93.8,7.213],[93.811,7.232],[93.831,7.24],[93.855,7.244],[93.857,7.223],[93.879,7.213],[93.891,7.192],[93.894,7.166],[93.895,7.121],[93.897,7.088],[93.916,7.07],[93.923,7.044],[93.949,7.011],[93.96,6.998]]]}},{"type":"Feature","properties":{},"geometry":{"type":"Polygon","coordinates":[[[102.0,1.595],[101.991,1.614],[102.033,1.625],[102.074,1.616],[102.129,1.595],[102.175,1.581],[102.207,1.576],[102.228,1.577],[102.26,1.573],[102.29,1.563],[102.318,1.559],[102.341,1.556],[102.386,1.551],[102.461,1.528],[102.482,1.495],[102.496,1.472],[102.488,1.45],[102.491,1.398],[102.495,1.342],[102.5,1.299],[102.507,1.262],[102.469,1.279],[102.396,1.329],[102.367,1.363],[102.347,1.38],[102.335,1.398],[102.292,1.437],[102.235,1.439],[102.191,1.443],[102.139,1.455],[102.109,1.469],[102.067,1.499],[102.025,1.542],[102.0,1.595]]]}},{"type":"Feature","properties":{},"geometry":{"type":"Polygon","coordinates":[[[102.999,0.883],[102.98,0.895],[102.948,0.908],[102.936,0.927],[102.882,0.967],[102.836,0.982],[102.805,0.99],[102.79,1.021],[102.812,1.035],[102.792,1.041],[102.773,1.025],[102.747,1.041],[102.726,1.046],[102.672,1.028],[102.636,1.01],[102.621,1.032],[102.65,1.043],[102.674,1.085],[102.69,1.125],[102.724,1.157],[102.761,1.167],[102.792,1.164],[102.811,1.16],[102.837,1.153],[102.882,1.139],[102.922,1.122],[102.944,1.11],[102.975,1.1],[102.999,1.081],[103.05,1.027],[103.07,1.011],[103.083,0.992],[103.1,0.969],[103.118,0.94],[103.14,0.919],[103.165,0.892],[103.159,0.851],[103.137,0.831],[103.117,0.826],[103.086,0.827],[103.043,0.858],[102.999,0.883]]]}},{"type":"Feature","properties":{},"geometry":{"type":"Polygon","coordinates":[[[122.0,13.203],[121.981,13.209],[121.96,13.228],[121.947,13.252],[121.923,13.259],[121.885,13.276],[121.863,13.287],[121.839,13.333],[121.819,13.345],[121.821,13.369],[121.823,13.402],[121.819,13.429],[121.81,13.448],[121.836,13.487],[121.843,13.507],[121.865,13.53],[121.862,13.553],[121.863,13.572],[121.884,13.554],[121.898,13.535],[121.922,13.531],[121.94,13.542],[121.961,13.531],[121.985,13.529],[122.006,13.538],[122.032,13.533],[122.027,13.515],[122.047,13.516],[122.057,13.487],[122.086,13.491],[122.126,13.457],[122.12,13.436],[122.099,13.434],[122.111,13.412],[122.125,13.394],[122.145,13.391],[122.15,13.372],[122.131,13.366],[122.12,13.341],[122.091,13.325],[122.07,13.309],[122.065,13.289],[122.045,13.276],[122.055,13.25],[122.042,13.217],[122.004,13.2],[122.0,13.203]]]}},{"type":"Feature","properties":{},"geometry":{"type":"Polygon","coordinates":[[[121.999,-5.16],[122.021,-5.161],[122.049,-5.172],[122.061,-5.198],[122.071,-5.228],[122.045,-5.24],[122.047,-5.262],[122.053,-5.288],[122.056,-5.319],[122.044,-5.343],[122.042,-5.372],[122.049,-5.408],[122.045,-5.438],[122.05,-5.465],[122.017,-5.48],[121.995,-5.479],[121.96,-5.482],[121.947,-5.458],[121.934,-5.431],[121.924,-5.407],[121.904,-5.405],[121.876,-5.389],[121.863,-5.369],[121.846,-5.343],[121.832,-5.324],[121.823,-5.294],[121.804,-5.285],[121.795,-5.263],[121.815,-5.218],[121.834,-5.2],[121.825,-5.182],[121.829,-5.162],[121.847,-5.143],[121.876,-5.154],[121.868,-5.134],[121.85,-5.12],[121.856,-5.096],[121.869,-5.117],[121.855,-5.091],[121.873,-5.074],[121.898,-5.056],[121.9,-5.089],[121.929,-5.107],[121.935,-5.083],[121.959,-5.06],[121.98,-5.078],[121.988,-5.097],[121.98,-5.121],[121.992,-5.139],[121.999,-5.16]]]}},{"type":"Feature","properties":{},"geometry":{"type":"Polygon","coordinates":[[[100.426,-3.002],[100.458,-3.018],[100.462,-3.036],[100.453,-3.018],[100.45,-3.047],[100.466,-3.068],[100.46,-3.09],[100.46,-3.108],[100.47,-3.128],[100.463,-3.147],[100.445,-3.148],[100.423,-3.157],[100.401,-3.158],[100.382,-3.16],[100.364,-3.163],[100.385,-3.175],[100.41,-3.194],[100.383,-3.186],[100.396,-3.219],[100.411,-3.246],[100.431,-3.278],[100.456,-3.3],[100.463,-3.322],[100.464,-3.34],[100.435,-3.343],[100.416,-3.323],[100.402,-3.3],[100.379,-3.29],[100.371,-3.267],[100.353,-3.245],[100.331,-3.245],[100.324,-3.218],[100.346,-3.229],[100.337,-3.203],[100.322,-3.177],[100.331,-3.157],[100.328,-3.133],[100.309,-3.12],[100.293,-3.085],[100.272,-3.078],[100.244,-3.082],[100.257,-3.063],[100.229,-3.06],[100.224,-3.041],[100.21,-3.022],[100.197,-3.001],[100.189,-2.978],[100.184,-2.954],[100.203,-2.931],[100.196,-2.911],[100.195,-2.884],[100.189,-2.852],[100.184,-2.833],[100.175,-2.813],[100.188,-2.789],[100.217,-2.783],[100.236,-2.781],[100.255,-2.798],[100.264,-2.824],[100.277,-2.845],[100.296,-2.842],[100.311,-2.871],[100.332,-2.877],[100.35,-2.892],[100.369,-2.918],[100.382,-2.938],[100.395,-2.957],[100.42,-2.971],[100.428,-2.993],[100.426,-3.002]]]}},{"type":"Feature","properties":{},"geometry":{"type":"Polygon","coordinates":[[[105.0,-0.3],[104.976,-0.301],[104.956,-0.295],[104.919,-0.28],[104.897,-0.295],[104.919,-0.325],[104.897,-0.329],[104.877,-0.32],[104.857,-0.316],[104.826,-0.308],[104.802,-0.29],[104.794,-0.261],[104.772,-0.263],[104.747,-0.248],[104.742,-0.228],[104.723,-0.216],[104.704,-0.203],[104.681,-0.211],[104.654,-0.217],[104.636,-0.223],[104.617,-0.238],[104.597,-0.248],[104.566,-0.24],[104.55,-0.26],[104.523,-0.276],[104.502,-0.268],[104.507,-0.248],[104.482,-0.245],[104.462,-0.247],[104.43,-0.236],[104.428,-0.211],[104.426,-0.183],[104.445,-0.184],[104.454,-0.161],[104.475,-0.158],[104.472,-0.138],[104.505,-0.131],[104.508,-0.106],[104.506,-0.079],[104.508,-0.061],[104.502,-0.042],[104.494,-0.021],[104.493,0.0],[104.518,-0.005],[104.55,0.004],[104.547,0.031],[104.573,0.014],[104.597,-0.004],[104.627,-0.031],[104.651,-0.051],[104.664,-0.069],[104.643,-0.086],[104.622,-0.084],[104.655,-0.109],[104.67,-0.085],[104.688,-0.089],[104.705,-0.115],[104.722,-0.135],[104.74,-0.154],[104.755,-0.194],[104.779,-0.195],[104.806,-0.208],[104.813,-0.183],[104.816,-0.163],[104.828,-0.137],[104.847,-0.151],[104.87,-0.191],[104.885,-0.212],[104.898,-0.234],[104.919,-0.246],[104.944,-0.27],[104.968,-0.283],[104.988,-0.275],[104.996,-0.295],[105.0,-0.3]]]}},{"type":"Feature","properties":{},"geometry":{"type":"Polygon","coordinates":[[[121.363,5.999],[121.397,6.015],[121.425,5.984],[121.425,5.959],[121.397,5.945],[121.382,5.926],[121.386,5.907],[121.366,5.919],[121.336,5.9],[121.312,5.89],[121.294,5.871],[121.27,5.868],[121.259,5.892],[121.239,5.889],[121.234,5.907],[121.236,5.937],[121.217,5.938],[121.199,5.948],[121.175,5.938],[121.137,5.924],[121.117,5.905],[121.091,5.898],[121.069,5.898],[121.076,5.879],[121.056,5.889],[121.05,5.909],[121.03,5.926],[121.012,5.927],[120.992,5.916],[120.97,5.905],[120.95,5.9],[120.922,5.892],[120.895,5.92],[120.874,5.937],[120.873,5.956],[120.888,5.977],[120.891,5.997],[120.91,6.013],[120.932,6.035],[120.962,6.039],[120.984,6.048],[121.002,6.06],[121.016,6.09],[121.043,6.09],[121.062,6.095],[121.089,6.09],[121.111,6.095],[121.131,6.09],[121.155,6.082],[121.163,6.063],[121.185,6.044],[121.188,6.025],[121.205,6.004],[121.227,6.0],[121.246,6.015],[121.264,6.019],[121.293,6.02],[121.316,6.008],[121.335,6.011],[121.356,6.009],[121.363,5.999]]]}},{"type":"Feature","properties":{},"geometry":{"type":"Polygon","coordinates":[[[25.997,38.155],[25.977,38.166],[25.958,38.18],[25.937,38.195],[25.909,38.211],[25.887,38.214],[25.886,38.243],[25.864,38.243],[25.87,38.265],[25.889,38.275],[25.91,38.29],[25.928,38.287],[25.952,38.296],[25.972,38.308],[25.976,38.331],[25.995,38.341],[25.986,38.362],[25.992,38.389],[25.973,38.4],[25.959,38.43],[25.947,38.452],[25.925,38.468],[25.896,38.475],[25.857,38.495],[25.845,38.525],[25.831,38.547],[25.85,38.573],[25.892,38.589],[25.939,38.587],[25.969,38.596],[25.992,38.597],[26.015,38.599],[26.044,38.589],[26.064,38.592],[26.077,38.57],[26.1,38.558],[26.122,38.554],[26.15,38.554],[26.165,38.534],[26.155,38.496],[26.135,38.485],[26.137,38.462],[26.155,38.458],[26.143,38.428],[26.135,38.404],[26.139,38.376],[26.146,38.357],[26.145,38.338],[26.155,38.319],[26.135,38.294],[26.105,38.27],[26.105,38.245],[26.106,38.221],[26.06,38.205],[26.041,38.198],[26.025,38.177],[26.016,38.148],[25.997,38.155]]]}},{"type":"Feature","properties":{},"geometry":{"type":"Polygon","coordinates":[[[126.768,3.998],[126.746,3.993],[126.724,3.999],[126.703,4.006],[126.685,3.995],[126.673,4.017],[126.668,4.042],[126.684,4.064],[126.702,4.085],[126.726,4.1],[126.738,4.127],[126.752,4.147],[126.76,4.182],[126.792,4.216],[126.792,4.237],[126.772,4.255],[126.749,4.265],[126.718,4.266],[126.714,4.287],[126.71,4.308],[126.7,4.33],[126.685,4.352],[126.69,4.374],[126.696,4.393],[126.704,4.412],[126.72,4.433],[126.719,4.456],[126.738,4.463],[126.729,4.485],[126.724,4.513],[126.734,4.537],[126.777,4.54],[126.796,4.53],[126.819,4.525],[126.833,4.502],[126.857,4.492],[126.856,4.466],[126.87,4.439],[126.855,4.411],[126.852,4.388],[126.856,4.367],[126.865,4.348],[126.892,4.328],[126.905,4.308],[126.916,4.283],[126.902,4.26],[126.878,4.253],[126.859,4.239],[126.869,4.214],[126.826,4.186],[126.812,4.168],[126.793,4.146],[126.806,4.126],[126.813,4.107],[126.806,4.086],[126.804,4.061],[126.804,4.042],[126.797,4.022],[126.777,4.01],[126.768,3.998]]]}},{"type":"Feature","properties":{},"geometry":{"type":"Polygon","coordinates":[[[20.336,38.19],[20.358,38.226],[20.355,38.253],[20.375,38.26],[20.386,38.298],[20.399,38.327],[20.397,38.354],[20.42,38.351],[20.442,38.358],[20.444,38.333],[20.47,38.327],[20.489,38.311],[20.507,38.327],[20.531,38.341],[20.547,38.362],[20.527,38.38],[20.546,38.381],[20.54,38.402],[20.543,38.424],[20.534,38.442],[20.536,38.471],[20.563,38.476],[20.584,38.463],[20.584,38.44],[20.599,38.416],[20.611,38.389],[20.617,38.371],[20.625,38.349],[20.629,38.322],[20.607,38.307],[20.615,38.277],[20.636,38.252],[20.662,38.264],[20.681,38.274],[20.7,38.26],[20.714,38.241],[20.72,38.222],[20.767,38.171],[20.782,38.147],[20.797,38.129],[20.816,38.117],[20.805,38.091],[20.801,38.069],[20.766,38.069],[20.702,38.068],[20.669,38.093],[20.642,38.104],[20.619,38.117],[20.586,38.105],[20.567,38.097],[20.536,38.103],[20.514,38.1],[20.487,38.121],[20.489,38.146],[20.48,38.173],[20.469,38.192],[20.489,38.184],[20.506,38.165],[20.497,38.188],[20.48,38.207],[20.471,38.231],[20.458,38.257],[20.451,38.277],[20.431,38.278],[20.434,38.253],[20.44,38.228],[20.44,38.162],[20.41,38.16],[20.39,38.155],[20.367,38.17],[20.345,38.173],[20.336,38.19]]]}},{"type":"Feature","properties":{},"geometry":{"type":"Polygon","coordinates":[[[125.676,9.999],[125.679,9.972],[125.66,9.954],[125.671,9.926],[125.701,9.91],[125.703,9.89],[125.701,9.868],[125.677,9.869],[125.654,9.862],[125.642,9.883],[125.643,9.905],[125.644,9.933],[125.625,9.94],[125.601,9.953],[125.601,9.975],[125.575,9.982],[125.567,10.007],[125.571,10.03],[125.582,10.051],[125.588,10.071],[125.568,10.088],[125.575,10.068],[125.546,10.084],[125.527,10.068],[125.507,10.063],[125.503,10.085],[125.477,10.106],[125.475,10.131],[125.496,10.134],[125.497,10.157],[125.495,10.183],[125.515,10.18],[125.498,10.202],[125.518,10.207],[125.539,10.204],[125.51,10.242],[125.516,10.27],[125.535,10.282],[125.515,10.286],[125.515,10.311],[125.556,10.322],[125.55,10.349],[125.545,10.372],[125.565,10.372],[125.59,10.366],[125.603,10.386],[125.6,10.415],[125.606,10.434],[125.619,10.457],[125.638,10.472],[125.654,10.453],[125.665,10.433],[125.67,10.407],[125.673,10.379],[125.671,10.355],[125.66,10.33],[125.645,10.303],[125.652,10.278],[125.65,10.25],[125.629,10.256],[125.619,10.275],[125.624,10.247],[125.645,10.241],[125.654,10.213],[125.65,10.187],[125.627,10.183],[125.615,10.163],[125.595,10.153],[125.618,10.17],[125.64,10.179],[125.663,10.174],[125.658,10.152],[125.659,10.134],[125.662,10.115],[125.681,10.098],[125.69,10.079],[125.695,10.057],[125.69,10.038],[125.685,10.02],[125.676,9.999]]]}},{"type":"Feature","properties":{},"geometry":{"type":"Polygon","coordinates":[[[127.999,-3.609],[128.014,-3.59],[128.044,-3.589],[128.065,-3.59],[128.086,-3.588],[128.121,-3.585],[128.152,-3.59],[128.168,-3.569],[128.185,-3.546],[128.201,-3.528],[128.221,-3.514],[128.245,-3.498],[128.267,-3.497],[128.296,-3.503],[128.318,-3.505],[128.343,-3.528],[128.337,-3.548],[128.313,-3.565],[128.316,-3.593],[128.335,-3.599],[128.345,-3.62],[128.341,-3.64],[128.322,-3.645],[128.296,-3.64],[128.269,-3.629],[128.248,-3.623],[128.253,-3.646],[128.282,-3.671],[128.287,-3.69],[128.257,-3.707],[128.25,-3.732],[128.226,-3.74],[128.207,-3.748],[128.179,-3.753],[128.156,-3.751],[128.138,-3.77],[128.103,-3.78],[128.082,-3.793],[128.092,-3.769],[128.116,-3.753],[128.13,-3.724],[128.148,-3.702],[128.171,-3.688],[128.184,-3.666],[128.202,-3.655],[128.221,-3.646],[128.197,-3.636],[128.185,-3.657],[128.147,-3.668],[128.111,-3.688],[128.086,-3.714],[128.051,-3.722],[128.025,-3.735],[128.005,-3.767],[127.965,-3.785],[127.942,-3.775],[127.901,-3.721],[127.905,-3.685],[127.924,-3.676],[127.946,-3.655],[127.969,-3.631],[127.99,-3.619],[127.999,-3.609]]]}},{"type":"Feature","properties":{},"geometry":{"type":"Polygon","coordinates":[[[92.383,10.782],[92.395,10.803],[92.43,10.811],[92.462,10.842],[92.487,10.87],[92.503,10.889],[92.512,10.867],[92.516,10.888],[92.536,10.898],[92.548,10.872],[92.589,10.853],[92.587,10.824],[92.59,10.801],[92.566,10.796],[92.588,10.788],[92.602,10.766],[92.621,10.764],[92.617,10.715],[92.621,10.677],[92.595,10.657],[92.595,10.638],[92.574,10.634],[92.548,10.592],[92.568,10.574],[92.551,10.542],[92.542,10.518],[92.506,10.506],[92.485,10.511],[92.457,10.534],[92.438,10.545],[92.402,10.526],[92.391,10.55],[92.411,10.588],[92.416,10.609],[92.416,10.629],[92.404,10.65],[92.388,10.698],[92.384,10.733],[92.383,10.782]]]}},{"type":"Feature","properties":{},"geometry":{"type":"Polygon","coordinates":[[[104.24,-0.491],[104.255,-0.468],[104.266,-0.439],[104.276,-0.414],[104.305,-0.396],[104.322,-0.37],[104.321,-0.348],[104.335,-0.367],[104.34,-0.388],[104.317,-0.413],[104.327,-0.431],[104.347,-0.451],[104.354,-0.433],[104.34,-0.414],[104.343,-0.393],[104.377,-0.407],[104.399,-0.41],[104.423,-0.394],[104.43,-0.372],[104.435,-0.345],[104.457,-0.344],[104.48,-0.342],[104.502,-0.365],[104.526,-0.365],[104.535,-0.393],[104.553,-0.412],[104.568,-0.446],[104.592,-0.459],[104.591,-0.482],[104.57,-0.496],[104.53,-0.542],[104.526,-0.561],[104.507,-0.606],[104.508,-0.633],[104.482,-0.642],[104.457,-0.623],[104.438,-0.584],[104.419,-0.589],[104.394,-0.601],[104.39,-0.628],[104.382,-0.655],[104.366,-0.683],[104.349,-0.663],[104.346,-0.62],[104.326,-0.554],[104.318,-0.535],[104.329,-0.514],[104.31,-0.54],[104.292,-0.527],[104.273,-0.508],[104.25,-0.496],[104.24,-0.491]]]}},{"type":"Feature","properties":{},"geometry":{"type":"Polygon","coordinates":[[[48.061,29.797],[48.081,29.815],[48.105,29.814],[48.079,29.816],[48.097,29.828],[48.125,29.82],[48.099,29.829],[48.071,29.832],[48.108,29.851],[48.132,29.838],[48.152,29.837],[48.121,29.851],[48.131,29.873],[48.15,29.866],[48.169,29.838],[48.17,29.859],[48.149,29.872],[48.13,29.879],[48.154,29.881],[48.176,29.869],[48.175,29.892],[48.194,29.897],[48.212,29.916],[48.192,29.923],[48.185,29.901],[48.162,29.898],[48.143,29.907],[48.149,29.926],[48.12,29.948],[48.109,29.975],[48.134,29.984],[48.163,29.983],[48.202,29.968],[48.224,29.953],[48.272,29.912],[48.299,29.88],[48.34,29.81],[48.361,29.798],[48.38,29.764],[48.371,29.724],[48.353,29.691],[48.326,29.66],[48.256,29.598],[48.23,29.584],[48.212,29.582],[48.178,29.603],[48.168,29.621],[48.165,29.64],[48.15,29.682],[48.125,29.705],[48.117,29.723],[48.117,29.745],[48.09,29.768],[48.072,29.77],[48.064,29.793],[48.085,29.801],[48.061,29.797]]]}},{"type":"Feature","properties":{},"geometry":{"type":"Polygon","coordinates":[[[124.0,-8.331],[124.027,-8.312],[124.046,-8.301],[124.068,-8.302],[124.086,-8.322],[124.084,-8.357],[124.105,-8.38],[124.101,-8.361],[124.129,-8.345],[124.148,-8.319],[124.165,-8.293],[124.183,-8.272],[124.212,-8.257],[124.225,-8.232],[124.237,-8.211],[124.251,-8.191],[124.28,-8.176],[124.307,-8.178],[124.325,-8.21],[124.321,-8.23],[124.301,-8.253],[124.304,-8.282],[124.31,-8.303],[124.302,-8.331],[124.279,-8.339],[124.257,-8.358],[124.24,-8.377],[124.211,-8.41],[124.208,-8.428],[124.21,-8.449],[124.188,-8.49],[124.17,-8.513],[124.143,-8.54],[124.122,-8.548],[124.089,-8.546],[124.063,-8.552],[124.055,-8.527],[124.065,-8.505],[124.055,-8.482],[124.054,-8.458],[124.037,-8.438],[124.019,-8.417],[124.0,-8.417],[123.977,-8.428],[123.955,-8.447],[123.936,-8.46],[123.912,-8.441],[123.934,-8.424],[123.945,-8.404],[123.963,-8.349],[124.0,-8.331]]]}},{"type":"Feature","properties":{},"geometry":{"type":"Polygon","coordinates":[[[129.134,28.255],[129.165,28.255],[129.184,28.265],[129.204,28.255],[129.226,28.274],[129.244,28.267],[129.262,28.263],[129.289,28.279],[129.269,28.288],[129.251,28.275],[129.225,28.292],[129.242,28.315],[129.265,28.328],[129.288,28.334],[129.314,28.337],[129.337,28.364],[129.366,28.356],[129.389,28.374],[129.41,28.366],[129.395,28.387],[129.418,28.387],[129.438,28.385],[129.455,28.412],[129.474,28.402],[129.495,28.407],[129.495,28.383],[129.51,28.402],[129.518,28.429],[129.525,28.45],[129.548,28.464],[129.568,28.459],[129.587,28.468],[129.622,28.479],[129.611,28.456],[129.606,28.435],[129.59,28.416],[129.613,28.438],[129.621,28.418],[129.642,28.421],[129.648,28.449],[129.647,28.469],[129.661,28.446],[129.671,28.468],[129.654,28.489],[129.677,28.528],[129.69,28.503],[129.705,28.477],[129.722,28.456],[129.712,28.437],[129.694,28.411],[129.671,28.41],[129.652,28.403],[129.631,28.407],[129.61,28.391],[129.594,28.367],[129.565,28.335],[129.547,28.33],[129.538,28.306],[129.499,28.299],[129.481,28.29],[129.455,28.295],[129.462,28.267],[129.444,28.246],[129.416,28.25],[129.435,28.24],[129.456,28.234],[129.479,28.213],[129.459,28.21],[129.441,28.195],[129.42,28.189],[129.405,28.168],[129.378,28.166],[129.357,28.17],[129.339,28.169],[129.361,28.15],[129.383,28.125],[129.363,28.12],[129.34,28.138],[129.314,28.146],[129.296,28.15],[129.287,28.169],[129.29,28.189],[129.263,28.184],[129.273,28.208],[129.293,28.219],[129.265,28.215],[129.247,28.204],[129.221,28.222],[129.198,28.227],[129.178,28.224],[129.17,28.243],[129.152,28.238],[129.134,28.255]]]}},{"type":"Feature","properties":{},"geometry":{"type":"Polygon","coordinates":[[[123.0,-4.205],[122.984,-4.173],[122.955,-4.141],[122.942,-4.109],[122.947,-4.088],[122.95,-4.066],[122.974,-4.059],[122.995,-4.022],[123.012,-3.98],[123.037,-3.992],[123.067,-4.006],[123.089,-4.025],[123.126,-4.02],[123.15,-4.012],[123.195,-4.011],[123.224,-4.025],[123.241,-4.047],[123.259,-4.068],[123.263,-4.093],[123.257,-4.113],[123.248,-4.131],[123.223,-4.151],[123.208,-4.177],[123.187,-4.19],[123.164,-4.214],[123.15,-4.246],[123.117,-4.265],[123.091,-4.255],[123.065,-4.25],[123.047,-4.24],[123.024,-4.225],[123.007,-4.205],[123.0,-4.205]]]}},{"type":"Feature","properties":{},"geometry":{"type":"Polygon","coordinates":[[[121.997,12.129],[121.991,12.156],[121.966,12.157],[121.958,12.177],[121.965,12.217],[121.963,12.238],[121.975,12.2],[121.995,12.217],[122.015,12.236],[121.988,12.261],[121.963,12.26],[121.965,12.279],[121.943,12.289],[121.925,12.29],[121.92,12.312],[121.928,12.331],[121.926,12.349],[121.941,12.373],[121.94,12.394],[121.958,12.408],[121.987,12.411],[121.995,12.431],[122.0,12.458],[122.007,12.481],[122.002,12.503],[122.003,12.525],[122.005,12.55],[121.99,12.571],[122.0,12.601],[122.021,12.611],[122.04,12.624],[122.062,12.623],[122.083,12.637],[122.116,12.66],[122.151,12.663],[122.157,12.641],[122.137,12.63],[122.132,12.608],[122.137,12.582],[122.135,12.56],[122.138,12.54],[122.116,12.514],[122.108,12.469],[122.106,12.448],[122.104,12.409],[122.096,12.357],[122.08,12.323],[122.071,12.298],[122.067,12.279],[122.057,12.253],[122.045,12.232],[122.047,12.212],[122.054,12.193],[122.053,12.173],[122.027,12.152],[122.021,12.131],[122.021,12.108],[121.997,12.129]]]}},{"type":"Feature","properties":{},"geometry":{"type":"Polygon","coordinates":[[[58.621,20.263],[58.624,20.291],[58.63,20.342],[58.658,20.376],[58.68,20.39],[58.694,20.413],[58.714,20.439],[58.722,20.419],[58.741,20.418],[58.764,20.43],[58.775,20.457],[58.778,20.489],[58.783,20.519],[58.794,20.537],[58.81,20.556],[58.818,20.577],[58.842,20.605],[58.863,20.617],[58.863,20.639],[58.87,20.663],[58.872,20.691],[58.913,20.691],[58.913,20.664],[58.901,20.629],[58.902,20.61],[58.909,20.59],[58.93,20.575],[58.935,20.556],[58.939,20.534],[58.961,20.518],[58.946,20.494],[58.907,20.478],[58.878,20.46],[58.84,20.437],[58.822,20.416],[58.819,20.391],[58.798,20.357],[58.794,20.331],[58.775,20.296],[58.78,20.272],[58.753,20.257],[58.717,20.21],[58.687,20.193],[58.665,20.185],[58.656,20.166],[58.634,20.159],[58.631,20.18],[58.628,20.204],[58.625,20.245],[58.621,20.263]]]}},{"type":"Feature","properties":{},"geometry":{"type":"Polygon","coordinates":[[[104.999,8.752],[105.061,8.77],[105.098,8.77],[105.118,8.763],[105.15,8.755],[105.164,8.775],[105.187,8.792],[105.19,8.773],[105.21,8.765],[105.23,8.74],[105.199,8.724],[105.176,8.694],[105.148,8.665],[105.14,8.644],[105.113,8.624],[105.093,8.616],[105.069,8.612],[105.013,8.59],[104.987,8.59],[104.956,8.576],[104.885,8.563],[104.848,8.561],[104.827,8.565],[104.787,8.579],[104.738,8.592],[104.72,8.613],[104.752,8.605],[104.782,8.626],[104.802,8.636],[104.829,8.65],[104.812,8.681],[104.826,8.704],[104.852,8.686],[104.923,8.688],[104.973,8.713],[104.978,8.74],[104.999,8.752]]]}},{"type":"Feature","properties":{},"geometry":{"type":"Polygon","coordinates":[[[40.0,15.6],[39.979,15.605],[39.958,15.627],[39.955,15.652],[39.954,15.672],[39.941,15.69],[39.967,15.689],[39.973,15.671],[39.984,15.641],[39.986,15.662],[40.01,15.641],[40.046,15.625],[40.068,15.638],[40.082,15.658],[40.061,15.676],[40.04,15.706],[40.02,15.726],[39.999,15.737],[39.98,15.741],[39.957,15.722],[39.927,15.725],[39.927,15.749],[39.937,15.768],[39.932,15.787],[39.957,15.781],[39.977,15.768],[40.003,15.764],[39.987,15.787],[39.99,15.811],[40.008,15.831],[40.027,15.816],[40.044,15.838],[40.022,15.857],[39.999,15.862],[39.979,15.863],[39.954,15.88],[40.02,15.882],[40.083,15.851],[40.105,15.816],[40.098,15.797],[40.118,15.779],[40.14,15.776],[40.135,15.734],[40.137,15.712],[40.15,15.69],[40.155,15.648],[40.182,15.625],[40.224,15.617],[40.245,15.62],[40.251,15.642],[40.288,15.65],[40.257,15.668],[40.213,15.671],[40.225,15.69],[40.254,15.7],[40.272,15.696],[40.293,15.696],[40.322,15.688],[40.336,15.658],[40.334,15.639],[40.358,15.65],[40.38,15.629],[40.349,15.617],[40.38,15.615],[40.404,15.633],[40.415,15.593],[40.425,15.562],[40.402,15.562],[40.36,15.575],[40.328,15.566],[40.289,15.565],[40.258,15.586],[40.217,15.594],[40.192,15.589],[40.16,15.584],[40.136,15.598],[40.116,15.599],[40.096,15.58],[40.069,15.583],[40.047,15.586],[40.019,15.606],[40.0,15.6]]]}},{"type":"Feature","properties":{},"geometry":{"type":"Polygon","coordinates":[[[120.447,-6.008],[120.447,-5.979],[120.444,-5.93],[120.45,-5.892],[120.449,-5.849],[120.459,-5.794],[120.479,-5.771],[120.505,-5.794],[120.5,-5.813],[120.51,-5.836],[120.523,-5.86],[120.529,-5.907],[120.541,-5.939],[120.551,-5.975],[120.565,-6.038],[120.567,-6.06],[120.551,-6.078],[120.554,-6.107],[120.54,-6.127],[120.545,-6.15],[120.537,-6.175],[120.531,-6.199],[120.527,-6.222],[120.53,-6.248],[120.533,-6.268],[120.539,-6.296],[120.537,-6.331],[120.525,-6.35],[120.509,-6.368],[120.506,-6.39],[120.499,-6.418],[120.508,-6.447],[120.49,-6.47],[120.484,-6.492],[120.471,-6.441],[120.458,-6.413],[120.451,-6.385],[120.47,-6.382],[120.469,-6.34],[120.475,-6.31],[120.478,-6.284],[120.444,-6.27],[120.445,-6.249],[120.445,-6.222],[120.444,-6.199],[120.425,-6.185],[120.444,-6.168],[120.448,-6.142],[120.454,-6.121],[120.464,-6.096],[120.449,-6.068],[120.446,-6.044],[120.451,-6.016],[120.447,-6.008]]]}},{"type":"Feature","properties":{},"geometry":{"type":"Polygon","coordinates":[[[121.999,14.666],[121.974,14.643],[121.947,14.629],[121.91,14.644],[121.9,14.677],[121.904,14.724],[121.934,14.709],[121.925,14.757],[121.913,14.779],[121.906,14.804],[121.887,14.819],[121.869,14.882],[121.847,14.913],[121.834,14.933],[121.834,14.956],[121.828,14.93],[121.809,14.925],[121.808,14.955],[121.812,14.986],[121.821,15.006],[121.828,15.028],[121.852,15.042],[121.877,15.035],[121.899,15.037],[121.919,15.048],[121.938,15.058],[121.957,15.059],[121.969,15.04],[121.992,15.048],[122.017,15.032],[122.007,15.01],[122.03,15.01],[122.049,15.007],[122.055,14.974],[122.055,14.954],[122.041,14.974],[122.029,14.994],[122.011,14.99],[121.99,14.959],[122.01,14.965],[122.02,14.922],[121.991,14.915],[121.967,14.91],[121.966,14.891],[121.967,14.87],[121.982,14.848],[122.008,14.835],[122.02,14.811],[122.025,14.792],[122.02,14.767],[122.029,14.744],[122.034,14.717],[122.02,14.693],[121.999,14.666]]]}},{"type":"Feature","properties":{},"geometry":{"type":"Polygon","coordinates":[[[120.0,5.235],[120.027,5.238],[120.051,5.255],[120.07,5.273],[120.092,5.27],[120.113,5.304],[120.137,5.32],[120.161,5.337],[120.187,5.346],[120.208,5.352],[120.222,5.33],[120.215,5.306],[120.228,5.287],[120.252,5.285],[120.23,5.238],[120.239,5.207],[120.219,5.199],[120.237,5.199],[120.233,5.175],[120.22,5.137],[120.199,5.139],[120.179,5.139],[120.176,5.162],[120.195,5.188],[120.17,5.19],[120.165,5.171],[120.143,5.185],[120.127,5.209],[120.12,5.236],[120.116,5.215],[120.124,5.192],[120.111,5.171],[120.088,5.154],[120.078,5.176],[120.056,5.174],[120.028,5.172],[120.008,5.161],[120.004,5.132],[119.986,5.115],[119.962,5.078],[119.923,5.087],[119.905,5.074],[119.881,5.07],[119.852,5.062],[119.832,5.052],[119.813,5.081],[119.821,5.109],[119.813,5.13],[119.834,5.159],[119.855,5.149],[119.887,5.161],[119.941,5.194],[119.952,5.215],[119.97,5.233],[119.993,5.233],[120.0,5.235]]]}},{"type":"Feature","properties":{},"geometry":{"type":"Polygon","coordinates":[[[100.0,-2.665],[99.985,-2.634],[99.985,-2.606],[99.96,-2.578],[99.966,-2.551],[99.968,-2.532],[99.968,-2.513],[99.988,-2.5],[100.007,-2.512],[100.032,-2.533],[100.052,-2.562],[100.078,-2.584],[100.098,-2.587],[100.113,-2.61],[100.143,-2.63],[100.169,-2.643],[100.18,-2.664],[100.196,-2.693],[100.205,-2.717],[100.222,-2.738],[100.222,-2.757],[100.219,-2.775],[100.199,-2.774],[100.165,-2.793],[100.141,-2.809],[100.147,-2.84],[100.123,-2.835],[100.104,-2.839],[100.081,-2.83],[100.058,-2.818],[100.039,-2.823],[100.04,-2.852],[100.007,-2.845],[99.996,-2.824],[100.015,-2.817],[99.99,-2.79],[99.977,-2.765],[99.998,-2.761],[100.0,-2.742],[100.001,-2.716],[99.999,-2.693],[100.0,-2.665]]]}},{"type":"Feature","properties":{},"geometry":{"type":"Polygon","coordinates":[[[99.52,-2.154],[99.545,-2.146],[99.567,-2.148],[99.561,-2.125],[99.543,-2.106],[99.538,-2.077],[99.561,-2.063],[99.55,-2.045],[99.573,-2.033],[99.592,-2.025],[99.614,-2.025],[99.632,-2.031],[99.65,-2.052],[99.673,-2.069],[99.697,-2.082],[99.699,-2.108],[99.705,-2.128],[99.706,-2.152],[99.721,-2.173],[99.728,-2.196],[99.74,-2.222],[99.778,-2.255],[99.78,-2.273],[99.784,-2.293],[99.805,-2.294],[99.833,-2.332],[99.848,-2.354],[99.851,-2.372],[99.86,-2.4],[99.839,-2.397],[99.838,-2.378],[99.817,-2.37],[99.798,-2.367],[99.783,-2.346],[99.757,-2.34],[99.733,-2.345],[99.707,-2.33],[99.698,-2.309],[99.68,-2.295],[99.639,-2.281],[99.621,-2.274],[99.613,-2.295],[99.595,-2.286],[99.59,-2.264],[99.603,-2.244],[99.585,-2.254],[99.586,-2.236],[99.567,-2.248],[99.569,-2.228],[99.545,-2.21],[99.541,-2.19],[99.52,-2.154]]]}},{"type":"Feature","properties":{},"geometry":{"type":"Polygon","coordinates":[[[129.803,-8.003],[129.794,-8.022],[129.79,-8.043],[129.747,-8.06],[129.728,-8.057],[129.697,-8.05],[129.669,-8.019],[129.653,-7.984],[129.623,-7.96],[129.601,-7.943],[129.599,-7.924],[129.577,-7.911],[129.58,-7.884],[129.581,-7.859],[129.583,-7.838],[129.617,-7.809],[129.636,-7.806],[129.662,-7.795],[129.69,-7.799],[129.717,-7.803],[129.747,-7.817],[129.807,-7.822],[129.837,-7.845],[129.839,-7.897],[129.859,-7.905],[129.843,-7.947],[129.811,-7.982],[129.803,-8.003]]]}},{"type":"Feature","properties":{},"geometry":{"type":"Polygon","coordinates":[[[20.0,39.4],[20.0,39.459],[20.02,39.435],[20.052,39.442],[20.073,39.461],[20.096,39.422],[20.109,39.393],[20.114,39.362],[20.094,39.369],[20.029,39.393],[20.01,39.395],[20.0,39.4]]]}},{"type":"Feature","properties":{},"geometry":{"type":"Polygon","coordinates":[[[129.999,32.408],[130.0,32.191],[129.997,32.217],[129.998,32.24],[129.977,32.24],[129.98,32.267],[130.0,32.288],[129.994,32.307],[129.976,32.329],[129.974,32.357],[129.994,32.377],[129.997,32.401],[129.999,32.408]]]}},{"type":"Feature","properties":{},"geometry":{"type":"Polygon","coordinates":[[[122.471,10.478],[122.48,10.507],[122.501,10.51],[122.52,10.517],[122.527,10.537],[122.518,10.56],[122.508,10.582],[122.525,10.603],[122.535,10.623],[122.558,10.641],[122.557,10.666],[122.586,10.667],[122.606,10.678],[122.607,10.708],[122.636,10.734],[122.663,10.734],[122.657,10.754],[122.678,10.743],[122.712,10.715],[122.72,10.691],[122.715,10.655],[122.72,10.628],[122.71,10.592],[122.705,10.568],[122.695,10.546],[122.682,10.518],[122.668,10.49],[122.664,10.471],[122.643,10.471],[122.636,10.443],[122.612,10.439],[122.585,10.43],[122.582,10.452],[122.554,10.422],[122.527,10.409],[122.508,10.42],[122.502,10.445],[122.497,10.467],[122.474,10.474],[122.471,10.478]]]}},{"type":"Feature","properties":{},"geometry":{"type":"Polygon","coordinates":[[[93.634,19.482],[93.652,19.491],[93.646,19.516],[93.667,19.517],[93.667,19.546],[93.683,19.566],[93.702,19.559],[93.727,19.55],[93.746,19.545],[93.736,19.519],[93.77,19.51],[93.77,19.49],[93.815,19.48],[93.84,19.48],[93.863,19.475],[93.857,19.442],[93.859,19.461],[93.878,19.47],[93.915,19.448],[93.946,19.447],[93.967,19.434],[93.975,19.411],[93.969,19.386],[93.97,19.359],[93.952,19.35],[93.916,19.305],[93.892,19.289],[93.88,19.311],[93.909,19.324],[93.915,19.369],[93.914,19.337],[93.881,19.319],[93.89,19.351],[93.87,19.366],[93.86,19.386],[93.871,19.359],[93.878,19.339],[93.875,19.316],[93.839,19.295],[93.799,19.309],[93.771,19.3],[93.736,19.335],[93.75,19.358],[93.726,19.381],[93.708,19.402],[93.729,19.411],[93.699,19.405],[93.679,19.424],[93.649,19.444],[93.649,19.462],[93.634,19.482]]]}},{"type":"Feature","properties":{},"geometry":{"type":"Polygon","coordinates":[[[50.619,25.995],[50.613,25.971],[50.611,25.94],[50.61,25.916],[50.607,25.894],[50.604,25.862],[50.568,25.808],[50.551,25.847],[50.526,25.887],[50.516,25.905],[50.488,25.928],[50.468,25.94],[50.457,25.987],[50.473,26.005],[50.487,26.046],[50.481,26.065],[50.48,26.1],[50.455,26.142],[50.449,26.164],[50.456,26.19],[50.449,26.217],[50.479,26.235],[50.522,26.237],[50.559,26.225],[50.579,26.24],[50.6,26.23],[50.61,26.212],[50.588,26.206],[50.556,26.2],[50.568,26.181],[50.596,26.157],[50.616,26.146],[50.632,26.112],[50.622,26.087],[50.62,26.063],[50.635,26.041],[50.619,25.995]]]}},{"type":"Feature","properties":{},"geometry":{"type":"Polygon","coordinates":[[[126.0,-2.266],[126.02,-2.307],[126.038,-2.351],[126.05,-2.381],[126.06,-2.399],[126.079,-2.427],[126.081,-2.451],[126.072,-2.473],[126.048,-2.49],[126.001,-2.463],[125.976,-2.44],[125.947,-2.383],[125.949,-2.363],[125.95,-2.345],[125.934,-2.3],[125.93,-2.282],[125.905,-2.239],[125.886,-2.218],[125.88,-2.196],[125.89,-2.178],[125.88,-2.138],[125.867,-2.117],[125.855,-2.095],[125.856,-2.063],[125.873,-2.024],[125.889,-1.998],[125.909,-1.973],[125.93,-1.975],[125.957,-1.986],[125.977,-2.005],[125.996,-2.025],[125.995,-2.046],[125.987,-2.064],[125.965,-2.106],[125.958,-2.147],[125.965,-2.185],[125.98,-2.218],[125.989,-2.238],[125.999,-2.258],[126.0,-2.266]]]}},{"type":"Feature","properties":{},"geometry":{"type":"Polygon","coordinates":[[[103.999,10.045],[103.994,10.07],[103.97,10.189],[103.955,10.237],[103.932,10.263],[103.917,10.288],[103.894,10.289],[103.87,10.306],[103.849,10.351],[103.841,10.369],[103.891,10.37],[103.923,10.36],[103.945,10.377],[103.95,10.401],[103.971,10.41],[103.979,10.442],[103.999,10.451],[104.034,10.413],[104.061,10.401],[104.083,10.372],[104.085,10.353],[104.085,10.31],[104.08,10.273],[104.087,10.245],[104.076,10.214],[104.048,10.153],[104.035,10.132],[104.031,10.106],[104.023,10.082],[104.049,10.067],[104.044,10.039],[104.046,10.014],[104.026,10.016],[104.006,10.037],[103.999,10.045]]]}},{"type":"Feature","properties":{},"geometry":{"type":"Polygon","coordinates":[[[125.388,3.677],[125.39,3.697],[125.398,3.722],[125.419,3.737],[125.452,3.738],[125.484,3.733],[125.537,3.69],[125.548,3.67],[125.552,3.651],[125.554,3.628],[125.579,3.628],[125.576,3.609],[125.563,3.587],[125.582,3.577],[125.58,3.555],[125.599,3.552],[125.607,3.533],[125.623,3.513],[125.645,3.497],[125.63,3.516],[125.651,3.527],[125.645,3.507],[125.662,3.485],[125.657,3.466],[125.668,3.447],[125.662,3.42],[125.644,3.402],[125.63,3.384],[125.612,3.391],[125.597,3.372],[125.571,3.379],[125.575,3.4],[125.563,3.42],[125.557,3.44],[125.534,3.438],[125.534,3.414],[125.513,3.417],[125.513,3.437],[125.494,3.443],[125.487,3.464],[125.474,3.485],[125.478,3.528],[125.486,3.548],[125.499,3.573],[125.48,3.574],[125.475,3.592],[125.496,3.602],[125.47,3.607],[125.432,3.624],[125.408,3.644],[125.4,3.663],[125.388,3.677]]]}},{"type":"Feature","properties":{},"geometry":{"type":"Polygon","coordinates":[[[104.0,1.375],[103.972,1.336],[103.912,1.311],[103.893,1.301],[103.87,1.301],[103.849,1.271],[103.818,1.269],[103.784,1.284],[103.761,1.307],[103.734,1.31],[103.714,1.312],[103.685,1.309],[103.666,1.301],[103.647,1.322],[103.64,1.346],[103.655,1.374],[103.664,1.395],[103.674,1.417],[103.706,1.446],[103.728,1.457],[103.746,1.43],[103.772,1.456],[103.801,1.473],[103.827,1.472],[103.854,1.46],[103.864,1.436],[103.896,1.418],[103.922,1.408],[103.941,1.395],[103.972,1.39],[103.993,1.398],[104.003,1.379],[104.0,1.375]]]}},{"type":"Feature","properties":{},"geometry":{"type":"Polygon","coordinates":[[[122.0,-0.4],[122.007,-0.419],[121.988,-0.421],[121.964,-0.415],[121.943,-0.418],[121.922,-0.433],[121.91,-0.455],[121.912,-0.478],[121.911,-0.502],[121.902,-0.522],[121.884,-0.534],[121.877,-0.515],[121.859,-0.492],[121.841,-0.49],[121.82,-0.499],[121.842,-0.505],[121.827,-0.524],[121.807,-0.51],[121.778,-0.495],[121.76,-0.496],[121.739,-0.505],[121.715,-0.519],[121.699,-0.541],[121.682,-0.56],[121.662,-0.571],[121.651,-0.548],[121.653,-0.528],[121.665,-0.506],[121.69,-0.479],[121.698,-0.46],[121.726,-0.454],[121.75,-0.443],[121.75,-0.422],[121.769,-0.411],[121.778,-0.445],[121.801,-0.437],[121.821,-0.425],[121.845,-0.406],[121.863,-0.408],[121.891,-0.422],[121.868,-0.411],[121.87,-0.39],[121.857,-0.367],[121.878,-0.359],[121.882,-0.338],[121.901,-0.332],[121.921,-0.35],[121.921,-0.369],[121.94,-0.359],[121.959,-0.356],[121.941,-0.345],[121.916,-0.33],[121.947,-0.32],[121.968,-0.33],[121.992,-0.334],[121.974,-0.346],[121.995,-0.346],[122.009,-0.365],[122.021,-0.346],[122.04,-0.334],[122.066,-0.34],[122.069,-0.318],[122.065,-0.297],[122.08,-0.268],[122.096,-0.298],[122.1,-0.321],[122.122,-0.341],[122.14,-0.352],[122.144,-0.378],[122.141,-0.396],[122.123,-0.408],[122.097,-0.4],[122.097,-0.418],[122.093,-0.437],[122.07,-0.419],[122.06,-0.397],[122.043,-0.42],[122.021,-0.421],[122.005,-0.394],[122.0,-0.4]]]}},{"type":"Feature","properties":{},"geometry":{"type":"Polygon","coordinates":[[[98.295,7.994],[98.294,8.025],[98.275,8.037],[98.281,8.057],[98.289,8.085],[98.306,8.108],[98.303,8.143],[98.289,8.191],[98.31,8.19],[98.332,8.174],[98.347,8.147],[98.35,8.117],[98.372,8.119],[98.38,8.098],[98.401,8.08],[98.422,8.086],[98.445,8.093],[98.448,8.07],[98.436,8.038],[98.415,8.024],[98.415,8.0],[98.398,7.978],[98.4,7.944],[98.418,7.924],[98.426,7.904],[98.447,7.912],[98.442,7.893],[98.441,7.867],[98.419,7.869],[98.399,7.867],[98.398,7.848],[98.408,7.827],[98.407,7.809],[98.38,7.838],[98.358,7.832],[98.338,7.79],[98.325,7.77],[98.305,7.757],[98.29,7.777],[98.301,7.803],[98.292,7.823],[98.295,7.853],[98.275,7.868],[98.267,7.891],[98.293,7.885],[98.299,7.908],[98.277,7.924],[98.267,7.947],[98.286,7.951],[98.28,7.977],[98.295,7.994]]]}},{"type":"Feature","properties":{},"geometry":{"type":"Polygon","coordinates":[[[123.0,-8.406],[123.001,-8.371],[123.011,-8.353],[123.022,-8.328],[123.044,-8.307],[123.08,-8.278],[123.105,-8.27],[123.129,-8.248],[123.147,-8.235],[123.19,-8.244],[123.22,-8.229],[123.229,-8.25],[123.253,-8.23],[123.282,-8.252],[123.308,-8.25],[123.33,-8.259],[123.338,-8.279],[123.318,-8.295],[123.313,-8.325],[123.318,-8.359],[123.307,-8.386],[123.287,-8.395],[123.267,-8.4],[123.247,-8.397],[123.225,-8.395],[123.185,-8.389],[123.162,-8.393],[123.133,-8.394],[123.11,-8.406],[123.089,-8.407],[123.069,-8.415],[123.05,-8.403],[123.028,-8.407],[123.01,-8.417],[123.0,-8.406]]]}},{"type":"Feature","properties":{},"geometry":{"type":"Polygon","coordinates":[[[124.333,11.677],[124.361,11.687],[124.402,11.703],[124.421,11.712],[124.467,11.709],[124.499,11.694],[124.53,11.68],[124.541,11.654],[124.562,11.625],[124.562,11.603],[124.576,11.582],[124.603,11.555],[124.618,11.531],[124.605,11.495],[124.585,11.475],[124.56,11.473],[124.537,11.473],[124.509,11.47],[124.491,11.469],[124.463,11.466],[124.44,11.49],[124.422,11.518],[124.417,11.536],[124.396,11.556],[124.389,11.578],[124.394,11.597],[124.375,11.618],[124.355,11.645],[124.354,11.665],[124.335,11.671],[124.333,11.677]]]}},{"type":"Feature","properties":{},"geometry":{"type":"Polygon","coordinates":[[[25.441,39.999],[25.417,39.972],[25.388,39.944],[25.389,39.912],[25.369,39.915],[25.359,39.892],[25.344,39.868],[25.344,39.842],[25.375,39.813],[25.352,39.802],[25.356,39.783],[25.302,39.795],[25.296,39.821],[25.267,39.833],[25.249,39.853],[25.27,39.868],[25.279,39.896],[25.252,39.914],[25.234,39.912],[25.192,39.885],[25.226,39.88],[25.208,39.88],[25.18,39.85],[25.202,39.843],[25.209,39.821],[25.238,39.797],[25.201,39.802],[25.168,39.801],[25.141,39.809],[25.155,39.831],[25.175,39.853],[25.152,39.852],[25.128,39.835],[25.107,39.85],[25.085,39.84],[25.066,39.842],[25.047,39.834],[25.065,39.853],[25.06,39.873],[25.066,39.9],[25.072,39.92],[25.047,39.933],[25.044,39.96],[25.045,39.985],[25.064,39.993],[25.102,39.993],[25.126,40.0],[25.15,40.005],[25.171,39.992],[25.193,39.999],[25.22,40.001],[25.239,40.001],[25.265,39.988],[25.266,39.965],[25.289,39.957],[25.314,39.961],[25.333,39.965],[25.346,39.986],[25.373,40.003],[25.393,40.008],[25.412,40.013],[25.448,40.039],[25.435,40.018],[25.441,39.999]]]}},{"type":"Feature","properties":{},"geometry":{"type":"Polygon","coordinates":[[[27.0,37.707],[26.979,37.705],[26.955,37.691],[26.927,37.688],[26.892,37.675],[26.884,37.647],[26.862,37.639],[26.832,37.64],[26.802,37.64],[26.775,37.67],[26.753,37.697],[26.732,37.703],[26.68,37.709],[26.642,37.703],[26.622,37.688],[26.6,37.681],[26.577,37.692],[26.57,37.722],[26.582,37.749],[26.607,37.77],[26.627,37.769],[26.657,37.791],[26.689,37.797],[26.736,37.814],[26.787,37.812],[26.816,37.81],[26.848,37.808],[26.88,37.781],[26.91,37.774],[26.928,37.773],[26.958,37.759],[26.949,37.782],[26.982,37.78],[27.015,37.779],[27.035,37.775],[27.067,37.78],[27.032,37.764],[27.042,37.739],[27.066,37.73],[27.061,37.71],[27.039,37.705],[27.021,37.709],[27.0,37.707]]]}},{"type":"Feature","properties":{},"geometry":{"type":"Polygon","coordinates":[[[122.048,29.999],[122.024,29.995],[122.01,30.025],[121.98,30.052],[121.986,30.074],[121.983,30.108],[121.968,30.127],[121.957,30.145],[121.935,30.163],[121.949,30.188],[121.978,30.173],[121.978,30.153],[121.998,30.148],[122.022,30.149],[122.048,30.148],[122.067,30.156],[122.086,30.155],[122.104,30.16],[122.123,30.14],[122.143,30.116],[122.166,30.12],[122.185,30.113],[122.205,30.095],[122.226,30.099],[122.237,30.08],[122.272,30.066],[122.307,30.041],[122.329,30.02],[122.328,29.999],[122.316,29.981],[122.311,29.957],[122.284,29.942],[122.241,29.965],[122.205,29.978],[122.166,29.994],[122.122,29.99],[122.104,30.009],[122.062,30.011],[122.048,29.999]]]}},{"type":"Feature","properties":{},"geometry":{"type":"Polygon","coordinates":[[[98.297,12.644],[98.305,12.665],[98.308,12.685],[98.334,12.673],[98.358,12.668],[98.382,12.662],[98.41,12.629],[98.394,12.611],[98.397,12.592],[98.387,12.573],[98.409,12.56],[98.418,12.541],[98.43,12.521],[98.429,12.547],[98.441,12.567],[98.435,12.593],[98.46,12.609],[98.468,12.587],[98.479,12.568],[98.469,12.542],[98.468,12.498],[98.461,12.452],[98.423,12.43],[98.422,12.399],[98.38,12.352],[98.367,12.325],[98.342,12.311],[98.317,12.325],[98.305,12.347],[98.316,12.392],[98.325,12.415],[98.33,12.433],[98.334,12.453],[98.317,12.482],[98.326,12.5],[98.329,12.523],[98.328,12.544],[98.307,12.56],[98.3,12.579],[98.304,12.6],[98.3,12.621],[98.297,12.644]]]}},{"type":"Feature","properties":{},"geometry":{"type":"Polygon","coordinates":[[[127.093,-0.43],[127.111,-0.415],[127.109,-0.397],[127.111,-0.377],[127.127,-0.343],[127.125,-0.325],[127.106,-0.305],[127.101,-0.286],[127.122,-0.277],[127.141,-0.267],[127.164,-0.263],[127.191,-0.262],[127.221,-0.261],[127.242,-0.253],[127.255,-0.277],[127.275,-0.286],[127.293,-0.274],[127.298,-0.294],[127.28,-0.298],[127.261,-0.293],[127.245,-0.322],[127.248,-0.342],[127.268,-0.36],[127.278,-0.39],[127.256,-0.412],[127.261,-0.438],[127.271,-0.457],[127.25,-0.478],[127.257,-0.499],[127.228,-0.499],[127.22,-0.519],[127.2,-0.522],[127.182,-0.529],[127.162,-0.531],[127.143,-0.532],[127.124,-0.522],[127.118,-0.504],[127.106,-0.479],[127.138,-0.481],[127.114,-0.45],[127.093,-0.43]]]}},{"type":"Feature","properties":{},"geometry":{"type":"Polygon","coordinates":[[[129.229,34.362],[129.252,34.355],[129.273,34.375],[129.275,34.407],[129.272,34.428],[129.287,34.446],[129.312,34.451],[129.283,34.449],[129.274,34.467],[129.292,34.487],[129.296,34.507],[129.308,34.527],[129.33,34.529],[129.329,34.551],[129.309,34.555],[129.287,34.557],[129.298,34.584],[129.305,34.603],[129.319,34.629],[129.32,34.65],[129.343,34.647],[129.364,34.648],[129.384,34.645],[129.396,34.664],[129.419,34.677],[129.417,34.699],[129.44,34.695],[129.458,34.693],[129.485,34.696],[129.475,34.674],[129.495,34.684],[129.497,34.665],[129.473,34.659],[129.493,34.644],[129.473,34.627],[129.447,34.631],[129.456,34.612],[129.438,34.624],[129.455,34.605],[129.476,34.595],[129.472,34.575],[129.475,34.555],[129.458,34.533],[129.441,34.515],[129.416,34.49],[129.398,34.479],[129.387,34.457],[129.383,34.434],[129.38,34.412],[129.354,34.388],[129.377,34.399],[129.397,34.412],[129.395,34.393],[129.376,34.389],[129.373,34.37],[129.393,34.364],[129.367,34.346],[129.388,34.347],[129.37,34.339],[129.375,34.32],[129.352,34.296],[129.334,34.307],[129.313,34.317],[129.291,34.323],[129.311,34.331],[129.331,34.327],[129.352,34.32],[129.355,34.343],[129.345,34.362],[129.321,34.37],[129.326,34.35],[129.306,34.338],[129.312,34.36],[129.311,34.379],[129.287,34.382],[129.279,34.363],[129.302,34.357],[129.289,34.338],[129.27,34.354],[129.238,34.351],[129.229,34.362]]]}},{"type":"Feature","properties":{},"geometry":{"type":"Polygon","coordinates":[[[93.48,18.869],[93.509,18.873],[93.527,18.879],[93.56,18.886],[93.583,18.89],[93.607,18.905],[93.627,18.901],[93.637,18.882],[93.657,18.875],[93.678,18.872],[93.709,18.868],[93.742,18.881],[93.74,18.858],[93.745,18.824],[93.74,18.791],[93.744,18.757],[93.75,18.738],[93.738,18.702],[93.725,18.677],[93.702,18.671],[93.681,18.67],[93.65,18.686],[93.599,18.729],[93.572,18.745],[93.546,18.762],[93.522,18.793],[93.517,18.816],[93.494,18.85],[93.48,18.869]]]}},{"type":"Feature","properties":{},"geometry":{"type":"Polygon","coordinates":[[[98.284,-0.528],[98.314,-0.519],[98.337,-0.529],[98.347,-0.503],[98.35,-0.485],[98.374,-0.463],[98.37,-0.412],[98.363,-0.388],[98.377,-0.35],[98.391,-0.328],[98.417,-0.32],[98.436,-0.304],[98.431,-0.285],[98.42,-0.266],[98.409,-0.246],[98.432,-0.246],[98.451,-0.264],[98.471,-0.29],[98.489,-0.31],[98.495,-0.332],[98.512,-0.352],[98.515,-0.374],[98.508,-0.395],[98.51,-0.42],[98.506,-0.443],[98.505,-0.48],[98.492,-0.51],[98.505,-0.55],[98.493,-0.576],[98.487,-0.556],[98.472,-0.575],[98.477,-0.547],[98.451,-0.552],[98.422,-0.549],[98.411,-0.573],[98.423,-0.597],[98.393,-0.572],[98.358,-0.553],[98.334,-0.547],[98.316,-0.535],[98.294,-0.537],[98.284,-0.528]]]}},{"type":"Feature","properties":{},"geometry":{"type":"Polygon","coordinates":[[[122.421,12.44],[122.426,12.459],[122.453,12.484],[122.476,12.491],[122.494,12.499],[122.516,12.496],[122.535,12.507],[122.558,12.5],[122.593,12.494],[122.632,12.495],[122.652,12.487],[122.668,12.465],[122.671,12.445],[122.685,12.424],[122.697,12.404],[122.685,12.383],[122.69,12.363],[122.684,12.337],[122.667,12.311],[122.631,12.284],[122.608,12.298],[122.572,12.307],[122.55,12.35],[122.522,12.374],[122.503,12.377],[122.457,12.394],[122.432,12.412],[122.421,12.44]]]}},{"type":"Feature","properties":{},"geometry":{"type":"Polygon","coordinates":[[[115.296,-7.001],[115.27,-7.002],[115.251,-6.989],[115.238,-6.97],[115.258,-6.955],[115.239,-6.95],[115.215,-6.938],[115.194,-6.933],[115.196,-6.889],[115.231,-6.881],[115.247,-6.862],[115.23,-6.84],[115.317,-6.834],[115.394,-6.834],[115.432,-6.843],[115.522,-6.885],[115.541,-6.902],[115.56,-6.919],[115.566,-6.943],[115.547,-6.962],[115.518,-6.946],[115.499,-6.952],[115.484,-6.926],[115.458,-6.932],[115.456,-6.913],[115.426,-6.915],[115.412,-6.938],[115.39,-6.927],[115.387,-6.907],[115.36,-6.912],[115.368,-6.931],[115.35,-6.92],[115.331,-6.919],[115.333,-6.938],[115.352,-6.941],[115.375,-6.955],[115.385,-6.979],[115.373,-6.997],[115.353,-6.995],[115.329,-6.999],[115.315,-6.978],[115.308,-6.955],[115.304,-6.977],[115.283,-6.974],[115.293,-6.997],[115.296,-7.001]]]}},{"type":"Feature","properties":{},"geometry":{"type":"Polygon","coordinates":[[[39.587,-7.947],[39.61,-7.945],[39.622,-7.925],[39.67,-7.901],[39.697,-7.858],[39.715,-7.846],[39.707,-7.825],[39.729,-7.815],[39.747,-7.815],[39.767,-7.806],[39.787,-7.802],[39.814,-7.79],[39.787,-7.786],[39.798,-7.768],[39.818,-7.75],[39.845,-7.729],[39.866,-7.701],[39.867,-7.683],[39.887,-7.667],[39.9,-7.64],[39.909,-7.683],[39.906,-7.701],[39.898,-7.758],[39.89,-7.783],[39.885,-7.802],[39.872,-7.829],[39.851,-7.848],[39.851,-7.868],[39.847,-7.893],[39.832,-7.915],[39.807,-7.918],[39.781,-7.907],[39.757,-7.918],[39.735,-7.934],[39.731,-7.953],[39.748,-7.975],[39.726,-7.98],[39.702,-7.989],[39.663,-7.992],[39.645,-7.994],[39.62,-7.983],[39.603,-7.96],[39.587,-7.947]]]}},{"type":"Feature","properties":{},"geometry":{"type":"Polygon","coordinates":[[[117.902,4.171],[117.928,4.131],[117.919,4.096],[117.927,4.067],[117.906,4.045],[117.882,4.04],[117.859,4.036],[117.832,4.06],[117.8,4.076],[117.78,4.086],[117.757,4.106],[117.738,4.12],[117.716,4.143],[117.691,4.164],[117.672,4.174],[117.651,4.19],[117.629,4.207],[117.632,4.234],[117.657,4.25],[117.677,4.271],[117.707,4.266],[117.751,4.264],[117.779,4.246],[117.799,4.221],[117.826,4.2],[117.867,4.19],[117.891,4.178],[117.902,4.171]]]}},{"type":"Feature","properties":{},"geometry":{"type":"Polygon","coordinates":[[[117.049,7.182],[117.063,7.202],[117.059,7.228],[117.066,7.257],[117.057,7.287],[117.077,7.302],[117.108,7.307],[117.127,7.324],[117.146,7.348],[117.164,7.34],[117.183,7.355],[117.214,7.358],[117.241,7.351],[117.273,7.35],[117.277,7.319],[117.27,7.298],[117.267,7.279],[117.274,7.26],[117.274,7.236],[117.272,7.216],[117.244,7.194],[117.221,7.192],[117.207,7.17],[117.166,7.17],[117.137,7.159],[117.112,7.148],[117.093,7.135],[117.082,7.112],[117.061,7.13],[117.06,7.159],[117.057,7.178],[117.049,7.182]]]}},{"type":"Feature","properties":{},"geometry":{"type":"Polygon","coordinates":[[[25.565,36.992],[25.56,36.969],[25.537,36.953],[25.51,36.952],[25.485,36.932],[25.461,36.922],[25.437,36.917],[25.427,36.962],[25.407,36.969],[25.385,36.974],[25.392,36.992],[25.372,37.02],[25.375,37.044],[25.355,37.062],[25.334,37.076],[25.362,37.088],[25.376,37.11],[25.395,37.117],[25.413,37.136],[25.437,37.137],[25.462,37.15],[25.481,37.178],[25.504,37.19],[25.532,37.204],[25.55,37.183],[25.573,37.171],[25.59,37.146],[25.591,37.127],[25.6,37.108],[25.592,37.088],[25.589,37.068],[25.58,37.023],[25.565,36.992]]]}},{"type":"Feature","properties":{},"geometry":{"type":"Polygon","coordinates":[[[44.203,-12.167],[44.232,-12.165],[44.26,-12.182],[44.278,-12.18],[44.305,-12.194],[44.326,-12.192],[44.353,-12.186],[44.374,-12.18],[44.401,-12.154],[44.422,-12.139],[44.434,-12.118],[44.42,-12.098],[44.442,-12.08],[44.464,-12.065],[44.489,-12.084],[44.493,-12.103],[44.495,-12.128],[44.501,-12.153],[44.515,-12.176],[44.522,-12.213],[44.532,-12.242],[44.525,-12.278],[44.53,-12.305],[44.53,-12.336],[44.53,-12.358],[44.527,-12.379],[44.492,-12.375],[44.493,-12.353],[44.466,-12.323],[44.443,-12.314],[44.422,-12.287],[44.404,-12.284],[44.394,-12.262],[44.344,-12.235],[44.306,-12.231],[44.275,-12.214],[44.254,-12.201],[44.232,-12.189],[44.212,-12.176],[44.203,-12.167]]]}},{"type":"Feature","properties":{},"geometry":{"type":"Polygon","coordinates":[[[123.136,12.999],[123.141,12.973],[123.159,12.944],[123.18,12.917],[123.203,12.91],[123.222,12.909],[123.258,12.899],[123.279,12.879],[123.28,12.859],[123.284,12.835],[123.303,12.797],[123.329,12.769],[123.342,12.75],[123.371,12.722],[123.381,12.702],[123.357,12.697],[123.33,12.725],[123.309,12.753],[123.306,12.772],[123.289,12.792],[123.274,12.815],[123.259,12.834],[123.221,12.84],[123.201,12.844],[123.169,12.885],[123.145,12.89],[123.13,12.91],[123.105,12.927],[123.106,12.947],[123.084,12.954],[123.064,12.979],[123.052,12.999],[123.027,12.997],[123.008,13.01],[122.983,13.008],[122.965,13.022],[122.944,13.027],[122.947,13.047],[122.944,13.07],[122.952,13.097],[122.927,13.11],[122.957,13.128],[122.978,13.12],[122.975,13.139],[122.988,13.16],[123.013,13.14],[123.042,13.14],[123.055,13.122],[123.064,13.1],[123.088,13.07],[123.1,13.035],[123.12,13.028],[123.134,13.01],[123.136,12.999]]]}},{"type":"Feature","properties":{},"geometry":{"type":"Polygon","coordinates":[[[126.0,9.782],[125.988,9.802],[125.973,9.824],[125.947,9.837],[125.959,9.857],[125.979,9.858],[125.96,9.88],[125.965,9.9],[125.973,9.926],[125.997,9.942],[126.012,9.972],[126.028,10.0],[126.026,10.023],[126.047,10.055],[126.07,10.052],[126.069,10.022],[126.082,10.002],[126.099,9.968],[126.103,9.949],[126.115,9.921],[126.11,9.897],[126.115,9.868],[126.092,9.853],[126.07,9.836],[126.099,9.855],[126.122,9.839],[126.141,9.847],[126.142,9.828],[126.148,9.809],[126.168,9.813],[126.163,9.788],[126.13,9.772],[126.112,9.759],[126.092,9.749],[126.07,9.751],[126.044,9.763],[126.024,9.771],[126.031,9.746],[126.0,9.782]]]}},{"type":"Feature","properties":{},"geometry":{"type":"Polygon","coordinates":[[[98.369,11.776],[98.398,11.791],[98.442,11.785],[98.467,11.78],[98.435,11.797],[98.461,11.8],[98.482,11.795],[98.515,11.81],[98.543,11.786],[98.548,11.768],[98.548,11.729],[98.551,11.707],[98.55,11.681],[98.539,11.633],[98.553,11.613],[98.532,11.59],[98.529,11.566],[98.526,11.539],[98.531,11.515],[98.5,11.543],[98.503,11.568],[98.477,11.56],[98.456,11.574],[98.44,11.555],[98.432,11.573],[98.434,11.593],[98.415,11.588],[98.416,11.615],[98.416,11.641],[98.396,11.651],[98.375,11.679],[98.379,11.702],[98.408,11.705],[98.387,11.712],[98.37,11.739],[98.388,11.764],[98.411,11.76],[98.377,11.765],[98.369,11.776]]]}},{"type":"Feature","properties":{},"geometry":{"type":"Polygon","coordinates":[[[103.446,-0.36],[103.456,-0.339],[103.47,-0.299],[103.52,-0.233],[103.54,-0.22],[103.591,-0.23],[103.617,-0.23],[103.622,-0.25],[103.602,-0.244],[103.631,-0.247],[103.66,-0.262],[103.684,-0.265],[103.708,-0.265],[103.76,-0.308],[103.776,-0.338],[103.743,-0.343],[103.717,-0.347],[103.686,-0.355],[103.63,-0.38],[103.609,-0.392],[103.589,-0.38],[103.555,-0.385],[103.535,-0.389],[103.506,-0.348],[103.464,-0.374],[103.446,-0.36]]]}},{"type":"Feature","properties":{},"geometry":{"type":"Polygon","coordinates":[[[103.965,1.0],[103.943,1.012],[103.922,1.036],[103.915,1.063],[103.9,1.087],[103.921,1.087],[103.942,1.082],[103.933,1.103],[103.935,1.125],[103.922,1.143],[103.946,1.136],[103.967,1.142],[103.99,1.129],[104.008,1.127],[103.994,1.148],[104.012,1.143],[104.009,1.183],[104.031,1.191],[104.042,1.162],[104.06,1.158],[104.052,1.139],[104.072,1.135],[104.091,1.149],[104.11,1.144],[104.074,1.168],[104.081,1.19],[104.102,1.195],[104.134,1.182],[104.149,1.15],[104.154,1.117],[104.14,1.083],[104.145,1.052],[104.129,1.032],[104.107,1.06],[104.08,1.056],[104.098,1.058],[104.105,1.031],[104.085,1.024],[104.094,0.996],[104.075,0.996],[104.05,0.998],[104.043,0.978],[104.025,0.983],[104.006,0.996],[104.0,1.015],[103.979,1.011],[103.965,1.0]]]}},{"type":"Feature","properties":{},"geometry":{"type":"Polygon","coordinates":[[[111.288,2.708],[111.289,2.734],[111.298,2.763],[111.313,2.783],[111.337,2.786],[111.36,2.766],[111.383,2.718],[111.385,2.607],[111.378,2.573],[111.378,2.54],[111.382,2.516],[111.378,2.493],[111.396,2.464],[111.402,2.417],[111.41,2.399],[111.422,2.381],[111.397,2.378],[111.378,2.374],[111.367,2.352],[111.345,2.37],[111.345,2.398],[111.324,2.423],[111.298,2.437],[111.297,2.467],[111.309,2.532],[111.3,2.597],[111.295,2.619],[111.295,2.656],[111.288,2.708]]]}},{"type":"Feature","properties":{},"geometry":{"type":"Polygon","coordinates":[[[20.618,37.863],[20.625,37.882],[20.7,37.935],[20.711,37.909],[20.719,37.888],[20.735,37.87],[20.772,37.841],[20.792,37.848],[20.813,37.84],[20.84,37.83],[20.86,37.827],[20.885,37.816],[20.905,37.806],[20.905,37.783],[20.927,37.765],[20.951,37.745],[20.971,37.736],[20.993,37.73],[20.99,37.709],[20.969,37.715],[20.947,37.72],[20.92,37.736],[20.887,37.734],[20.863,37.721],[20.842,37.698],[20.859,37.666],[20.845,37.646],[20.825,37.65],[20.803,37.656],[20.775,37.685],[20.757,37.709],[20.735,37.72],[20.712,37.725],[20.692,37.743],[20.68,37.764],[20.68,37.784],[20.652,37.794],[20.63,37.814],[20.63,37.835],[20.627,37.854],[20.618,37.863]]]}},{"type":"Feature","properties":{},"geometry":{"type":"Polygon","coordinates":[[[102.1,-5.337],[102.126,-5.31],[102.15,-5.31],[102.151,-5.29],[102.17,-5.278],[102.217,-5.303],[102.238,-5.316],[102.267,-5.322],[102.295,-5.347],[102.313,-5.355],[102.343,-5.36],[102.366,-5.37],[102.385,-5.385],[102.4,-5.407],[102.385,-5.432],[102.379,-5.458],[102.359,-5.454],[102.38,-5.482],[102.37,-5.506],[102.347,-5.499],[102.323,-5.478],[102.293,-5.478],[102.285,-5.497],[102.26,-5.493],[102.258,-5.47],[102.24,-5.456],[102.216,-5.42],[102.179,-5.406],[102.148,-5.375],[102.11,-5.354],[102.1,-5.337]]]}},{"type":"Feature","properties":{},"geometry":{"type":"Polygon","coordinates":[[[120.0,11.898],[120.022,11.894],[120.041,11.878],[120.062,11.871],[120.063,11.853],[120.036,11.853],[120.035,11.827],[120.03,11.807],[120.059,11.804],[120.053,11.78],[120.034,11.759],[120.053,11.761],[120.051,11.734],[120.029,11.713],[120.005,11.692],[119.986,11.68],[119.965,11.686],[119.968,11.665],[119.942,11.659],[119.944,11.68],[119.94,11.705],[119.935,11.73],[119.957,11.728],[119.962,11.75],[119.973,11.77],[119.992,11.771],[119.99,11.791],[119.971,11.791],[119.964,11.768],[119.944,11.765],[119.924,11.761],[119.917,11.785],[119.909,11.808],[119.891,11.828],[119.911,11.841],[119.89,11.862],[119.873,11.887],[119.865,11.914],[119.845,11.945],[119.867,11.947],[119.878,11.928],[119.879,11.958],[119.882,11.979],[119.902,11.98],[119.919,11.959],[119.939,11.95],[119.965,11.944],[119.942,11.941],[119.95,11.922],[119.957,11.901],[119.967,11.92],[119.988,11.927],[120.006,11.934],[120.027,11.919],[120.007,11.908],[119.985,11.902],[120.0,11.898]]]}},{"type":"Feature","properties":{},"geometry":{"type":"Polygon","coordinates":[[[41.993,16.69],[41.962,16.674],[41.942,16.687],[41.918,16.703],[41.892,16.721],[41.87,16.731],[41.85,16.747],[41.834,16.767],[41.831,16.786],[41.816,16.804],[41.792,16.819],[41.77,16.812],[41.782,16.837],[41.773,16.86],[41.756,16.88],[41.752,16.899],[41.772,16.896],[41.79,16.88],[41.822,16.868],[41.845,16.85],[41.866,16.825],[41.865,16.794],[41.88,16.773],[41.908,16.754],[41.936,16.756],[41.962,16.743],[41.998,16.755],[42.019,16.742],[42.025,16.722],[42.054,16.73],[42.077,16.727],[42.072,16.75],[42.041,16.738],[42.03,16.757],[42.042,16.794],[42.062,16.804],[42.082,16.826],[42.1,16.809],[42.099,16.787],[42.11,16.765],[42.134,16.752],[42.154,16.724],[42.178,16.728],[42.169,16.71],[42.189,16.715],[42.188,16.691],[42.171,16.672],[42.177,16.644],[42.18,16.625],[42.186,16.593],[42.158,16.589],[42.136,16.616],[42.07,16.635],[42.094,16.645],[42.11,16.664],[42.108,16.683],[42.077,16.698],[42.048,16.7],[42.013,16.69],[41.993,16.69]]]}},{"type":"Feature","properties":{},"geometry":{"type":"Polygon","coordinates":[[[128.677,35.0],[128.672,35.022],[128.678,35.042],[128.7,35.033],[128.722,35.024],[128.703,35.006],[128.696,34.975],[128.718,34.962],[128.727,34.938],[128.724,34.914],[128.704,34.89],[128.705,34.87],[128.73,34.89],[128.752,34.894],[128.743,34.867],[128.723,34.864],[128.735,34.842],[128.716,34.848],[128.708,34.828],[128.731,34.801],[128.71,34.794],[128.688,34.798],[128.666,34.799],[128.67,34.78],[128.646,34.776],[128.65,34.75],[128.676,34.743],[128.657,34.738],[128.631,34.73],[128.637,34.709],[128.609,34.7],[128.577,34.701],[128.584,34.724],[128.602,34.726],[128.577,34.74],[128.578,34.761],[128.598,34.763],[128.576,34.776],[128.554,34.765],[128.568,34.785],[128.544,34.775],[128.55,34.793],[128.578,34.793],[128.585,34.819],[128.577,34.839],[128.539,34.834],[128.525,34.815],[128.5,34.824],[128.477,34.847],[128.471,34.87],[128.492,34.9],[128.512,34.906],[128.543,34.915],[128.566,34.9],[128.586,34.913],[128.604,34.897],[128.636,34.895],[128.617,34.907],[128.602,34.926],[128.588,34.952],[128.611,34.967],[128.632,34.963],[128.652,34.959],[128.65,34.979],[128.66,34.997],[128.677,35.0]]]}},{"type":"Feature","properties":{},"geometry":{"type":"Polygon","coordinates":[[[117.199,3.538],[117.21,3.56],[117.23,3.587],[117.272,3.59],[117.297,3.562],[117.328,3.568],[117.366,3.568],[117.402,3.551],[117.393,3.524],[117.416,3.538],[117.42,3.56],[117.504,3.548],[117.533,3.532],[117.567,3.525],[117.618,3.501],[117.617,3.472],[117.564,3.474],[117.546,3.47],[117.54,3.501],[117.515,3.504],[117.52,3.485],[117.498,3.463],[117.489,3.436],[117.467,3.448],[117.426,3.461],[117.391,3.468],[117.369,3.473],[117.351,3.484],[117.327,3.49],[117.305,3.485],[117.272,3.485],[117.23,3.495],[117.199,3.538]]]}},{"type":"Feature","properties":{},"geometry":{"type":"Polygon","coordinates":[[[24.511,40.657],[24.526,40.687],[24.533,40.708],[24.56,40.741],[24.562,40.762],[24.583,40.76],[24.612,40.78],[24.631,40.795],[24.651,40.802],[24.67,40.785],[24.696,40.778],[24.714,40.782],[24.733,40.777],[24.75,40.755],[24.769,40.746],[24.76,40.72],[24.784,40.706],[24.785,40.687],[24.765,40.676],[24.771,40.654],[24.774,40.63],[24.777,40.608],[24.742,40.6],[24.722,40.605],[24.697,40.595],[24.669,40.583],[24.647,40.569],[24.621,40.585],[24.607,40.612],[24.588,40.623],[24.57,40.626],[24.529,40.62],[24.515,40.647],[24.511,40.657]]]}},{"type":"Feature","properties":{},"geometry":{"type":"Polygon","coordinates":[[[121.69,-10.573],[121.714,-10.561],[121.767,-10.535],[121.787,-10.518],[121.805,-10.509],[121.836,-10.498],[121.846,-10.465],[121.882,-10.43],[121.932,-10.428],[121.953,-10.441],[121.987,-10.44],[122.0,-10.464],[121.99,-10.483],[121.989,-10.511],[121.981,-10.539],[121.946,-10.554],[121.917,-10.584],[121.89,-10.595],[121.882,-10.615],[121.854,-10.615],[121.832,-10.62],[121.797,-10.602],[121.775,-10.604],[121.755,-10.61],[121.715,-10.588],[121.69,-10.573]]]}},{"type":"Feature","properties":{},"geometry":{"type":"Polygon","coordinates":[[[25.0,37.771],[24.989,37.753],[24.975,37.72],[24.954,37.706],[24.964,37.683],[24.93,37.696],[24.91,37.717],[24.895,37.747],[24.881,37.768],[24.861,37.772],[24.845,37.792],[24.825,37.797],[24.816,37.82],[24.796,37.816],[24.788,37.842],[24.775,37.864],[24.756,37.871],[24.734,37.88],[24.71,37.873],[24.71,37.897],[24.698,37.917],[24.692,37.943],[24.689,37.963],[24.709,37.975],[24.73,37.981],[24.748,37.995],[24.777,37.999],[24.795,37.978],[24.817,37.968],[24.826,37.937],[24.84,37.91],[24.871,37.91],[24.898,37.905],[24.93,37.905],[24.948,37.9],[24.959,37.879],[24.951,37.859],[24.944,37.837],[24.969,37.828],[24.966,37.798],[24.961,37.779],[24.986,37.772],[25.0,37.771]]]}},{"type":"Feature","properties":{},"geometry":{"type":"Polygon","coordinates":[[[45.036,-12.721],[45.045,-12.702],[45.069,-12.691],[45.079,-12.671],[45.104,-12.649],[45.087,-12.669],[45.112,-12.687],[45.122,-12.708],[45.131,-12.727],[45.153,-12.73],[45.174,-12.728],[45.197,-12.729],[45.22,-12.744],[45.239,-12.76],[45.237,-12.78],[45.217,-12.793],[45.204,-12.812],[45.195,-12.83],[45.2,-12.858],[45.22,-12.871],[45.211,-12.89],[45.196,-12.913],[45.175,-12.932],[45.177,-12.965],[45.203,-12.973],[45.182,-12.983],[45.155,-12.979],[45.148,-12.998],[45.124,-12.995],[45.104,-12.988],[45.107,-12.968],[45.081,-12.96],[45.1,-12.929],[45.08,-12.921],[45.067,-12.9],[45.096,-12.897],[45.101,-12.918],[45.122,-12.927],[45.143,-12.933],[45.136,-12.901],[45.118,-12.879],[45.099,-12.861],[45.099,-12.842],[45.103,-12.814],[45.099,-12.795],[45.1,-12.77],[45.082,-12.765],[45.057,-12.751],[45.039,-12.743],[45.055,-12.724],[45.036,-12.721]]]}},{"type":"Feature","properties":{},"geometry":{"type":"Polygon","coordinates":[[[99.64,6.425],[99.663,6.435],[99.692,6.436],[99.734,6.434],[99.734,6.414],[99.76,6.421],[99.79,6.42],[99.817,6.455],[99.837,6.452],[99.831,6.47],[99.856,6.471],[99.867,6.452],[99.868,6.432],[99.897,6.414],[99.902,6.392],[99.91,6.373],[99.918,6.349],[99.913,6.33],[99.886,6.323],[99.867,6.309],[99.846,6.326],[99.822,6.32],[99.789,6.29],[99.759,6.285],[99.739,6.267],[99.724,6.298],[99.726,6.329],[99.72,6.355],[99.697,6.355],[99.678,6.368],[99.654,6.363],[99.643,6.393],[99.644,6.413],[99.64,6.425]]]}},{"type":"Feature","properties":{},"geometry":{"type":"Polygon","coordinates":[[[128.0,-8.26],[127.964,-8.253],[127.946,-8.223],[127.924,-8.219],[127.894,-8.22],[127.868,-8.219],[127.838,-8.206],[127.806,-8.197],[127.788,-8.176],[127.786,-8.143],[127.764,-8.125],[127.781,-8.105],[127.809,-8.105],[127.842,-8.114],[127.876,-8.119],[127.902,-8.131],[127.927,-8.131],[127.948,-8.148],[127.967,-8.147],[127.993,-8.14],[128.027,-8.15],[128.051,-8.15],[128.074,-8.145],[128.102,-8.14],[128.128,-8.158],[128.113,-8.178],[128.087,-8.188],[128.067,-8.207],[128.055,-8.228],[128.047,-8.249],[128.012,-8.266],[128.0,-8.26]]]}},{"type":"Feature","properties":{},"geometry":{"type":"Polygon","coordinates":[[[23.381,39.999],[23.36,40.026],[23.34,40.056],[23.311,40.08],[23.301,40.1],[23.321,40.13],[23.325,40.181],[23.347,40.185],[23.363,40.148],[23.384,40.14],[23.403,40.135],[23.441,40.102],[23.452,40.074],[23.475,40.049],[23.585,40.0],[23.609,39.995],[23.641,39.985],[23.667,39.985],[23.679,39.963],[23.69,39.941],[23.716,39.931],[23.744,39.934],[23.717,39.91],[23.692,39.918],[23.643,39.916],[23.608,39.923],[23.58,39.933],[23.558,39.935],[23.5,39.962],[23.468,39.972],[23.442,39.972],[23.417,39.961],[23.378,39.965],[23.357,39.959],[23.377,39.987],[23.381,39.999]]]}},{"type":"Feature","properties":{},"geometry":{"type":"Polygon","coordinates":[[[97.445,16.477],[97.465,16.485],[97.492,16.499],[97.512,16.504],[97.532,16.501],[97.562,16.495],[97.607,16.491],[97.615,16.464],[97.61,16.444],[97.588,16.413],[97.581,16.376],[97.585,16.345],[97.572,16.323],[97.565,16.296],[97.573,16.257],[97.566,16.234],[97.535,16.227],[97.516,16.238],[97.497,16.262],[97.482,16.296],[97.463,16.309],[97.477,16.337],[97.467,16.398],[97.455,16.442],[97.445,16.477]]]}},{"type":"Feature","properties":{},"geometry":{"type":"Polygon","coordinates":[[[126.089,34.419],[126.101,34.438],[126.121,34.45],[126.145,34.478],[126.164,34.477],[126.182,34.476],[126.172,34.497],[126.19,34.515],[126.192,34.495],[126.21,34.485],[126.211,34.467],[126.2,34.447],[126.186,34.419],[126.21,34.428],[126.217,34.448],[126.221,34.467],[126.24,34.484],[126.217,34.483],[126.217,34.502],[126.198,34.507],[126.223,34.518],[126.226,34.542],[126.226,34.521],[126.249,34.523],[126.275,34.536],[126.269,34.555],[126.245,34.569],[126.243,34.589],[126.263,34.585],[126.282,34.578],[126.303,34.571],[126.302,34.542],[126.321,34.531],[126.337,34.552],[126.352,34.529],[126.375,34.515],[126.38,34.493],[126.359,34.482],[126.36,34.458],[126.354,34.433],[126.333,34.422],[126.337,34.4],[126.32,34.426],[126.316,34.401],[126.294,34.409],[126.267,34.398],[126.268,34.379],[126.246,34.38],[126.223,34.369],[126.205,34.372],[126.188,34.353],[126.162,34.353],[126.13,34.361],[126.145,34.38],[126.128,34.403],[126.127,34.382],[126.109,34.392],[126.089,34.419]]]}},{"type":"Feature","properties":{},"geometry":{"type":"Polygon","coordinates":[[[91.019,22.098],[91.035,22.137],[91.045,22.181],[91.051,22.211],[91.059,22.266],[91.059,22.385],[91.074,22.432],[91.073,22.466],[91.103,22.465],[91.119,22.435],[91.119,22.396],[91.145,22.354],[91.167,22.317],[91.17,22.294],[91.174,22.267],[91.173,22.238],[91.165,22.207],[91.133,22.164],[91.113,22.163],[91.082,22.132],[91.049,22.098],[91.027,22.092],[91.019,22.098]]]}},{"type":"Feature","properties":{},"geometry":{"type":"Polygon","coordinates":[[[98.418,-0.002],[98.418,-0.027],[98.436,-0.048],[98.447,-0.075],[98.471,-0.093],[98.475,-0.115],[98.477,-0.134],[98.475,-0.157],[98.483,-0.18],[98.493,-0.199],[98.499,-0.219],[98.518,-0.229],[98.541,-0.245],[98.556,-0.268],[98.567,-0.295],[98.564,-0.314],[98.551,-0.334],[98.542,-0.357],[98.555,-0.381],[98.532,-0.355],[98.523,-0.336],[98.5,-0.308],[98.476,-0.273],[98.465,-0.249],[98.451,-0.23],[98.432,-0.214],[98.43,-0.193],[98.418,-0.173],[98.385,-0.138],[98.365,-0.113],[98.365,-0.086],[98.359,-0.067],[98.349,-0.044],[98.326,-0.037],[98.302,-0.023],[98.336,-0.001],[98.357,0.003],[98.376,0.005],[98.395,-0.012],[98.418,-0.002]]]}},{"type":"Feature","properties":{},"geometry":{"type":"Polygon","coordinates":[[[128.598,32.613],[128.607,32.637],[128.615,32.619],[128.64,32.61],[128.667,32.63],[128.649,32.624],[128.648,32.643],[128.669,32.654],[128.672,32.672],[128.649,32.68],[128.648,32.7],[128.645,32.722],[128.654,32.743],[128.64,32.762],[128.663,32.785],[128.682,32.78],[128.699,32.748],[128.724,32.756],[128.743,32.75],[128.754,32.769],[128.769,32.732],[128.776,32.752],[128.797,32.758],[128.771,32.755],[128.777,32.778],[128.795,32.785],[128.828,32.76],[128.807,32.753],[128.826,32.754],[128.848,32.753],[128.841,32.711],[128.851,32.692],[128.882,32.671],[128.898,32.651],[128.872,32.637],[128.838,32.636],[128.818,32.635],[128.81,32.654],[128.783,32.645],[128.769,32.626],[128.788,32.608],[128.788,32.587],[128.763,32.575],[128.749,32.593],[128.701,32.603],[128.678,32.607],[128.658,32.603],[128.637,32.592],[128.613,32.607],[128.598,32.613]]]}},{"type":"Feature","properties":{},"geometry":{"type":"Polygon","coordinates":[[[117.475,-8.364],[117.481,-8.337],[117.498,-8.317],[117.51,-8.28],[117.479,-8.262],[117.488,-8.235],[117.48,-8.192],[117.514,-8.165],[117.537,-8.158],[117.558,-8.147],[117.588,-8.155],[117.607,-8.157],[117.654,-8.155],[117.673,-8.155],[117.691,-8.185],[117.663,-8.2],[117.625,-8.228],[117.608,-8.253],[117.588,-8.288],[117.576,-8.326],[117.555,-8.363],[117.536,-8.387],[117.513,-8.385],[117.475,-8.364]]]}},{"type":"Feature","properties":{},"geometry":{"type":"Polygon","coordinates":[[[119.999,10.566],[119.979,10.573],[119.976,10.555],[119.978,10.531],[119.959,10.52],[119.936,10.531],[119.938,10.512],[119.91,10.52],[119.908,10.542],[119.886,10.553],[119.9,10.534],[119.907,10.513],[119.925,10.487],[119.905,10.483],[119.872,10.485],[119.854,10.49],[119.877,10.473],[119.855,10.461],[119.824,10.451],[119.805,10.446],[119.782,10.455],[119.763,10.467],[119.766,10.498],[119.767,10.525],[119.746,10.527],[119.744,10.546],[119.76,10.568],[119.783,10.562],[119.802,10.566],[119.804,10.588],[119.825,10.611],[119.833,10.643],[119.856,10.639],[119.886,10.62],[119.905,10.61],[119.938,10.611],[119.963,10.602],[119.984,10.603],[119.992,10.582],[119.999,10.566]]]}},{"type":"Feature","properties":{},"geometry":{"type":"Polygon","coordinates":[[[119.379,-8.59],[119.395,-8.57],[119.417,-8.556],[119.425,-8.533],[119.424,-8.508],[119.45,-8.496],[119.439,-8.478],[119.425,-8.458],[119.445,-8.447],[119.453,-8.428],[119.47,-8.447],[119.471,-8.465],[119.49,-8.488],[119.51,-8.493],[119.531,-8.481],[119.55,-8.487],[119.57,-8.483],[119.577,-8.507],[119.573,-8.525],[119.565,-8.548],[119.565,-8.568],[119.58,-8.593],[119.552,-8.595],[119.524,-8.601],[119.531,-8.582],[119.512,-8.568],[119.505,-8.588],[119.486,-8.607],[119.463,-8.605],[119.469,-8.626],[119.492,-8.62],[119.494,-8.64],[119.472,-8.649],[119.44,-8.678],[119.459,-8.687],[119.461,-8.714],[119.457,-8.737],[119.477,-8.738],[119.457,-8.75],[119.436,-8.739],[119.417,-8.728],[119.396,-8.735],[119.391,-8.715],[119.397,-8.691],[119.415,-8.668],[119.415,-8.646],[119.406,-8.625],[119.387,-8.639],[119.385,-8.618],[119.39,-8.598],[119.379,-8.59]]]}},{"type":"Feature","properties":{},"geometry":{"type":"Polygon","coordinates":[[[123.575,12.632],[123.578,12.655],[123.589,12.634],[123.611,12.637],[123.602,12.666],[123.597,12.686],[123.621,12.695],[123.635,12.675],[123.654,12.65],[123.678,12.645],[123.709,12.623],[123.733,12.584],[123.745,12.542],[123.747,12.52],[123.767,12.497],[123.77,12.477],[123.77,12.457],[123.775,12.438],[123.771,12.417],[123.79,12.407],[123.782,12.384],[123.793,12.358],[123.787,12.34],[123.745,12.39],[123.725,12.403],[123.72,12.424],[123.695,12.451],[123.683,12.482],[123.663,12.497],[123.648,12.525],[123.631,12.544],[123.618,12.568],[123.609,12.591],[123.582,12.628],[123.575,12.632]]]}},{"type":"Feature","properties":{},"geometry":{"type":"Polygon","coordinates":[[[117.0,7.809],[116.99,7.832],[116.998,7.852],[116.979,7.856],[116.965,7.896],[116.953,7.917],[116.933,7.915],[116.927,7.939],[116.949,7.94],[116.956,7.96],[116.961,7.988],[116.959,8.018],[116.965,8.058],[116.963,8.035],[116.987,8.03],[117.004,8.049],[116.997,8.068],[117.015,8.069],[117.033,8.073],[117.052,8.08],[117.073,8.08],[117.081,8.056],[117.077,8.037],[117.066,8.018],[117.062,7.998],[117.075,7.975],[117.079,7.956],[117.079,7.938],[117.085,7.907],[117.066,7.896],[117.075,7.875],[117.065,7.853],[117.048,7.831],[117.027,7.813],[117.008,7.805],[117.0,7.809]]]}},{"type":"Feature","properties":{},"geometry":{"type":"Polygon","coordinates":[[[123.451,9.192],[123.458,9.213],[123.478,9.223],[123.497,9.215],[123.522,9.227],[123.559,9.231],[123.575,9.25],[123.596,9.272],[123.595,9.291],[123.623,9.305],[123.65,9.281],[123.655,9.251],[123.683,9.227],[123.66,9.205],[123.658,9.186],[123.673,9.165],[123.698,9.163],[123.695,9.142],[123.673,9.125],[123.654,9.12],[123.636,9.128],[123.622,9.105],[123.598,9.102],[123.572,9.105],[123.548,9.12],[123.522,9.136],[123.473,9.173],[123.452,9.186],[123.451,9.192]]]}},{"type":"Feature","properties":{},"geometry":{"type":"Polygon","coordinates":[[[103.344,0.801],[103.349,0.835],[103.37,0.863],[103.372,0.887],[103.408,0.882],[103.405,0.861],[103.42,0.838],[103.443,0.821],[103.473,0.81],[103.498,0.777],[103.516,0.753],[103.513,0.734],[103.459,0.635],[103.432,0.635],[103.407,0.646],[103.399,0.676],[103.37,0.708],[103.351,0.738],[103.351,0.784],[103.344,0.801]]]}},{"type":"Feature","properties":{},"geometry":{"type":"Polygon","coordinates":[[[98.525,0.129],[98.563,0.166],[98.59,0.169],[98.609,0.177],[98.657,0.172],[98.676,0.165],[98.708,0.175],[98.718,0.155],[98.741,0.163],[98.771,0.173],[98.79,0.168],[98.817,0.153],[98.851,0.117],[98.852,0.098],[98.83,0.078],[98.808,0.086],[98.788,0.093],[98.77,0.086],[98.749,0.068],[98.726,0.072],[98.693,0.071],[98.672,0.075],[98.653,0.075],[98.63,0.079],[98.606,0.091],[98.587,0.092],[98.568,0.093],[98.544,0.095],[98.531,0.12],[98.525,0.129]]]}},{"type":"Feature","properties":{},"geometry":{"type":"Polygon","coordinates":[[[103.134,0.567],[103.14,0.601],[103.158,0.652],[103.181,0.694],[103.214,0.708],[103.237,0.698],[103.27,0.669],[103.295,0.629],[103.305,0.602],[103.303,0.552],[103.289,0.53],[103.269,0.525],[103.199,0.519],[103.168,0.497],[103.145,0.527],[103.134,0.567]]]}},{"type":"Feature","properties":{},"geometry":{"type":"Polygon","coordinates":[[[27.054,35.597],[27.086,35.615],[27.109,35.64],[27.125,35.663],[27.124,35.686],[27.139,35.709],[27.163,35.726],[27.161,35.748],[27.163,35.803],[27.187,35.805],[27.204,35.825],[27.23,35.831],[27.233,35.801],[27.215,35.783],[27.21,35.757],[27.22,35.728],[27.203,35.708],[27.193,35.683],[27.163,35.658],[27.161,35.634],[27.151,35.612],[27.18,35.598],[27.187,35.58],[27.205,35.558],[27.217,35.54],[27.203,35.513],[27.222,35.512],[27.243,35.493],[27.231,35.473],[27.202,35.48],[27.192,35.462],[27.172,35.46],[27.156,35.44],[27.17,35.422],[27.151,35.408],[27.131,35.427],[27.112,35.423],[27.091,35.439],[27.097,35.46],[27.119,35.486],[27.112,35.504],[27.109,35.526],[27.111,35.548],[27.09,35.559],[27.078,35.583],[27.055,35.595],[27.054,35.597]]]}},{"type":"Feature","properties":{},"geometry":{"type":"Polygon","coordinates":[[[53.621,24.163],[53.642,24.182],[53.661,24.186],[53.7,24.215],[53.728,24.23],[53.758,24.235],[53.802,24.246],[53.806,24.222],[53.822,24.247],[53.847,24.272],[53.868,24.263],[53.873,24.223],[53.908,24.21],[53.931,24.211],[53.962,24.195],[53.972,24.174],[53.966,24.148],[53.932,24.127],[53.908,24.14],[53.886,24.135],[53.853,24.15],[53.849,24.18],[53.835,24.151],[53.813,24.126],[53.787,24.126],[53.762,24.125],[53.739,24.128],[53.706,24.145],[53.687,24.15],[53.662,24.148],[53.641,24.145],[53.621,24.163]]]}},{"type":"Feature","properties":{},"geometry":{"type":"Polygon","coordinates":[[[20.54,38.561],[20.543,38.583],[20.547,38.603],[20.559,38.639],[20.555,38.682],[20.578,38.718],[20.585,38.746],[20.6,38.781],[20.625,38.794],[20.634,38.816],[20.656,38.835],[20.675,38.833],[20.687,38.852],[20.721,38.849],[20.702,38.847],[20.684,38.835],[20.712,38.835],[20.721,38.811],[20.725,38.767],[20.734,38.74],[20.711,38.707],[20.699,38.681],[20.71,38.7],[20.725,38.674],[20.725,38.648],[20.723,38.626],[20.701,38.638],[20.701,38.618],[20.679,38.606],[20.657,38.61],[20.649,38.581],[20.63,38.587],[20.605,38.617],[20.575,38.594],[20.55,38.566],[20.54,38.561]]]}},{"type":"Feature","properties":{},"geometry":{"type":"Polygon","coordinates":[[[127.998,34.835],[128.031,34.836],[128.052,34.829],[128.063,34.807],[128.051,34.783],[128.057,34.746],[128.035,34.729],[128.056,34.715],[128.036,34.703],[128.016,34.724],[127.993,34.715],[127.97,34.713],[127.95,34.725],[127.945,34.745],[127.949,34.767],[127.927,34.775],[127.905,34.766],[127.915,34.741],[127.892,34.721],[127.86,34.728],[127.855,34.747],[127.837,34.753],[127.86,34.775],[127.835,34.794],[127.828,34.818],[127.812,34.838],[127.807,34.857],[127.82,34.876],[127.823,34.895],[127.844,34.9],[127.863,34.902],[127.854,34.922],[127.872,34.943],[127.896,34.946],[127.916,34.941],[127.93,34.917],[127.925,34.891],[127.9,34.883],[127.907,34.853],[127.927,34.831],[127.945,34.83],[127.948,34.809],[127.967,34.818],[127.991,34.834],[127.998,34.835]]]}},{"type":"Feature","properties":{},"geometry":{"type":"Polygon","coordinates":[[[110.235,20.998],[110.255,21.012],[110.279,21.035],[110.283,21.057],[110.314,21.055],[110.301,21.076],[110.321,21.077],[110.352,21.08],[110.394,21.097],[110.412,21.09],[110.432,21.06],[110.454,21.058],[110.493,21.065],[110.52,21.078],[110.543,21.07],[110.55,21.044],[110.53,20.993],[110.53,20.947],[110.522,20.925],[110.499,20.948],[110.5,20.967],[110.48,20.987],[110.442,20.999],[110.418,20.999],[110.387,20.995],[110.354,20.997],[110.33,20.984],[110.307,20.972],[110.274,20.965],[110.255,20.962],[110.268,20.985],[110.225,20.992],[110.235,20.998]]]}},{"type":"Feature","properties":{},"geometry":{"type":"Polygon","coordinates":[[[126.351,37.79],[126.372,37.802],[126.394,37.825],[126.417,37.822],[126.476,37.798],[126.51,37.782],[126.515,37.76],[126.526,37.738],[126.516,37.715],[126.52,37.675],[126.524,37.656],[126.532,37.636],[126.536,37.615],[126.512,37.597],[126.487,37.6],[126.468,37.619],[126.464,37.597],[126.438,37.593],[126.42,37.601],[126.392,37.607],[126.371,37.612],[126.368,37.637],[126.4,37.642],[126.405,37.666],[126.389,37.689],[126.358,37.704],[126.356,37.728],[126.358,37.754],[126.356,37.783],[126.351,37.79]]]}},{"type":"Feature","properties":{},"geometry":{"type":"Polygon","coordinates":[[[27.0,36.754],[26.98,36.748],[26.983,36.727],[26.97,36.704],[26.969,36.681],[26.943,36.684],[26.925,36.702],[26.924,36.739],[26.922,36.762],[26.941,36.765],[26.985,36.772],[27.029,36.811],[27.058,36.835],[27.077,36.85],[27.107,36.859],[27.161,36.888],[27.237,36.895],[27.279,36.918],[27.29,36.896],[27.308,36.889],[27.329,36.886],[27.351,36.879],[27.358,36.859],[27.267,36.831],[27.224,36.825],[27.172,36.807],[27.137,36.774],[27.112,36.757],[27.065,36.766],[27.04,36.767],[27.011,36.761],[27.0,36.754]]]}},{"type":"Feature","properties":{},"geometry":{"type":"Polygon","coordinates":[[[100.179,5.475],[100.199,5.476],[100.217,5.465],[100.244,5.472],[100.276,5.484],[100.312,5.47],[100.314,5.444],[100.332,5.431],[100.327,5.405],[100.318,5.365],[100.308,5.328],[100.291,5.308],[100.295,5.29],[100.287,5.263],[100.267,5.28],[100.248,5.277],[100.23,5.292],[100.206,5.282],[100.185,5.275],[100.188,5.301],[100.197,5.353],[100.194,5.38],[100.2,5.404],[100.2,5.423],[100.181,5.438],[100.187,5.457],[100.179,5.475]]]}},{"type":"Feature","properties":{},"geometry":{"type":"Polygon","coordinates":[[[123.663,24.302],[123.685,24.302],[123.686,24.327],[123.706,24.314],[123.701,24.332],[123.725,24.337],[123.741,24.31],[123.75,24.29],[123.748,24.317],[123.745,24.337],[123.743,24.361],[123.743,24.385],[123.761,24.404],[123.785,24.391],[123.78,24.409],[123.773,24.43],[123.801,24.415],[123.811,24.393],[123.83,24.392],[123.855,24.397],[123.875,24.398],[123.887,24.377],[123.906,24.379],[123.924,24.36],[123.926,24.334],[123.93,24.308],[123.908,24.317],[123.9,24.292],[123.906,24.268],[123.882,24.274],[123.885,24.254],[123.866,24.249],[123.837,24.265],[123.806,24.263],[123.782,24.27],[123.755,24.273],[123.727,24.293],[123.72,24.271],[123.697,24.277],[123.663,24.302]]]}},{"type":"Feature","properties":{},"geometry":{"type":"Polygon","coordinates":[[[26.0,40.152],[26.0,40.133],[25.974,40.125],[25.938,40.127],[25.916,40.12],[25.861,40.108],[25.839,40.099],[25.802,40.103],[25.782,40.098],[25.763,40.097],[25.741,40.089],[25.722,40.106],[25.702,40.115],[25.665,40.123],[25.667,40.149],[25.692,40.159],[25.722,40.182],[25.747,40.19],[25.792,40.212],[25.826,40.214],[25.853,40.22],[25.872,40.229],[25.891,40.23],[25.927,40.241],[25.947,40.24],[25.971,40.222],[25.976,40.187],[25.967,40.165],[25.984,40.142],[26.0,40.152]]]}},{"type":"Feature","properties":{},"geometry":{"type":"Polygon","coordinates":[[[48.173,-13.255],[48.192,-13.248],[48.214,-13.267],[48.24,-13.268],[48.263,-13.268],[48.254,-13.245],[48.252,-13.227],[48.259,-13.203],[48.278,-13.198],[48.306,-13.2],[48.313,-13.223],[48.298,-13.247],[48.303,-13.265],[48.324,-13.268],[48.326,-13.298],[48.348,-13.318],[48.347,-13.349],[48.327,-13.347],[48.338,-13.38],[48.355,-13.401],[48.333,-13.42],[48.315,-13.425],[48.299,-13.4],[48.28,-13.401],[48.258,-13.415],[48.227,-13.391],[48.209,-13.403],[48.196,-13.38],[48.191,-13.348],[48.183,-13.327],[48.184,-13.302],[48.2,-13.283],[48.175,-13.268],[48.173,-13.255]]]}},{"type":"Feature","properties":{},"geometry":{"type":"Polygon","coordinates":[[[22.998,36.145],[22.975,36.152],[22.952,36.163],[22.931,36.174],[22.914,36.198],[22.9,36.231],[22.922,36.246],[22.913,36.274],[22.916,36.295],[22.902,36.314],[22.909,36.356],[22.921,36.377],[22.948,36.386],[22.961,36.365],[22.98,36.344],[22.991,36.319],[23.015,36.307],[23.043,36.289],[23.069,36.267],[23.088,36.258],[23.104,36.234],[23.083,36.222],[23.062,36.225],[23.045,36.189],[23.05,36.167],[23.056,36.148],[23.048,36.13],[23.024,36.142],[23.005,36.135],[22.998,36.145]]]}},{"type":"Feature","properties":{},"geometry":{"type":"Polygon","coordinates":[[[123.474,-1.655],[123.484,-1.636],[123.479,-1.617],[123.497,-1.602],[123.491,-1.579],[123.481,-1.537],[123.498,-1.507],[123.52,-1.511],[123.525,-1.487],[123.544,-1.488],[123.55,-1.523],[123.564,-1.549],[123.559,-1.598],[123.578,-1.61],[123.596,-1.595],[123.625,-1.626],[123.605,-1.638],[123.617,-1.659],[123.613,-1.697],[123.584,-1.713],[123.565,-1.726],[123.537,-1.725],[123.521,-1.705],[123.489,-1.71],[123.475,-1.679],[123.474,-1.655]]]}},{"type":"Feature","properties":{},"geometry":{"type":"Polygon","coordinates":[[[91.402,22.497],[91.409,22.531],[91.429,22.566],[91.462,22.599],[91.505,22.543],[91.528,22.497],[91.557,22.449],[91.564,22.426],[91.565,22.404],[91.556,22.375],[91.532,22.362],[91.512,22.355],[91.478,22.368],[91.46,22.388],[91.451,22.413],[91.414,22.458],[91.402,22.497]]]}},{"type":"Feature","properties":{},"geometry":{"type":"Polygon","coordinates":[[[26.0,37.514],[25.976,37.512],[25.978,37.537],[26.006,37.574],[26.034,37.602],[26.055,37.622],[26.078,37.635],[26.098,37.631],[26.124,37.637],[26.152,37.638],[26.178,37.635],[26.198,37.627],[26.226,37.638],[26.249,37.655],[26.277,37.668],[26.296,37.68],[26.317,37.684],[26.343,37.687],[26.367,37.689],[26.345,37.67],[26.324,37.637],[26.292,37.609],[26.27,37.6],[26.246,37.587],[26.223,37.57],[26.196,37.562],[26.168,37.562],[26.127,37.56],[26.104,37.55],[26.074,37.52],[26.026,37.517],[26.0,37.514]]]}},{"type":"Feature","properties":{},"geometry":{"type":"Polygon","coordinates":[[[98.16,11.445],[98.167,11.468],[98.19,11.461],[98.202,11.48],[98.195,11.499],[98.198,11.522],[98.201,11.543],[98.221,11.548],[98.199,11.568],[98.202,11.589],[98.215,11.61],[98.239,11.628],[98.246,11.648],[98.227,11.664],[98.24,11.685],[98.25,11.704],[98.263,11.723],[98.258,11.742],[98.277,11.76],[98.263,11.786],[98.285,11.8],[98.304,11.792],[98.307,11.757],[98.324,11.717],[98.305,11.703],[98.298,11.685],[98.29,11.637],[98.281,11.619],[98.28,11.6],[98.286,11.577],[98.275,11.552],[98.279,11.527],[98.28,11.503],[98.272,11.48],[98.26,11.462],[98.236,11.482],[98.216,11.463],[98.195,11.46],[98.215,11.438],[98.197,11.434],[98.173,11.45],[98.16,11.445]]]}},{"type":"Feature","properties":{},"geometry":{"type":"Polygon","coordinates":[[[125.787,7.0],[125.787,6.974],[125.795,6.941],[125.776,6.922],[125.769,6.896],[125.749,6.907],[125.748,6.927],[125.723,6.967],[125.725,7.0],[125.725,7.018],[125.718,7.038],[125.71,7.07],[125.686,7.067],[125.665,7.092],[125.664,7.113],[125.686,7.141],[125.687,7.16],[125.695,7.192],[125.719,7.199],[125.729,7.178],[125.76,7.17],[125.785,7.145],[125.793,7.127],[125.793,7.102],[125.783,7.057],[125.776,7.036],[125.781,7.012],[125.787,7.0]]]}},{"type":"Feature","properties":{},"geometry":{"type":"Polygon","coordinates":[[[98.44,12.0],[98.438,12.019],[98.434,12.042],[98.439,12.064],[98.43,12.088],[98.437,12.111],[98.456,12.086],[98.484,12.059],[98.488,12.04],[98.5,12.01],[98.527,11.997],[98.548,11.994],[98.575,11.988],[98.609,11.971],[98.628,11.959],[98.647,11.959],[98.673,11.95],[98.666,11.923],[98.598,11.911],[98.576,11.917],[98.553,11.915],[98.519,11.92],[98.54,11.91],[98.511,11.878],[98.492,11.88],[98.465,11.891],[98.465,11.919],[98.458,11.95],[98.471,11.968],[98.467,11.998],[98.445,11.985],[98.44,12.0]]]}},{"type":"Feature","properties":{},"geometry":{"type":"Polygon","coordinates":[[[129.166,34.104],[129.168,34.143],[129.174,34.167],[129.182,34.187],[129.18,34.223],[129.186,34.25],[129.199,34.272],[129.197,34.291],[129.196,34.312],[129.204,34.331],[129.228,34.326],[129.227,34.307],[129.257,34.31],[129.262,34.291],[129.283,34.303],[129.292,34.277],[129.285,34.298],[129.273,34.318],[129.296,34.32],[129.302,34.301],[129.311,34.282],[129.334,34.298],[129.353,34.277],[129.33,34.275],[129.327,34.256],[129.325,34.235],[129.313,34.215],[129.298,34.193],[129.297,34.173],[129.282,34.152],[129.283,34.128],[129.257,34.127],[129.242,34.101],[129.223,34.096],[129.198,34.105],[129.17,34.101],[129.166,34.104]]]}},{"type":"Feature","properties":{},"geometry":{"type":"Polygon","coordinates":[[[129.0,27.802],[129.015,27.782],[129.036,27.775],[129.035,27.749],[129.019,27.726],[129.0,27.687],[128.985,27.669],[128.963,27.67],[128.937,27.66],[128.917,27.694],[128.898,27.708],[128.879,27.724],[128.899,27.737],[128.906,27.763],[128.894,27.783],[128.888,27.808],[128.88,27.827],[128.893,27.858],[128.89,27.882],[128.908,27.894],[128.937,27.891],[128.958,27.89],[128.976,27.872],[128.957,27.864],[128.967,27.844],[128.967,27.824],[128.986,27.805],[129.0,27.802]]]}},{"type":"Feature","properties":{},"geometry":{"type":"Polygon","coordinates":[[[124.632,9.206],[124.643,9.23],[124.674,9.255],[124.709,9.26],[124.732,9.25],[124.754,9.228],[124.773,9.211],[124.798,9.147],[124.798,9.127],[124.803,9.105],[124.783,9.085],[124.755,9.084],[124.742,9.103],[124.709,9.105],[124.674,9.12],[124.652,9.14],[124.634,9.171],[124.635,9.197],[124.632,9.206]]]}},{"type":"Feature","properties":{},"geometry":{"type":"Polygon","coordinates":[[[117.514,3.384],[117.52,3.417],[117.549,3.442],[117.592,3.444],[117.611,3.443],[117.637,3.432],[117.667,3.413],[117.671,3.393],[117.665,3.357],[117.654,3.298],[117.65,3.252],[117.631,3.24],[117.61,3.267],[117.609,3.287],[117.568,3.31],[117.54,3.331],[117.52,3.368],[117.514,3.384]]]}},{"type":"Feature","properties":{},"geometry":{"type":"Polygon","coordinates":[[[119.674,25.477],[119.68,25.495],[119.697,25.514],[119.716,25.509],[119.735,25.507],[119.779,25.512],[119.781,25.531],[119.76,25.532],[119.727,25.519],[119.73,25.562],[119.74,25.586],[119.721,25.594],[119.701,25.581],[119.685,25.603],[119.707,25.615],[119.735,25.645],[119.764,25.66],[119.791,25.667],[119.775,25.646],[119.778,25.626],[119.801,25.62],[119.823,25.612],[119.83,25.593],[119.817,25.574],[119.848,25.566],[119.869,25.565],[119.868,25.545],[119.849,25.552],[119.824,25.544],[119.804,25.525],[119.803,25.498],[119.825,25.494],[119.847,25.482],[119.853,25.459],[119.823,25.47],[119.803,25.46],[119.761,25.438],[119.76,25.418],[119.78,25.413],[119.762,25.401],[119.737,25.418],[119.717,25.422],[119.704,25.445],[119.7,25.468],[119.722,25.472],[119.728,25.495],[119.706,25.491],[119.676,25.474],[119.674,25.477]]]}},{"type":"Feature","properties":{},"geometry":{"type":"Polygon","coordinates":[[[92.746,12.091],[92.759,12.134],[92.771,12.164],[92.778,12.183],[92.775,12.205],[92.783,12.225],[92.761,12.23],[92.761,12.269],[92.781,12.275],[92.786,12.298],[92.811,12.308],[92.832,12.298],[92.857,12.299],[92.878,12.3],[92.891,12.262],[92.87,12.239],[92.88,12.22],[92.884,12.2],[92.851,12.195],[92.86,12.172],[92.833,12.16],[92.822,12.135],[92.82,12.114],[92.8,12.101],[92.799,12.075],[92.78,12.07],[92.754,12.072],[92.746,12.091]]]}},{"type":"Feature","properties":{},"geometry":{"type":"Polygon","coordinates":[[[88.039,21.658],[88.044,21.68],[88.055,21.707],[88.063,21.732],[88.077,21.753],[88.08,21.777],[88.088,21.795],[88.105,21.832],[88.125,21.865],[88.15,21.858],[88.156,21.838],[88.173,21.818],[88.168,21.797],[88.172,21.772],[88.172,21.736],[88.155,21.696],[88.128,21.68],[88.155,21.677],[88.159,21.647],[88.138,21.626],[88.11,21.623],[88.087,21.63],[88.052,21.64],[88.039,21.658]]]}},{"type":"Feature","properties":{},"geometry":{"type":"Polygon","coordinates":[[[115.302,-20.862],[115.305,-20.841],[115.319,-20.807],[115.344,-20.778],[115.351,-20.757],[115.375,-20.743],[115.395,-20.709],[115.415,-20.68],[115.459,-20.674],[115.46,-20.693],[115.467,-20.712],[115.474,-20.73],[115.473,-20.765],[115.454,-20.796],[115.445,-20.819],[115.426,-20.834],[115.42,-20.858],[115.398,-20.875],[115.378,-20.889],[115.347,-20.865],[115.326,-20.872],[115.318,-20.891],[115.311,-20.871],[115.302,-20.862]]]}},{"type":"Feature","properties":{},"geometry":{"type":"Polygon","coordinates":[[[100.0,9.42],[99.97,9.406],[99.944,9.419],[99.938,9.452],[99.934,9.472],[99.922,9.49],[99.935,9.515],[99.933,9.552],[99.922,9.575],[99.959,9.577],[99.985,9.585],[100.004,9.568],[100.032,9.558],[100.058,9.556],[100.07,9.575],[100.093,9.567],[100.079,9.537],[100.059,9.504],[100.07,9.483],[100.072,9.464],[100.053,9.465],[100.03,9.444],[100.02,9.42],[100.0,9.42]]]}},{"type":"Feature","properties":{},"geometry":{"type":"Polygon","coordinates":[[[117.627,3.998],[117.604,4.02],[117.604,4.038],[117.6,4.065],[117.595,4.088],[117.628,4.138],[117.658,4.153],[117.712,4.098],[117.749,4.066],[117.739,4.031],[117.735,3.997],[117.695,3.974],[117.662,3.978],[117.627,3.998]]]}},{"type":"Feature","properties":{},"geometry":{"type":"Polygon","coordinates":[[[121.225,39.542],[121.258,39.552],[121.294,39.575],[121.294,39.594],[121.317,39.592],[121.354,39.6],[121.398,39.6],[121.418,39.605],[121.436,39.611],[121.46,39.625],[121.445,39.645],[121.468,39.648],[121.489,39.636],[121.512,39.625],[121.536,39.6],[121.536,39.572],[121.504,39.546],[121.479,39.532],[121.451,39.525],[121.431,39.508],[121.407,39.509],[121.381,39.523],[121.343,39.523],[121.313,39.501],[121.295,39.503],[121.27,39.512],[121.251,39.508],[121.227,39.512],[121.23,39.534],[121.225,39.542]]]}},{"type":"Feature","properties":{},"geometry":{"type":"Polygon","coordinates":[[[127.148,-0.767],[127.16,-0.747],[127.165,-0.729],[127.177,-0.71],[127.183,-0.69],[127.204,-0.685],[127.198,-0.667],[127.193,-0.647],[127.209,-0.617],[127.232,-0.613],[127.257,-0.622],[127.238,-0.64],[127.255,-0.664],[127.28,-0.679],[127.298,-0.7],[127.289,-0.723],[127.286,-0.743],[127.32,-0.784],[127.301,-0.813],[127.283,-0.813],[127.267,-0.793],[127.234,-0.78],[127.215,-0.795],[127.197,-0.795],[127.176,-0.783],[127.152,-0.773],[127.148,-0.767]]]}},{"type":"Feature","properties":{},"geometry":{"type":"Polygon","coordinates":[[[124.07,24.425],[124.078,24.448],[124.101,24.448],[124.12,24.442],[124.125,24.46],[124.145,24.462],[124.136,24.442],[124.155,24.448],[124.178,24.443],[124.197,24.452],[124.223,24.449],[124.225,24.477],[124.257,24.513],[124.276,24.498],[124.286,24.522],[124.293,24.543],[124.299,24.565],[124.312,24.603],[124.34,24.602],[124.342,24.58],[124.323,24.553],[124.305,24.533],[124.297,24.507],[124.284,24.482],[124.264,24.473],[124.251,24.452],[124.252,24.429],[124.26,24.405],[124.256,24.37],[124.239,24.338],[124.215,24.35],[124.194,24.328],[124.173,24.324],[124.144,24.345],[124.12,24.352],[124.12,24.372],[124.141,24.387],[124.144,24.406],[124.123,24.427],[124.102,24.426],[124.079,24.418],[124.07,24.425]]]}},{"type":"Feature","properties":{},"geometry":{"type":"Polygon","coordinates":[[[93.04,19.997],[93.035,20.021],[93.016,20.04],[92.993,20.057],[92.985,20.077],[92.981,20.112],[92.969,20.131],[92.992,20.125],[93.016,20.126],[93.069,20.123],[93.1,20.07],[93.127,20.036],[93.135,20.017],[93.132,19.993],[93.114,19.989],[93.103,19.964],[93.1,19.945],[93.113,19.927],[93.115,19.902],[93.129,19.878],[93.134,19.857],[93.161,19.817],[93.173,19.788],[93.152,19.822],[93.134,19.836],[93.112,19.864],[93.102,19.886],[93.071,19.936],[93.05,19.957],[93.048,19.988],[93.04,19.997]]]}},{"type":"Feature","properties":{},"geometry":{"type":"Polygon","coordinates":[[[123.0,-8.439],[123.025,-8.452],[123.051,-8.436],[123.072,-8.435],[123.093,-8.435],[123.115,-8.435],[123.144,-8.425],[123.169,-8.433],[123.156,-8.456],[123.11,-8.475],[123.089,-8.486],[123.071,-8.495],[123.032,-8.48],[122.986,-8.512],[122.975,-8.538],[122.96,-8.558],[122.942,-8.599],[122.915,-8.615],[122.895,-8.614],[122.875,-8.588],[122.879,-8.56],[122.888,-8.525],[122.927,-8.501],[122.949,-8.495],[122.957,-8.462],[122.982,-8.438],[123.0,-8.439]]]}},{"type":"Feature","properties":{},"geometry":{"type":"Polygon","coordinates":[[[107.382,21.067],[107.403,21.093],[107.411,21.122],[107.432,21.137],[107.418,21.171],[107.428,21.193],[107.442,21.174],[107.438,21.197],[107.456,21.191],[107.484,21.181],[107.464,21.194],[107.452,21.215],[107.458,21.253],[107.461,21.275],[107.48,21.269],[107.501,21.244],[107.522,21.23],[107.533,21.209],[107.539,21.19],[107.558,21.19],[107.578,21.205],[107.602,21.217],[107.597,21.187],[107.578,21.175],[107.559,21.153],[107.54,21.147],[107.519,21.146],[107.509,21.126],[107.476,21.097],[107.457,21.086],[107.427,21.067],[107.413,21.049],[107.39,21.04],[107.393,21.059],[107.382,21.067]]]}},{"type":"Feature","properties":{},"geometry":{"type":"Polygon","coordinates":[[[116.312,-3.554],[116.32,-3.524],[116.331,-3.502],[116.332,-3.482],[116.339,-3.455],[116.392,-3.412],[116.397,-3.387],[116.403,-3.361],[116.429,-3.365],[116.43,-3.409],[116.427,-3.44],[116.421,-3.46],[116.417,-3.501],[116.402,-3.538],[116.406,-3.568],[116.396,-3.594],[116.398,-3.614],[116.383,-3.648],[116.36,-3.649],[116.35,-3.621],[116.35,-3.598],[116.343,-3.579],[116.332,-3.559],[116.314,-3.557],[116.312,-3.554]]]}},{"type":"Feature","properties":{},"geometry":{"type":"Polygon","coordinates":[[[97.11,2.222],[97.138,2.229],[97.16,2.232],[97.179,2.229],[97.191,2.208],[97.213,2.215],[97.21,2.238],[97.233,2.241],[97.269,2.237],[97.292,2.236],[97.3,2.217],[97.302,2.195],[97.323,2.184],[97.332,2.159],[97.336,2.138],[97.334,2.12],[97.358,2.104],[97.347,2.082],[97.344,2.064],[97.345,2.046],[97.327,2.041],[97.337,2.065],[97.312,2.064],[97.303,2.082],[97.283,2.105],[97.264,2.111],[97.26,2.13],[97.247,2.15],[97.228,2.154],[97.227,2.174],[97.207,2.185],[97.184,2.184],[97.165,2.194],[97.147,2.205],[97.125,2.203],[97.11,2.222]]]}},{"type":"Feature","properties":{},"geometry":{"type":"Polygon","coordinates":[[[102.427,11.999],[102.449,11.976],[102.44,11.95],[102.416,11.966],[102.397,11.988],[102.378,11.996],[102.382,11.972],[102.333,11.972],[102.308,11.975],[102.301,11.995],[102.294,12.034],[102.291,12.057],[102.28,12.076],[102.275,12.103],[102.252,12.135],[102.272,12.132],[102.253,12.155],[102.273,12.145],[102.3,12.143],[102.321,12.135],[102.346,12.115],[102.373,12.079],[102.389,12.057],[102.404,12.038],[102.422,12.009],[102.427,11.999]]]}},{"type":"Feature","properties":{},"geometry":{"type":"Polygon","coordinates":[[[123.3,-10.272],[123.323,-10.24],[123.351,-10.23],[123.38,-10.18],[123.391,-10.143],[123.413,-10.136],[123.448,-10.118],[123.461,-10.14],[123.464,-10.165],[123.485,-10.159],[123.504,-10.173],[123.479,-10.186],[123.459,-10.199],[123.45,-10.219],[123.429,-10.233],[123.417,-10.213],[123.397,-10.21],[123.389,-10.23],[123.408,-10.244],[123.416,-10.263],[123.418,-10.293],[123.397,-10.295],[123.413,-10.314],[123.408,-10.334],[123.388,-10.34],[123.378,-10.318],[123.347,-10.305],[123.328,-10.338],[123.309,-10.328],[123.3,-10.298],[123.3,-10.272]]]}},{"type":"Feature","properties":{},"geometry":{"type":"Polygon","coordinates":[[[119.609,-8.752],[119.613,-8.73],[119.633,-8.738],[119.63,-8.72],[119.637,-8.695],[119.661,-8.704],[119.66,-8.684],[119.655,-8.665],[119.656,-8.685],[119.633,-8.685],[119.649,-8.658],[119.64,-8.638],[119.624,-8.62],[119.639,-8.599],[119.659,-8.611],[119.667,-8.632],[119.669,-8.651],[119.675,-8.674],[119.701,-8.671],[119.708,-8.648],[119.72,-8.626],[119.744,-8.615],[119.767,-8.616],[119.792,-8.615],[119.81,-8.624],[119.805,-8.652],[119.787,-8.655],[119.763,-8.659],[119.755,-8.685],[119.732,-8.695],[119.72,-8.675],[119.715,-8.695],[119.697,-8.72],[119.73,-8.737],[119.725,-8.756],[119.724,-8.776],[119.715,-8.797],[119.682,-8.808],[119.68,-8.788],[119.663,-8.768],[119.644,-8.778],[119.625,-8.787],[119.618,-8.765],[119.609,-8.752]]]}},{"type":"Feature","properties":{},"geometry":{"type":"Polygon","coordinates":[[[43.621,-12.281],[43.623,-12.262],[43.647,-12.244],[43.673,-12.249],[43.697,-12.255],[43.722,-12.268],[43.752,-12.28],[43.771,-12.288],[43.792,-12.302],[43.812,-12.315],[43.834,-12.323],[43.852,-12.335],[43.873,-12.362],[43.873,-12.381],[43.854,-12.38],[43.827,-12.375],[43.791,-12.369],[43.768,-12.362],[43.75,-12.354],[43.727,-12.358],[43.708,-12.354],[43.686,-12.355],[43.659,-12.355],[43.665,-12.334],[43.649,-12.315],[43.631,-12.316],[43.632,-12.295],[43.621,-12.281]]]}},{"type":"Feature","properties":{},"geometry":{"type":"Polygon","coordinates":[[[106.883,-3.002],[106.881,-3.021],[106.856,-3.04],[106.832,-3.028],[106.811,-3.022],[106.792,-3.019],[106.774,-3.0],[106.742,-2.987],[106.705,-2.968],[106.721,-2.949],[106.727,-2.928],[106.762,-2.919],[106.782,-2.909],[106.797,-2.889],[106.826,-2.901],[106.87,-2.93],[106.894,-2.932],[106.905,-2.967],[106.885,-2.996],[106.883,-3.002]]]}},{"type":"Feature","properties":{},"geometry":{"type":"Polygon","coordinates":[[[24.431,38.879],[24.453,38.895],[24.47,38.917],[24.46,38.937],[24.459,38.959],[24.482,38.975],[24.502,38.973],[24.522,38.96],[24.557,38.94],[24.585,38.923],[24.573,38.896],[24.57,38.875],[24.598,38.868],[24.622,38.85],[24.659,38.829],[24.675,38.809],[24.686,38.789],[24.684,38.771],[24.662,38.77],[24.637,38.764],[24.618,38.762],[24.604,38.781],[24.586,38.789],[24.566,38.782],[24.57,38.76],[24.55,38.771],[24.53,38.789],[24.558,38.802],[24.565,38.83],[24.541,38.834],[24.517,38.849],[24.496,38.855],[24.478,38.874],[24.445,38.875],[24.431,38.879]]]}},{"type":"Feature","properties":{},"geometry":{"type":"Polygon","coordinates":[[[105.725,2.997],[105.746,2.975],[105.776,2.987],[105.798,2.997],[105.828,2.995],[105.849,2.993],[105.84,2.974],[105.819,2.98],[105.818,2.961],[105.818,2.942],[105.823,2.923],[105.821,2.898],[105.798,2.895],[105.784,2.916],[105.763,2.902],[105.767,2.879],[105.747,2.875],[105.722,2.882],[105.734,2.86],[105.754,2.863],[105.768,2.84],[105.747,2.832],[105.724,2.824],[105.71,2.843],[105.691,2.861],[105.69,2.88],[105.693,2.9],[105.698,2.922],[105.694,2.941],[105.705,2.959],[105.705,2.982],[105.686,3.001],[105.697,3.028],[105.693,3.048],[105.694,3.07],[105.714,3.052],[105.734,3.052],[105.737,3.033],[105.729,3.008],[105.725,2.997]]]}},{"type":"Feature","properties":{},"geometry":{"type":"Polygon","coordinates":[[[125.202,9.999],[125.189,10.021],[125.177,10.043],[125.153,10.056],[125.133,10.062],[125.121,10.085],[125.115,10.104],[125.117,10.141],[125.114,10.16],[125.164,10.134],[125.183,10.135],[125.212,10.128],[125.222,10.093],[125.233,10.074],[125.244,10.05],[125.255,10.022],[125.279,9.997],[125.27,9.97],[125.289,9.95],[125.297,9.931],[125.262,9.91],[125.245,9.932],[125.245,9.951],[125.22,9.965],[125.207,9.987],[125.202,9.999]]]}},{"type":"Feature","properties":{},"geometry":{"type":"Polygon","coordinates":[[[25.224,36.996],[25.184,36.974],[25.164,36.977],[25.144,36.983],[25.119,36.99],[25.098,37.017],[25.1,37.04],[25.106,37.063],[25.126,37.072],[25.147,37.087],[25.144,37.112],[25.164,37.127],[25.196,37.135],[25.216,37.145],[25.237,37.144],[25.21,37.127],[25.241,37.128],[25.26,37.125],[25.259,37.15],[25.282,37.153],[25.279,37.133],[25.271,37.113],[25.27,37.092],[25.264,37.07],[25.278,37.049],[25.256,37.032],[25.247,37.008],[25.224,37.0],[25.224,36.996]]]}},{"type":"Feature","properties":{},"geometry":{"type":"Polygon","coordinates":[[[25.0,37.638],[24.978,37.658],[24.982,37.68],[25.001,37.674],[25.023,37.679],[25.05,37.678],[25.062,37.659],[25.081,37.642],[25.102,37.652],[25.129,37.646],[25.143,37.628],[25.169,37.636],[25.19,37.64],[25.231,37.619],[25.254,37.609],[25.254,37.581],[25.235,37.563],[25.236,37.538],[25.214,37.532],[25.189,37.525],[25.165,37.53],[25.145,37.55],[25.122,37.551],[25.113,37.572],[25.086,37.58],[25.062,37.593],[25.043,37.615],[25.015,37.626],[25.0,37.638]]]}},{"type":"Feature","properties":{},"geometry":{"type":"Polygon","coordinates":[[[112.565,-5.814],[112.575,-5.794],[112.592,-5.772],[112.622,-5.752],[112.653,-5.733],[112.674,-5.726],[112.697,-5.736],[112.724,-5.742],[112.721,-5.763],[112.735,-5.785],[112.728,-5.805],[112.727,-5.824],[112.709,-5.848],[112.688,-5.855],[112.668,-5.858],[112.647,-5.856],[112.625,-5.848],[112.621,-5.87],[112.597,-5.858],[112.578,-5.847],[112.575,-5.817],[112.565,-5.814]]]}},{"type":"Feature","properties":{},"geometry":{"type":"Polygon","coordinates":[[[128.515,-7.145],[128.52,-7.126],[128.539,-7.109],[128.572,-7.085],[128.595,-7.069],[128.619,-7.067],[128.64,-7.083],[128.656,-7.101],[128.676,-7.104],[128.699,-7.118],[128.682,-7.148],[128.662,-7.15],[128.664,-7.17],[128.683,-7.17],[128.666,-7.191],[128.65,-7.21],[128.612,-7.216],[128.59,-7.193],[128.568,-7.177],[128.548,-7.169],[128.517,-7.15],[128.515,-7.145]]]}},{"type":"Feature","properties":{},"geometry":{"type":"Polygon","coordinates":[[[120.075,13.849],[120.122,13.863],[120.146,13.853],[120.167,13.829],[120.192,13.828],[120.21,13.825],[120.237,13.807],[120.255,13.786],[120.266,13.753],[120.286,13.738],[120.257,13.736],[120.267,13.708],[120.289,13.711],[120.294,13.688],[120.274,13.677],[120.251,13.698],[120.232,13.713],[120.212,13.716],[120.2,13.736],[120.172,13.738],[120.154,13.748],[120.127,13.763],[120.112,13.781],[120.091,13.798],[120.092,13.837],[120.075,13.849]]]}},{"type":"Feature","properties":{},"geometry":{"type":"Polygon","coordinates":[[[122.788,7.348],[122.79,7.369],[122.795,7.397],[122.805,7.431],[122.824,7.442],[122.845,7.431],[122.863,7.411],[122.862,7.39],[122.877,7.369],[122.885,7.402],[122.889,7.433],[122.912,7.433],[122.931,7.431],[122.948,7.412],[122.957,7.394],[122.977,7.37],[122.942,7.376],[122.923,7.367],[122.954,7.353],[122.932,7.345],[122.909,7.342],[122.901,7.321],[122.876,7.318],[122.857,7.313],[122.833,7.291],[122.808,7.294],[122.807,7.315],[122.808,7.338],[122.788,7.348]]]}},{"type":"Feature","properties":{},"geometry":{"type":"Polygon","coordinates":[[[115.445,-8.733],[115.456,-8.713],[115.472,-8.691],[115.491,-8.673],[115.528,-8.677],[115.561,-8.672],[115.579,-8.687],[115.584,-8.707],[115.619,-8.747],[115.627,-8.77],[115.606,-8.791],[115.591,-8.817],[115.567,-8.814],[115.547,-8.801],[115.528,-8.8],[115.512,-8.778],[115.492,-8.773],[115.473,-8.753],[115.45,-8.749],[115.445,-8.733]]]}},{"type":"Feature","properties":{},"geometry":{"type":"Polygon","coordinates":[[[117.309,23.573],[117.32,23.592],[117.338,23.609],[117.369,23.635],[117.4,23.655],[117.407,23.674],[117.387,23.675],[117.368,23.687],[117.347,23.675],[117.336,23.695],[117.357,23.712],[117.37,23.737],[117.371,23.763],[117.388,23.782],[117.417,23.762],[117.428,23.734],[117.455,23.74],[117.477,23.749],[117.507,23.749],[117.531,23.734],[117.52,23.716],[117.497,23.716],[117.477,23.704],[117.468,23.674],[117.483,23.654],[117.455,23.648],[117.433,23.661],[117.412,23.633],[117.412,23.605],[117.431,23.591],[117.399,23.576],[117.372,23.574],[117.346,23.58],[117.327,23.576],[117.309,23.573]]]}},{"type":"Feature","properties":{},"geometry":{"type":"Polygon","coordinates":[[[98.081,10.884],[98.095,10.909],[98.111,10.927],[98.132,10.942],[98.145,10.96],[98.149,10.983],[98.168,10.98],[98.188,10.98],[98.202,10.961],[98.221,10.959],[98.233,10.924],[98.237,10.901],[98.245,10.868],[98.272,10.857],[98.284,10.822],[98.28,10.793],[98.302,10.789],[98.292,10.768],[98.287,10.748],[98.287,10.723],[98.278,10.693],[98.26,10.69],[98.241,10.692],[98.24,10.728],[98.236,10.747],[98.255,10.757],[98.254,10.776],[98.246,10.802],[98.25,10.824],[98.223,10.853],[98.226,10.875],[98.207,10.891],[98.186,10.893],[98.172,10.913],[98.149,10.923],[98.142,10.895],[98.117,10.893],[98.087,10.87],[98.081,10.884]]]}},{"type":"Feature","properties":{},"geometry":{"type":"Polygon","coordinates":[[[121.996,14.18],[122.019,14.156],[122.047,14.137],[122.07,14.124],[122.098,14.104],[122.127,14.09],[122.139,14.07],[122.171,14.048],[122.185,14.027],[122.187,14.008],[122.156,14.004],[122.133,14.02],[122.112,14.029],[122.088,14.054],[122.055,14.065],[122.035,14.092],[122.008,14.097],[121.988,14.112],[121.947,14.154],[121.925,14.192],[121.925,14.237],[121.957,14.21],[121.996,14.18]]]}},{"type":"Feature","properties":{},"geometry":{"type":"Polygon","coordinates":[[[121.345,19.362],[121.369,19.363],[121.39,19.377],[121.433,19.384],[121.475,19.375],[121.5,19.373],[121.521,19.391],[121.53,19.351],[121.521,19.323],[121.538,19.291],[121.54,19.272],[121.515,19.265],[121.511,19.245],[121.476,19.26],[121.442,19.269],[121.416,19.285],[121.388,19.303],[121.388,19.322],[121.369,19.342],[121.348,19.357],[121.345,19.362]]]}},{"type":"Feature","properties":{},"geometry":{"type":"Polygon","coordinates":[[[124.458,-15.368],[124.473,-15.346],[124.493,-15.355],[124.48,-15.329],[124.504,-15.328],[124.492,-15.307],[124.515,-15.311],[124.495,-15.298],[124.509,-15.279],[124.529,-15.275],[124.549,-15.266],[124.569,-15.247],[124.565,-15.268],[124.566,-15.297],[124.554,-15.315],[124.576,-15.312],[124.587,-15.338],[124.605,-15.346],[124.625,-15.377],[124.636,-15.396],[124.631,-15.415],[124.612,-15.428],[124.592,-15.427],[124.573,-15.438],[124.55,-15.447],[124.521,-15.447],[124.511,-15.425],[124.53,-15.416],[124.557,-15.397],[124.582,-15.384],[124.563,-15.384],[124.544,-15.379],[124.543,-15.36],[124.523,-15.363],[124.533,-15.384],[124.514,-15.38],[124.491,-15.383],[124.485,-15.403],[124.465,-15.403],[124.482,-15.382],[124.483,-15.363],[124.458,-15.368]]]}},{"type":"Feature","properties":{},"geometry":{"type":"Polygon","coordinates":[[[128.381,-3.632],[128.401,-3.611],[128.392,-3.588],[128.406,-3.567],[128.396,-3.539],[128.417,-3.521],[128.448,-3.51],[128.476,-3.516],[128.507,-3.522],[128.526,-3.54],[128.558,-3.571],[128.558,-3.59],[128.532,-3.603],[128.509,-3.62],[128.486,-3.618],[128.467,-3.623],[128.442,-3.625],[128.412,-3.632],[128.387,-3.638],[128.381,-3.632]]]}},{"type":"Feature","properties":{},"geometry":{"type":"Polygon","coordinates":[[[98.174,9.999],[98.187,10.018],[98.205,10.025],[98.227,10.028],[98.233,10.046],[98.257,10.055],[98.288,10.06],[98.284,10.041],[98.302,10.027],[98.301,10.009],[98.279,10.012],[98.263,9.987],[98.256,9.965],[98.236,9.957],[98.229,9.938],[98.203,9.935],[98.194,9.915],[98.171,9.915],[98.162,9.894],[98.159,9.872],[98.154,9.854],[98.135,9.839],[98.117,9.844],[98.118,9.862],[98.13,9.881],[98.128,9.9],[98.127,9.92],[98.129,9.945],[98.149,9.953],[98.167,9.98],[98.174,9.999]]]}},{"type":"Feature","properties":{},"geometry":{"type":"Polygon","coordinates":[[[25.444,40.476],[25.47,40.473],[25.494,40.496],[25.523,40.506],[25.542,40.505],[25.567,40.511],[25.594,40.503],[25.616,40.504],[25.642,40.493],[25.7,40.464],[25.694,40.435],[25.667,40.41],[25.633,40.405],[25.602,40.393],[25.574,40.392],[25.54,40.415],[25.51,40.424],[25.488,40.444],[25.459,40.457],[25.444,40.476]]]}},{"type":"Feature","properties":{},"geometry":{"type":"Polygon","coordinates":[[[108.796,-1.582],[108.818,-1.568],[108.838,-1.56],[108.861,-1.565],[108.879,-1.57],[108.9,-1.551],[108.923,-1.553],[108.946,-1.553],[108.957,-1.574],[108.978,-1.591],[108.976,-1.619],[108.965,-1.637],[108.941,-1.656],[108.913,-1.66],[108.882,-1.675],[108.862,-1.679],[108.838,-1.668],[108.824,-1.649],[108.846,-1.631],[108.835,-1.609],[108.834,-1.591],[108.854,-1.585],[108.828,-1.586],[108.806,-1.595],[108.796,-1.582]]]}},{"type":"Feature","properties":{},"geometry":{"type":"Polygon","coordinates":[[[128.998,32.961],[129.016,32.974],[129.039,32.977],[129.058,32.978],[129.041,33.0],[129.044,33.024],[129.05,33.043],[129.07,33.02],[129.08,33.038],[129.075,33.059],[129.086,33.079],[129.107,33.088],[129.104,33.109],[129.095,33.13],[129.108,33.153],[129.105,33.122],[129.12,33.092],[129.11,33.067],[129.105,33.049],[129.099,33.026],[129.096,33.006],[129.092,32.987],[129.115,32.982],[129.134,32.999],[129.159,32.995],[129.183,33.004],[129.185,32.979],[129.151,32.957],[129.141,32.938],[129.119,32.938],[129.103,32.959],[129.111,32.936],[129.085,32.926],[129.096,32.904],[129.085,32.882],[129.101,32.861],[129.078,32.861],[129.059,32.848],[129.065,32.817],[129.046,32.819],[129.05,32.838],[129.042,32.86],[129.04,32.883],[129.059,32.883],[129.039,32.909],[129.061,32.907],[129.039,32.923],[129.036,32.947],[129.015,32.937],[128.992,32.942],[128.998,32.961]]]}},{"type":"Feature","properties":{},"geometry":{"type":"Polygon","coordinates":[[[127.324,-7.633],[127.336,-7.611],[127.366,-7.593],[127.365,-7.547],[127.354,-7.528],[127.364,-7.502],[127.387,-7.496],[127.402,-7.515],[127.431,-7.514],[127.45,-7.529],[127.473,-7.522],[127.485,-7.545],[127.485,-7.578],[127.448,-7.601],[127.41,-7.606],[127.409,-7.628],[127.393,-7.65],[127.373,-7.66],[127.352,-7.653],[127.332,-7.638],[127.324,-7.633]]]}},{"type":"Feature","properties":{},"geometry":{"type":"Polygon","coordinates":[[[125.092,-14.624],[125.098,-14.592],[125.094,-14.564],[125.096,-14.544],[125.117,-14.547],[125.139,-14.561],[125.137,-14.54],[125.148,-14.52],[125.129,-14.51],[125.123,-14.49],[125.143,-14.471],[125.153,-14.451],[125.177,-14.45],[125.185,-14.472],[125.205,-14.48],[125.211,-14.499],[125.212,-14.518],[125.199,-14.541],[125.182,-14.563],[125.2,-14.563],[125.199,-14.582],[125.215,-14.606],[125.186,-14.608],[125.186,-14.628],[125.165,-14.625],[125.151,-14.649],[125.132,-14.646],[125.117,-14.626],[125.092,-14.624]]]}},{"type":"Feature","properties":{},"geometry":{"type":"Polygon","coordinates":[[[127.453,-1.248],[127.477,-1.21],[127.501,-1.199],[127.501,-1.178],[127.532,-1.176],[127.556,-1.179],[127.578,-1.199],[127.607,-1.205],[127.632,-1.217],[127.665,-1.219],[127.686,-1.223],[127.688,-1.257],[127.682,-1.28],[127.662,-1.29],[127.628,-1.281],[127.601,-1.26],[127.578,-1.255],[127.552,-1.245],[127.523,-1.246],[127.484,-1.269],[127.457,-1.255],[127.453,-1.248]]]}},{"type":"Feature","properties":{},"geometry":{"type":"Polygon","coordinates":[[[41.0,-2.207],[40.986,-2.183],[40.967,-2.174],[40.963,-2.142],[40.969,-2.123],[40.995,-2.094],[41.013,-2.09],[41.053,-2.072],[41.089,-2.042],[41.113,-2.045],[41.134,-2.058],[41.162,-2.077],[41.154,-2.102],[41.141,-2.13],[41.121,-2.109],[41.115,-2.135],[41.08,-2.139],[41.046,-2.138],[41.025,-2.138],[40.998,-2.146],[41.0,-2.165],[41.008,-2.198],[41.0,-2.207]]]}},{"type":"Feature","properties":{},"geometry":{"type":"Polygon","coordinates":[[[49.882,-17.002],[49.861,-17.027],[49.835,-17.068],[49.83,-17.087],[49.81,-17.094],[49.823,-17.07],[49.833,-17.014],[49.852,-17.013],[49.85,-16.993],[49.862,-16.965],[49.858,-16.926],[49.868,-16.906],[49.878,-16.887],[49.897,-16.873],[49.916,-16.852],[49.926,-16.826],[49.952,-16.804],[49.971,-16.776],[49.973,-16.756],[49.976,-16.735],[49.99,-16.71],[50.01,-16.703],[50.012,-16.736],[49.965,-16.827],[49.947,-16.881],[49.93,-16.913],[49.924,-16.937],[49.905,-16.958],[49.89,-16.991],[49.882,-17.002]]]}},{"type":"Feature","properties":{},"geometry":{"type":"Polygon","coordinates":[[[117.318,6.657],[117.34,6.675],[117.377,6.68],[117.402,6.673],[117.421,6.687],[117.441,6.698],[117.42,6.706],[117.388,6.716],[117.384,6.741],[117.408,6.755],[117.444,6.747],[117.47,6.758],[117.479,6.728],[117.489,6.71],[117.505,6.688],[117.494,6.651],[117.447,6.635],[117.413,6.624],[117.395,6.617],[117.375,6.632],[117.342,6.632],[117.32,6.652],[117.318,6.657]]]}},{"type":"Feature","properties":{},"geometry":{"type":"Polygon","coordinates":[[[129.34,33.182],[129.351,33.204],[129.372,33.192],[129.395,33.187],[129.381,33.205],[129.379,33.224],[129.398,33.24],[129.424,33.227],[129.426,33.246],[129.406,33.255],[129.407,33.28],[129.425,33.282],[129.445,33.291],[129.437,33.31],[129.441,33.342],[129.471,33.355],[129.498,33.356],[129.503,33.375],[129.522,33.378],[129.515,33.359],[129.524,33.381],[129.55,33.382],[129.521,33.387],[129.523,33.407],[129.542,33.41],[129.563,33.393],[129.555,33.371],[129.546,33.348],[129.526,33.33],[129.531,33.31],[129.506,33.303],[129.494,33.281],[129.501,33.258],[129.483,33.237],[129.466,33.216],[129.443,33.197],[129.417,33.182],[129.395,33.173],[129.372,33.169],[129.349,33.18],[129.34,33.182]]]}},{"type":"Feature","properties":{},"geometry":{"type":"Polygon","coordinates":[[[121.89,18.999],[121.914,19.005],[121.943,19.003],[121.962,18.983],[121.983,18.97],[121.986,18.944],[121.965,18.935],[121.954,18.909],[121.922,18.887],[121.89,18.871],[121.877,18.849],[121.875,18.827],[121.852,18.815],[121.833,18.841],[121.825,18.861],[121.846,18.878],[121.867,18.891],[121.862,18.915],[121.868,18.947],[121.866,18.977],[121.89,18.999]]]}},{"type":"Feature","properties":{},"geometry":{"type":"Polygon","coordinates":[[[128.54,-3.528],[128.545,-3.508],[128.569,-3.491],[128.591,-3.495],[128.618,-3.52],[128.647,-3.529],[128.672,-3.544],[128.681,-3.495],[128.704,-3.496],[128.715,-3.533],[128.723,-3.556],[128.722,-3.59],[128.721,-3.62],[128.697,-3.605],[128.68,-3.586],[128.657,-3.579],[128.652,-3.612],[128.639,-3.631],[128.615,-3.612],[128.595,-3.597],[128.616,-3.585],[128.592,-3.572],[128.582,-3.55],[128.56,-3.547],[128.54,-3.528]]]}},{"type":"Feature","properties":{},"geometry":{"type":"Polygon","coordinates":[[[107.0,20.735],[106.978,20.749],[106.974,20.768],[106.957,20.789],[106.928,20.792],[106.917,20.813],[106.936,20.825],[106.956,20.843],[106.948,20.864],[106.982,20.853],[107.002,20.86],[107.015,20.841],[107.012,20.86],[107.042,20.86],[107.048,20.827],[107.067,20.822],[107.087,20.818],[107.103,20.8],[107.106,20.777],[107.084,20.787],[107.066,20.807],[107.079,20.783],[107.059,20.773],[107.04,20.776],[107.051,20.755],[107.078,20.743],[107.065,20.719],[107.044,20.729],[107.022,20.725],[107.044,20.733],[107.017,20.737],[107.0,20.735]]]}},{"type":"Feature","properties":{},"geometry":{"type":"Polygon","coordinates":[[[121.128,28.134],[121.147,28.141],[121.169,28.151],[121.188,28.17],[121.205,28.191],[121.222,28.213],[121.247,28.213],[121.27,28.194],[121.262,28.173],[121.254,28.153],[121.255,28.133],[121.277,28.104],[121.284,28.08],[121.266,28.074],[121.239,28.089],[121.247,28.07],[121.228,28.065],[121.208,28.063],[121.175,28.044],[121.15,28.039],[121.14,28.061],[121.146,28.086],[121.135,28.107],[121.128,28.134]]]}},{"type":"Feature","properties":{},"geometry":{"type":"Polygon","coordinates":[[[24.317,36.66],[24.331,36.68],[24.333,36.7],[24.325,36.718],[24.342,36.736],[24.372,36.731],[24.391,36.736],[24.392,36.717],[24.421,36.703],[24.451,36.69],[24.47,36.708],[24.442,36.724],[24.414,36.74],[24.41,36.771],[24.431,36.764],[24.452,36.752],[24.476,36.743],[24.501,36.754],[24.52,36.765],[24.538,36.757],[24.533,36.737],[24.548,36.707],[24.54,36.681],[24.514,36.674],[24.492,36.662],[24.473,36.657],[24.449,36.665],[24.427,36.662],[24.401,36.658],[24.369,36.655],[24.337,36.652],[24.317,36.66]]]}},{"type":"Feature","properties":{},"geometry":{"type":"Polygon","coordinates":[[[125.255,24.75],[125.275,24.75],[125.27,24.779],[125.27,24.799],[125.28,24.833],[125.298,24.833],[125.291,24.853],[125.274,24.877],[125.258,24.905],[125.285,24.888],[125.31,24.856],[125.315,24.835],[125.339,24.818],[125.337,24.796],[125.358,24.785],[125.384,24.785],[125.404,24.763],[125.428,24.756],[125.449,24.74],[125.473,24.714],[125.454,24.725],[125.428,24.722],[125.408,24.725],[125.379,24.72],[125.343,24.715],[125.324,24.715],[125.3,24.713],[125.281,24.72],[125.26,24.743],[125.255,24.75]]]}},{"type":"Feature","properties":{},"geometry":{"type":"Polygon","coordinates":[[[93.398,7.997],[93.397,7.974],[93.418,7.958],[93.439,7.951],[93.458,7.926],[93.468,7.885],[93.448,7.871],[93.427,7.9],[93.408,7.9],[93.385,7.883],[93.361,7.88],[93.34,7.889],[93.341,7.912],[93.359,7.933],[93.33,7.928],[93.31,7.955],[93.319,7.992],[93.34,8.008],[93.372,8.02],[93.39,8.018],[93.398,7.997]]]}},{"type":"Feature","properties":{},"geometry":{"type":"Polygon","coordinates":[[[89.554,21.853],[89.557,21.891],[89.568,21.913],[89.579,21.935],[89.62,21.943],[89.646,21.908],[89.629,21.883],[89.627,21.857],[89.659,21.825],[89.674,21.803],[89.699,21.788],[89.7,21.761],[89.681,21.751],[89.657,21.748],[89.637,21.754],[89.611,21.76],[89.615,21.784],[89.597,21.813],[89.566,21.838],[89.554,21.853]]]}},{"type":"Feature","properties":{},"geometry":{"type":"Polygon","coordinates":[[[120.607,-7.076],[120.624,-7.053],[120.621,-7.008],[120.641,-7.005],[120.673,-7.043],[120.717,-7.058],[120.741,-7.075],[120.765,-7.078],[120.779,-7.06],[120.785,-7.099],[120.768,-7.135],[120.745,-7.129],[120.72,-7.129],[120.7,-7.133],[120.658,-7.124],[120.677,-7.134],[120.656,-7.135],[120.635,-7.131],[120.631,-7.109],[120.62,-7.082],[120.607,-7.076]]]}},{"type":"Feature","properties":{},"geometry":{"type":"Polygon","coordinates":[[[104.081,0.94],[104.103,0.958],[104.125,0.96],[104.129,0.936],[104.15,0.927],[104.16,0.904],[104.173,0.885],[104.169,0.865],[104.186,0.884],[104.226,0.879],[104.242,0.86],[104.262,0.867],[104.264,0.844],[104.245,0.832],[104.221,0.804],[104.198,0.795],[104.171,0.785],[104.164,0.81],[104.151,0.837],[104.134,0.865],[104.105,0.877],[104.094,0.902],[104.097,0.925],[104.081,0.94]]]}},{"type":"Feature","properties":{},"geometry":{"type":"Polygon","coordinates":[[[55.366,-4.641],[55.387,-4.625],[55.418,-4.612],[55.435,-4.56],[55.454,-4.561],[55.469,-4.583],[55.463,-4.604],[55.458,-4.623],[55.482,-4.654],[55.51,-4.67],[55.531,-4.676],[55.524,-4.703],[55.527,-4.728],[55.518,-4.749],[55.527,-4.77],[55.538,-4.791],[55.516,-4.799],[55.493,-4.78],[55.486,-4.758],[55.463,-4.757],[55.492,-4.736],[55.481,-4.717],[55.457,-4.691],[55.435,-4.677],[55.411,-4.658],[55.388,-4.645],[55.366,-4.641]]]}},{"type":"Feature","properties":{},"geometry":{"type":"Polygon","coordinates":[[[99.021,7.642],[99.046,7.646],[99.061,7.613],[99.055,7.643],[99.044,7.663],[99.041,7.682],[99.07,7.686],[99.103,7.678],[99.131,7.658],[99.134,7.637],[99.123,7.613],[99.127,7.592],[99.093,7.604],[99.079,7.568],[99.083,7.55],[99.098,7.532],[99.115,7.494],[99.11,7.472],[99.082,7.484],[99.041,7.552],[99.033,7.582],[99.036,7.601],[99.03,7.622],[99.021,7.642]]]}},{"type":"Feature","properties":{},"geometry":{"type":"Polygon","coordinates":[[[99.598,6.596],[99.615,6.615],[99.621,6.644],[99.622,6.665],[99.644,6.678],[99.65,6.699],[99.643,6.719],[99.646,6.739],[99.667,6.716],[99.683,6.691],[99.685,6.65],[99.681,6.63],[99.691,6.605],[99.698,6.582],[99.7,6.555],[99.694,6.535],[99.67,6.53],[99.675,6.512],[99.655,6.502],[99.64,6.535],[99.626,6.566],[99.598,6.596]]]}},{"type":"Feature","properties":{},"geometry":{"type":"Polygon","coordinates":[[[41.999,16.783],[41.995,16.758],[41.985,16.787],[41.963,16.789],[41.942,16.794],[41.919,16.801],[41.887,16.824],[41.877,16.844],[41.862,16.863],[41.836,16.898],[41.84,16.922],[41.872,16.922],[41.897,16.936],[41.913,16.957],[41.932,16.959],[41.945,16.936],[41.931,16.912],[41.949,16.888],[41.975,16.88],[41.981,16.856],[41.955,16.86],[41.925,16.855],[41.934,16.833],[41.957,16.82],[41.988,16.8],[41.999,16.783]]]}},{"type":"Feature","properties":{},"geometry":{"type":"Polygon","coordinates":[[[119.004,-8.223],[119.005,-8.204],[119.005,-8.182],[119.014,-8.158],[119.035,-8.139],[119.062,-8.126],[119.089,-8.13],[119.113,-8.155],[119.128,-8.185],[119.12,-8.223],[119.087,-8.256],[119.067,-8.257],[119.042,-8.262],[119.017,-8.247],[119.004,-8.223]]]}},{"type":"Feature","properties":{},"geometry":{"type":"Polygon","coordinates":[[[68.084,23.805],[68.103,23.825],[68.125,23.83],[68.154,23.822],[68.176,23.836],[68.191,23.807],[68.194,23.776],[68.174,23.748],[68.165,23.728],[68.159,23.702],[68.139,23.702],[68.12,23.705],[68.098,23.725],[68.075,23.718],[68.052,23.706],[68.047,23.729],[68.066,23.747],[68.085,23.752],[68.076,23.793],[68.084,23.805]]]}},{"type":"Feature","properties":{},"geometry":{"type":"Polygon","coordinates":[[[93.394,19.955],[93.43,19.959],[93.447,19.935],[93.46,19.917],[93.477,19.896],[93.497,19.888],[93.497,19.906],[93.51,19.887],[93.515,19.864],[93.503,19.826],[93.505,19.793],[93.514,19.769],[93.515,19.745],[93.495,19.757],[93.467,19.768],[93.444,19.786],[93.433,19.82],[93.428,19.846],[93.43,19.869],[93.415,19.905],[93.404,19.925],[93.4,19.944],[93.394,19.955]]]}},{"type":"Feature","properties":{},"geometry":{"type":"Polygon","coordinates":[[[112.699,21.685],[112.706,21.709],[112.732,21.729],[112.751,21.733],[112.774,21.745],[112.772,21.77],[112.791,21.761],[112.813,21.768],[112.84,21.779],[112.86,21.769],[112.857,21.743],[112.827,21.74],[112.8,21.694],[112.807,21.675],[112.812,21.656],[112.79,21.623],[112.796,21.6],[112.785,21.58],[112.758,21.575],[112.77,21.594],[112.751,21.587],[112.753,21.61],[112.727,21.605],[112.735,21.625],[112.745,21.644],[112.768,21.651],[112.78,21.677],[112.76,21.685],[112.74,21.672],[112.72,21.68],[112.699,21.685]]]}},{"type":"Feature","properties":{},"geometry":{"type":"Polygon","coordinates":[[[129.729,-1.206],[129.75,-1.18],[129.776,-1.173],[129.8,-1.17],[129.824,-1.168],[129.851,-1.16],[129.882,-1.15],[129.935,-1.168],[129.976,-1.177],[129.958,-1.197],[129.936,-1.208],[129.902,-1.218],[129.861,-1.246],[129.838,-1.246],[129.818,-1.255],[129.834,-1.234],[129.859,-1.216],[129.888,-1.206],[129.831,-1.219],[129.805,-1.217],[129.748,-1.227],[129.729,-1.206]]]}},{"type":"Feature","properties":{},"geometry":{"type":"Polygon","coordinates":[[[129.34,-0.002],[129.32,0.017],[129.299,0.019],[129.273,0.032],[129.301,0.03],[129.325,0.021],[129.38,-0.015],[129.431,-0.065],[129.452,-0.074],[129.466,-0.093],[129.497,-0.105],[129.538,-0.138],[129.565,-0.183],[129.569,-0.212],[129.541,-0.213],[129.513,-0.211],[129.501,-0.193],[129.508,-0.174],[129.489,-0.16],[129.467,-0.153],[129.472,-0.132],[129.455,-0.108],[129.428,-0.095],[129.408,-0.081],[129.388,-0.084],[129.375,-0.063],[129.375,-0.041],[129.358,-0.015],[129.34,-0.002]]]}},{"type":"Feature","properties":{},"geometry":{"type":"Polygon","coordinates":[[[113.999,22.27],[114.001,22.249],[114.02,22.231],[113.999,22.213],[113.979,22.214],[113.979,22.237],[113.957,22.23],[113.928,22.223],[113.907,22.205],[113.889,22.219],[113.871,22.208],[113.852,22.199],[113.837,22.218],[113.849,22.242],[113.868,22.267],[113.89,22.281],[113.917,22.29],[113.941,22.286],[113.973,22.297],[113.993,22.309],[114.019,22.335],[114.043,22.342],[114.056,22.321],[114.034,22.326],[114.015,22.306],[114.02,22.287],[114.022,22.267],[113.999,22.27]]]}},{"type":"Feature","properties":{},"geometry":{"type":"Polygon","coordinates":[[[123.52,-5.27],[123.562,-5.255],[123.582,-5.25],[123.621,-5.27],[123.642,-5.294],[123.64,-5.313],[123.631,-5.342],[123.636,-5.363],[123.616,-5.385],[123.59,-5.387],[123.543,-5.349],[123.535,-5.328],[123.529,-5.297],[123.52,-5.27]]]}},{"type":"Feature","properties":{},"geometry":{"type":"Polygon","coordinates":[[[125.503,-8.275],[125.521,-8.254],[125.526,-8.234],[125.55,-8.229],[125.564,-8.205],[125.59,-8.181],[125.61,-8.158],[125.623,-8.139],[125.645,-8.151],[125.647,-8.173],[125.635,-8.204],[125.613,-8.23],[125.612,-8.268],[125.602,-8.295],[125.577,-8.318],[125.552,-8.306],[125.533,-8.307],[125.507,-8.283],[125.503,-8.275]]]}},{"type":"Feature","properties":{},"geometry":{"type":"Polygon","coordinates":[[[93.638,7.308],[93.653,7.335],[93.649,7.374],[93.679,7.379],[93.7,7.388],[93.723,7.389],[93.721,7.417],[93.719,7.441],[93.739,7.401],[93.77,7.386],[93.775,7.366],[93.755,7.342],[93.746,7.322],[93.717,7.296],[93.694,7.284],[93.686,7.264],[93.667,7.248],[93.647,7.265],[93.65,7.285],[93.638,7.308]]]}},{"type":"Feature","properties":{},"geometry":{"type":"Polygon","coordinates":[[[118.275,24.414],[118.297,24.419],[118.305,24.446],[118.301,24.466],[118.312,24.492],[118.333,24.475],[118.371,24.462],[118.377,24.484],[118.401,24.497],[118.409,24.519],[118.428,24.516],[118.448,24.507],[118.456,24.482],[118.462,24.462],[118.475,24.44],[118.456,24.425],[118.435,24.408],[118.411,24.426],[118.392,24.434],[118.373,24.431],[118.346,24.417],[118.33,24.39],[118.305,24.391],[118.275,24.414]]]}},{"type":"Feature","properties":{},"geometry":{"type":"Polygon","coordinates":[[[110.427,21.181],[110.452,21.185],[110.463,21.205],[110.482,21.205],[110.505,21.202],[110.527,21.194],[110.558,21.201],[110.579,21.202],[110.572,21.176],[110.599,21.197],[110.618,21.21],[110.601,21.167],[110.584,21.126],[110.578,21.102],[110.555,21.094],[110.535,21.09],[110.5,21.129],[110.493,21.154],[110.494,21.135],[110.468,21.146],[110.448,21.165],[110.427,21.181]]]}},{"type":"Feature","properties":{},"geometry":{"type":"Polygon","coordinates":[[[129.642,33.769],[129.661,33.773],[129.683,33.76],[129.677,33.779],[129.655,33.792],[129.65,33.811],[129.67,33.806],[129.669,33.827],[129.676,33.846],[129.697,33.856],[129.719,33.858],[129.772,33.846],[129.762,33.816],[129.743,33.809],[129.775,33.796],[129.8,33.789],[129.772,33.786],[129.791,33.765],[129.789,33.742],[129.764,33.738],[129.736,33.74],[129.719,33.716],[129.692,33.712],[129.685,33.74],[129.671,33.759],[129.657,33.738],[129.651,33.762],[129.642,33.769]]]}},{"type":"Feature","properties":{},"geometry":{"type":"Polygon","coordinates":[[[105.532,-10.513],[105.551,-10.491],[105.556,-10.468],[105.548,-10.446],[105.567,-10.455],[105.6,-10.464],[105.633,-10.46],[105.652,-10.449],[105.661,-10.428],[105.684,-10.416],[105.705,-10.415],[105.711,-10.443],[105.707,-10.463],[105.69,-10.488],[105.675,-10.512],[105.67,-10.536],[105.667,-10.569],[105.642,-10.566],[105.638,-10.544],[105.634,-10.526],[105.607,-10.512],[105.585,-10.506],[105.567,-10.506],[105.546,-10.515],[105.532,-10.513]]]}},{"type":"Feature","properties":{},"geometry":{"type":"Polygon","coordinates":[[[127.633,-3.223],[127.662,-3.196],[127.684,-3.181],[127.727,-3.152],[127.753,-3.15],[127.773,-3.169],[127.792,-3.179],[127.794,-3.202],[127.794,-3.22],[127.79,-3.249],[127.767,-3.245],[127.746,-3.245],[127.719,-3.257],[127.699,-3.259],[127.67,-3.25],[127.651,-3.232],[127.633,-3.223]]]}},{"type":"Feature","properties":{},"geometry":{"type":"Polygon","coordinates":[[[93.508,7.999],[93.496,8.042],[93.515,8.043],[93.521,8.066],[93.525,8.048],[93.544,8.061],[93.544,8.08],[93.525,8.073],[93.501,8.05],[93.49,8.086],[93.476,8.112],[93.471,8.134],[93.463,8.167],[93.482,8.186],[93.501,8.223],[93.533,8.237],[93.555,8.23],[93.557,8.207],[93.549,8.187],[93.525,8.175],[93.517,8.154],[93.525,8.133],[93.532,8.115],[93.55,8.093],[93.561,8.037],[93.537,8.032],[93.519,8.027],[93.518,8.007],[93.508,7.999]]]}},{"type":"Feature","properties":{},"geometry":{"type":"Polygon","coordinates":[[[91.055,22.672],[91.086,22.695],[91.112,22.695],[91.137,22.688],[91.162,22.682],[91.191,22.654],[91.209,22.625],[91.209,22.606],[91.187,22.624],[91.19,22.605],[91.172,22.587],[91.175,22.605],[91.163,22.587],[91.145,22.58],[91.118,22.574],[91.085,22.607],[91.083,22.632],[91.075,22.652],[91.055,22.672]]]}},{"type":"Feature","properties":{},"geometry":{"type":"Polygon","coordinates":[[[72.607,21.576],[72.615,21.594],[72.618,21.612],[72.638,21.635],[72.675,21.647],[72.698,21.645],[72.725,21.649],[72.749,21.653],[72.791,21.646],[72.816,21.651],[72.823,21.627],[72.797,21.615],[72.77,21.61],[72.739,21.595],[72.719,21.592],[72.695,21.589],[72.658,21.563],[72.628,21.55],[72.61,21.557],[72.611,21.576],[72.607,21.576]]]}},{"type":"Feature","properties":{},"geometry":{"type":"Polygon","coordinates":[[[104.12,2.787],[104.13,2.808],[104.157,2.824],[104.161,2.853],[104.149,2.873],[104.155,2.892],[104.175,2.902],[104.191,2.883],[104.194,2.863],[104.201,2.843],[104.213,2.819],[104.208,2.791],[104.227,2.778],[104.219,2.753],[104.219,2.728],[104.187,2.728],[104.168,2.722],[104.135,2.748],[104.125,2.767],[104.12,2.787]]]}},{"type":"Feature","properties":{},"geometry":{"type":"Polygon","coordinates":[[[52.065,12.233],[52.087,12.249],[52.107,12.245],[52.136,12.245],[52.173,12.221],[52.193,12.213],[52.22,12.21],[52.247,12.21],[52.268,12.206],[52.287,12.206],[52.32,12.195],[52.345,12.2],[52.378,12.195],[52.397,12.2],[52.375,12.19],[52.381,12.166],[52.357,12.165],[52.339,12.158],[52.319,12.157],[52.298,12.153],[52.272,12.161],[52.242,12.162],[52.231,12.184],[52.202,12.185],[52.183,12.19],[52.157,12.19],[52.138,12.206],[52.12,12.207],[52.101,12.211],[52.073,12.226],[52.065,12.233]]]}},{"type":"Feature","properties":{},"geometry":{"type":"Polygon","coordinates":[[[118.318,4.658],[118.337,4.665],[118.358,4.668],[118.377,4.668],[118.399,4.668],[118.427,4.665],[118.422,4.684],[118.448,4.702],[118.466,4.684],[118.49,4.677],[118.492,4.65],[118.514,4.666],[118.533,4.65],[118.561,4.65],[118.582,4.641],[118.563,4.621],[118.555,4.597],[118.541,4.62],[118.529,4.599],[118.509,4.6],[118.487,4.611],[118.463,4.606],[118.444,4.61],[118.437,4.63],[118.412,4.631],[118.392,4.641],[118.37,4.65],[118.34,4.646],[118.318,4.658]]]}},{"type":"Feature","properties":{},"geometry":{"type":"Polygon","coordinates":[[[24.263,37.583],[24.268,37.603],[24.273,37.622],[24.285,37.644],[24.31,37.664],[24.327,37.682],[24.35,37.688],[24.392,37.675],[24.41,37.644],[24.394,37.622],[24.382,37.603],[24.347,37.565],[24.328,37.553],[24.307,37.535],[24.287,37.524],[24.271,37.548],[24.276,37.568],[24.263,37.583]]]}},{"type":"Feature","properties":{},"geometry":{"type":"Polygon","coordinates":[[[103.448,0.999],[103.397,0.989],[103.39,1.008],[103.369,1.016],[103.351,1.01],[103.329,1.026],[103.32,1.047],[103.318,1.071],[103.31,1.094],[103.325,1.118],[103.345,1.132],[103.365,1.132],[103.389,1.128],[103.38,1.104],[103.382,1.086],[103.398,1.06],[103.426,1.052],[103.445,1.01],[103.448,0.999]]]}},{"type":"Feature","properties":{},"geometry":{"type":"Polygon","coordinates":[[[114.268,-7.103],[114.294,-7.062],[114.318,-7.06],[114.345,-7.073],[114.369,-7.09],[114.375,-7.119],[114.392,-7.145],[114.398,-7.168],[114.377,-7.189],[114.348,-7.181],[114.312,-7.167],[114.291,-7.147],[114.273,-7.118],[114.268,-7.103]]]}},{"type":"Feature","properties":{},"geometry":{"type":"Polygon","coordinates":[[[104.477,0.238],[104.497,0.238],[104.515,0.227],[104.538,0.205],[104.527,0.228],[104.513,0.247],[104.535,0.223],[104.558,0.203],[104.574,0.183],[104.591,0.165],[104.612,0.137],[104.628,0.119],[104.649,0.098],[104.662,0.077],[104.68,0.064],[104.704,0.049],[104.701,0.019],[104.674,0.027],[104.633,0.066],[104.626,0.089],[104.607,0.103],[104.613,0.084],[104.59,0.099],[104.571,0.11],[104.553,0.134],[104.571,0.142],[104.55,0.167],[104.542,0.146],[104.515,0.182],[104.517,0.203],[104.495,0.216],[104.477,0.238]]]}},{"type":"Feature","properties":{},"geometry":{"type":"Polygon","coordinates":[[[79.865,8.99],[79.837,9.018],[79.787,9.05],[79.749,9.068],[79.713,9.079],[79.686,9.075],[79.7,9.093],[79.739,9.106],[79.78,9.1],[79.818,9.086],[79.841,9.082],[79.881,9.057],[79.918,9.014],[79.9,9.022],[79.873,9.033],[79.864,9.053],[79.882,9.013],[79.903,8.994],[79.927,8.983],[79.898,8.968],[79.879,8.977],[79.865,8.99]]]}},{"type":"Feature","properties":{},"geometry":{"type":"Polygon","coordinates":[[[108.894,3.0],[108.892,2.977],[108.89,2.954],[108.88,2.926],[108.879,2.895],[108.849,2.857],[108.827,2.85],[108.792,2.868],[108.777,2.898],[108.8,2.92],[108.835,2.947],[108.838,2.996],[108.868,3.02],[108.895,3.012],[108.894,3.0]]]}},{"type":"Feature","properties":{},"geometry":{"type":"Polygon","coordinates":[[[106.193,3.236],[106.214,3.224],[106.225,3.243],[106.243,3.23],[106.263,3.209],[106.281,3.188],[106.29,3.169],[106.284,3.147],[106.267,3.124],[106.285,3.137],[106.299,3.157],[106.315,3.177],[106.31,3.154],[106.329,3.164],[106.342,3.13],[106.322,3.128],[106.312,3.095],[106.31,3.122],[106.284,3.125],[106.288,3.106],[106.277,3.084],[106.274,3.109],[106.253,3.121],[106.236,3.103],[106.221,3.138],[106.202,3.144],[106.205,3.17],[106.205,3.189],[106.2,3.207],[106.194,3.229],[106.193,3.236]]]}},{"type":"Feature","properties":{},"geometry":{"type":"Polygon","coordinates":[[[127.857,-3.001],[127.863,-2.982],[127.87,-2.954],[127.897,-2.948],[127.919,-2.933],[127.917,-2.914],[127.947,-2.92],[127.984,-2.919],[127.996,-2.94],[127.962,-2.971],[127.955,-2.996],[127.928,-3.019],[127.904,-3.035],[127.88,-3.038],[127.859,-3.033],[127.832,-3.034],[127.834,-3.01],[127.857,-3.001]]]}},{"type":"Feature","properties":{},"geometry":{"type":"Polygon","coordinates":[[[25.999,36.884],[25.976,36.877],[25.952,36.855],[25.93,36.839],[25.91,36.827],[25.88,36.792],[25.857,36.783],[25.828,36.784],[25.808,36.766],[25.777,36.765],[25.752,36.775],[25.742,36.795],[25.772,36.808],[25.792,36.812],[25.814,36.81],[25.84,36.815],[25.865,36.828],[25.839,36.834],[25.862,36.856],[25.884,36.86],[25.91,36.866],[25.931,36.88],[25.952,36.89],[25.977,36.902],[25.956,36.907],[25.968,36.926],[25.997,36.93],[26.017,36.935],[26.036,36.92],[26.066,36.908],[26.089,36.897],[26.063,36.89],[26.03,36.895],[26.008,36.89],[25.999,36.884]]]}},{"type":"Feature","properties":{},"geometry":{"type":"Polygon","coordinates":[[[125.887,9.613],[125.9,9.635],[125.906,9.657],[125.925,9.656],[125.923,9.675],[125.914,9.697],[125.904,9.723],[125.914,9.747],[125.939,9.764],[125.938,9.737],[125.958,9.737],[125.962,9.698],[125.985,9.686],[125.986,9.643],[125.967,9.625],[125.97,9.588],[125.942,9.562],[125.935,9.582],[125.91,9.589],[125.908,9.616],[125.89,9.616],[125.887,9.613]]]}},{"type":"Feature","properties":{},"geometry":{"type":"Polygon","coordinates":[[[106.081,9.757],[106.11,9.744],[106.132,9.716],[106.167,9.66],[106.217,9.609],[106.256,9.6],[106.297,9.578],[106.29,9.555],[106.274,9.531],[106.245,9.518],[106.223,9.523],[106.235,9.56],[106.212,9.544],[106.205,9.563],[106.193,9.583],[106.155,9.626],[106.137,9.667],[106.125,9.69],[106.111,9.714],[106.092,9.737],[106.081,9.757]]]}},{"type":"Feature","properties":{},"geometry":{"type":"Polygon","coordinates":[[[39.794,-16.351],[39.801,-16.329],[39.807,-16.305],[39.827,-16.287],[39.875,-16.272],[39.87,-16.297],[39.887,-16.274],[39.911,-16.283],[39.895,-16.312],[39.88,-16.333],[39.892,-16.353],[39.89,-16.383],[39.891,-16.413],[39.873,-16.413],[39.85,-16.419],[39.826,-16.404],[39.825,-16.386],[39.808,-16.361],[39.794,-16.351]]]}},{"type":"Feature","properties":{},"geometry":{"type":"Polygon","coordinates":[[[92.719,9.15],[92.723,9.183],[92.72,9.211],[92.747,9.212],[92.77,9.224],[92.773,9.251],[92.805,9.23],[92.825,9.193],[92.824,9.174],[92.832,9.153],[92.826,9.132],[92.795,9.116],[92.776,9.121],[92.739,9.12],[92.719,9.15]]]}},{"type":"Feature","properties":{},"geometry":{"type":"Polygon","coordinates":[[[36.677,25.542],[36.695,25.574],[36.733,25.564],[36.758,25.543],[36.787,25.53],[36.787,25.512],[36.811,25.516],[36.838,25.497],[36.864,25.476],[36.885,25.456],[36.89,25.436],[36.866,25.449],[36.847,25.465],[36.827,25.466],[36.824,25.49],[36.804,25.483],[36.785,25.506],[36.763,25.51],[36.767,25.53],[36.745,25.519],[36.737,25.537],[36.725,25.556],[36.694,25.562],[36.703,25.539],[36.717,25.52],[36.738,25.512],[36.76,25.493],[36.764,25.47],[36.792,25.46],[36.785,25.482],[36.766,25.496],[36.795,25.493],[36.804,25.474],[36.823,25.455],[36.855,25.45],[36.875,25.431],[36.899,25.435],[36.917,25.429],[36.892,25.422],[36.906,25.385],[36.935,25.413],[36.966,25.422],[36.937,25.4],[36.913,25.377],[36.914,25.357],[36.892,25.354],[36.882,25.375],[36.851,25.403],[36.833,25.412],[36.814,25.433],[36.778,25.462],[36.74,25.497],[36.707,25.515],[36.686,25.543],[36.677,25.542]]]}},{"type":"Feature","properties":{},"geometry":{"type":"Polygon","coordinates":[[[103.938,0.999],[103.957,0.977],[103.976,0.957],[103.965,0.935],[103.968,0.917],[103.96,0.892],[103.952,0.911],[103.945,0.931],[103.946,0.912],[103.918,0.93],[103.888,0.942],[103.862,0.958],[103.84,0.97],[103.835,1.019],[103.862,1.01],[103.858,1.03],[103.877,1.035],[103.897,1.01],[103.889,1.032],[103.91,1.025],[103.932,1.01],[103.938,0.999]]]}},{"type":"Feature","properties":{},"geometry":{"type":"Polygon","coordinates":[[[95.214,5.901],[95.237,5.903],[95.257,5.88],[95.273,5.861],[95.296,5.846],[95.3,5.878],[95.322,5.887],[95.321,5.907],[95.35,5.888],[95.36,5.862],[95.376,5.826],[95.355,5.828],[95.341,5.792],[95.3,5.786],[95.273,5.798],[95.262,5.816],[95.255,5.849],[95.235,5.862],[95.218,5.885],[95.214,5.901]]]}},{"type":"Feature","properties":{},"geometry":{"type":"Polygon","coordinates":[[[92.589,11.362],[92.597,11.397],[92.619,11.395],[92.63,11.417],[92.62,11.45],[92.62,11.472],[92.636,11.501],[92.655,11.505],[92.675,11.486],[92.688,11.466],[92.692,11.425],[92.655,11.404],[92.674,11.4],[92.697,11.388],[92.7,11.365],[92.676,11.359],[92.657,11.354],[92.624,11.344],[92.599,11.346],[92.589,11.362]]]}},{"type":"Feature","properties":{},"geometry":{"type":"Polygon","coordinates":[[[100.0,9.703],[99.979,9.72],[99.975,9.747],[99.964,9.77],[99.974,9.789],[99.993,9.801],[100.014,9.789],[100.038,9.79],[100.064,9.785],[100.075,9.763],[100.085,9.732],[100.083,9.714],[100.085,9.694],[100.072,9.673],[100.046,9.685],[100.0,9.703]]]}},{"type":"Feature","properties":{},"geometry":{"type":"Polygon","coordinates":[[[42.684,13.998],[42.702,14.029],[42.731,14.059],[42.749,14.069],[42.773,14.056],[42.79,14.032],[42.79,14.013],[42.79,13.989],[42.78,13.955],[42.78,13.925],[42.781,13.906],[42.761,13.917],[42.759,13.947],[42.737,13.95],[42.716,13.96],[42.696,13.988],[42.684,13.998]]]}},{"type":"Feature","properties":{},"geometry":{"type":"Polygon","coordinates":[[[117.263,8.213],[117.265,8.233],[117.267,8.266],[117.266,8.296],[117.27,8.314],[117.288,8.323],[117.307,8.316],[117.326,8.327],[117.347,8.31],[117.355,8.285],[117.344,8.258],[117.344,8.232],[117.339,8.201],[117.316,8.195],[117.297,8.183],[117.273,8.204],[117.263,8.213]]]}},{"type":"Feature","properties":{},"geometry":{"type":"Polygon","coordinates":[[[105.096,-6.618],[105.132,-6.575],[105.151,-6.568],[105.181,-6.544],[105.209,-6.549],[105.238,-6.535],[105.259,-6.524],[105.254,-6.544],[105.251,-6.563],[105.256,-6.583],[105.259,-6.603],[105.249,-6.624],[105.228,-6.643],[105.203,-6.65],[105.185,-6.671],[105.167,-6.663],[105.187,-6.644],[105.193,-6.622],[105.171,-6.6],[105.177,-6.581],[105.148,-6.593],[105.128,-6.612],[105.107,-6.608],[105.096,-6.618]]]}},{"type":"Feature","properties":{},"geometry":{"type":"Polygon","coordinates":[[[117.759,3.533],[117.76,3.554],[117.783,3.577],[117.806,3.585],[117.828,3.579],[117.85,3.552],[117.866,3.531],[117.87,3.503],[117.879,3.484],[117.887,3.46],[117.864,3.451],[117.843,3.464],[117.807,3.49],[117.782,3.5],[117.766,3.525],[117.759,3.533]]]}},{"type":"Feature","properties":{},"geometry":{"type":"Polygon","coordinates":[[[127.357,0.672],[127.362,0.691],[127.38,0.723],[127.38,0.746],[127.399,0.757],[127.443,0.746],[127.45,0.72],[127.45,0.68],[127.439,0.644],[127.423,0.625],[127.393,0.62],[127.36,0.644],[127.357,0.672]]]}},{"type":"Feature","properties":{},"geometry":{"type":"Polygon","coordinates":[[[98.0,12.366],[97.99,12.344],[98.019,12.354],[98.037,12.351],[98.044,12.376],[98.065,12.391],[98.08,12.41],[98.09,12.431],[98.098,12.409],[98.123,12.398],[98.106,12.368],[98.084,12.353],[98.06,12.357],[98.057,12.33],[98.035,12.311],[98.011,12.298],[98.009,12.265],[97.995,12.287],[97.977,12.312],[97.955,12.316],[97.966,12.339],[97.97,12.363],[97.944,12.331],[97.941,12.355],[97.955,12.381],[97.977,12.388],[97.974,12.369],[97.99,12.393],[98.008,12.397],[98.028,12.41],[98.024,12.382],[98.0,12.366]]]}},{"type":"Feature","properties":{},"geometry":{"type":"Polygon","coordinates":[[[125.353,2.742],[125.367,2.777],[125.366,2.796],[125.396,2.814],[125.422,2.812],[125.448,2.79],[125.45,2.759],[125.432,2.744],[125.403,2.73],[125.396,2.702],[125.39,2.682],[125.414,2.669],[125.42,2.64],[125.397,2.637],[125.372,2.654],[125.368,2.685],[125.353,2.742]]]}},{"type":"Feature","properties":{},"geometry":{"type":"Polygon","coordinates":[[[118.063,24.461],[118.11,24.482],[118.078,24.476],[118.075,24.501],[118.093,24.522],[118.1,24.55],[118.128,24.548],[118.147,24.544],[118.165,24.519],[118.191,24.528],[118.195,24.483],[118.175,24.474],[118.17,24.455],[118.13,24.423],[118.107,24.429],[118.082,24.436],[118.063,24.461]]]}},{"type":"Feature","properties":{},"geometry":{"type":"Polygon","coordinates":[[[98.037,12.212],[98.043,12.232],[98.051,12.25],[98.055,12.274],[98.071,12.292],[98.092,12.291],[98.11,12.286],[98.13,12.286],[98.126,12.267],[98.127,12.245],[98.12,12.212],[98.096,12.195],[98.117,12.201],[98.135,12.193],[98.13,12.169],[98.135,12.147],[98.11,12.165],[98.077,12.158],[98.064,12.182],[98.042,12.196],[98.037,12.212]]]}},{"type":"Feature","properties":{},"geometry":{"type":"Polygon","coordinates":[[[107.341,-2.885],[107.367,-2.884],[107.376,-2.861],[107.4,-2.84],[107.426,-2.827],[107.45,-2.83],[107.474,-2.829],[107.465,-2.852],[107.486,-2.851],[107.479,-2.869],[107.474,-2.897],[107.459,-2.918],[107.44,-2.925],[107.42,-2.928],[107.412,-2.946],[107.391,-2.932],[107.361,-2.903],[107.341,-2.885]]]}},{"type":"Feature","properties":{},"geometry":{"type":"Polygon","coordinates":[[[129.0,-8.267],[128.953,-8.244],[128.929,-8.229],[128.928,-8.257],[128.906,-8.25],[128.881,-8.245],[128.858,-8.236],[128.82,-8.21],[128.86,-8.186],[128.895,-8.19],[128.953,-8.189],[128.987,-8.21],[129.016,-8.217],[129.023,-8.24],[129.008,-8.265],[129.0,-8.267]]]}},{"type":"Feature","properties":{},"geometry":{"type":"Polygon","coordinates":[[[46.203,-9.407],[46.235,-9.443],[46.256,-9.453],[46.276,-9.464],[46.295,-9.458],[46.318,-9.455],[46.343,-9.448],[46.364,-9.442],[46.387,-9.435],[46.414,-9.435],[46.428,-9.415],[46.452,-9.416],[46.473,-9.42],[46.468,-9.398],[46.45,-9.382],[46.489,-9.38],[46.518,-9.393],[46.52,-9.414],[46.499,-9.439],[46.452,-9.452],[46.416,-9.444],[46.397,-9.445],[46.362,-9.46],[46.338,-9.464],[46.29,-9.49],[46.268,-9.491],[46.249,-9.49],[46.231,-9.483],[46.209,-9.436],[46.203,-9.407]]]}},{"type":"Feature","properties":{},"geometry":{"type":"Polygon","coordinates":[[[127.48,-3.299],[127.512,-3.285],[127.517,-3.265],[127.536,-3.262],[127.559,-3.253],[127.591,-3.285],[127.61,-3.306],[127.627,-3.327],[127.643,-3.346],[127.646,-3.366],[127.624,-3.363],[127.6,-3.357],[127.564,-3.338],[127.515,-3.334],[127.48,-3.299]]]}},{"type":"Feature","properties":{},"geometry":{"type":"Polygon","coordinates":[[[123.687,11.226],[123.699,11.248],[123.724,11.297],[123.754,11.278],[123.758,11.25],[123.765,11.228],[123.768,11.21],[123.783,11.188],[123.804,11.172],[123.809,11.152],[123.788,11.146],[123.748,11.15],[123.721,11.136],[123.732,11.155],[123.706,11.194],[123.698,11.212],[123.687,11.226]]]}},{"type":"Feature","properties":{},"geometry":{"type":"Polygon","coordinates":[[[128.077,-8.264],[128.095,-8.222],[128.126,-8.219],[128.154,-8.219],[128.173,-8.212],[128.207,-8.204],[128.226,-8.217],[128.224,-8.237],[128.225,-8.26],[128.208,-8.283],[128.148,-8.283],[128.128,-8.281],[128.091,-8.275],[128.077,-8.264]]]}},{"type":"Feature","properties":{},"geometry":{"type":"Polygon","coordinates":[[[27.52,40.627],[27.53,40.646],[27.554,40.648],[27.594,40.656],[27.622,40.664],[27.654,40.662],[27.676,40.65],[27.697,40.649],[27.726,40.638],[27.709,40.611],[27.677,40.602],[27.659,40.6],[27.633,40.584],[27.615,40.575],[27.584,40.58],[27.559,40.582],[27.527,40.594],[27.531,40.614],[27.52,40.627]]]}},{"type":"Feature","properties":{},"geometry":{"type":"Polygon","coordinates":[[[42.533,15.308],[42.56,15.328],[42.564,15.352],[42.552,15.372],[42.56,15.399],[42.576,15.418],[42.597,15.433],[42.628,15.46],[42.634,15.441],[42.613,15.438],[42.613,15.416],[42.583,15.402],[42.591,15.381],[42.616,15.401],[42.639,15.406],[42.633,15.383],[42.619,15.362],[42.62,15.342],[42.615,15.316],[42.606,15.298],[42.593,15.277],[42.57,15.266],[42.545,15.289],[42.533,15.308]]]}},{"type":"Feature","properties":{},"geometry":{"type":"Polygon","coordinates":[[[27.0,36.952],[26.987,36.925],[26.967,36.93],[26.948,36.929],[26.929,36.939],[26.91,36.954],[26.934,36.97],[26.94,37.002],[26.968,37.016],[26.942,37.042],[26.924,37.042],[26.89,37.065],[26.908,37.07],[26.951,37.059],[26.975,37.054],[26.995,37.041],[26.974,37.04],[26.993,37.021],[27.008,37.002],[27.03,37.01],[27.054,36.998],[27.041,36.976],[27.047,36.957],[27.017,36.946],[27.0,36.952]]]}},{"type":"Feature","properties":{},"geometry":{"type":"Polygon","coordinates":[[[102.528,11.655],[102.535,11.681],[102.545,11.701],[102.539,11.722],[102.55,11.757],[102.569,11.743],[102.567,11.712],[102.593,11.701],[102.614,11.687],[102.614,11.652],[102.61,11.632],[102.593,11.61],[102.598,11.59],[102.598,11.56],[102.572,11.574],[102.56,11.593],[102.53,11.602],[102.549,11.621],[102.535,11.652],[102.528,11.655]]]}},{"type":"Feature","properties":{},"geometry":{"type":"Polygon","coordinates":[[[123.056,-1.906],[123.062,-1.884],[123.06,-1.857],[123.062,-1.833],[123.075,-1.808],[123.088,-1.78],[123.101,-1.758],[123.123,-1.773],[123.133,-1.796],[123.155,-1.817],[123.149,-1.851],[123.129,-1.863],[123.104,-1.882],[123.089,-1.913],[123.069,-1.92],[123.056,-1.906]]]}},{"type":"Feature","properties":{},"geometry":{"type":"Polygon","coordinates":[[[25.246,36.722],[25.258,36.743],[25.259,36.769],[25.281,36.789],[25.301,36.789],[25.327,36.776],[25.329,36.754],[25.347,36.751],[25.37,36.733],[25.389,36.725],[25.389,36.707],[25.388,36.687],[25.393,36.669],[25.377,36.65],[25.356,36.641],[25.34,36.661],[25.321,36.681],[25.302,36.69],[25.295,36.71],[25.266,36.711],[25.246,36.722]]]}},{"type":"Feature","properties":{},"geometry":{"type":"Polygon","coordinates":[[[63.33,-19.738],[63.337,-19.715],[63.356,-19.709],[63.377,-19.708],[63.387,-19.685],[63.408,-19.69],[63.442,-19.665],[63.472,-19.672],[63.492,-19.676],[63.496,-19.697],[63.478,-19.732],[63.456,-19.736],[63.437,-19.739],[63.418,-19.741],[63.396,-19.745],[63.377,-19.764],[63.355,-19.758],[63.359,-19.74],[63.335,-19.745],[63.33,-19.738]]]}},{"type":"Feature","properties":{},"geometry":{"type":"Polygon","coordinates":[[[124.051,-6.007],[124.048,-5.988],[124.009,-5.988],[123.982,-5.977],[123.973,-5.958],[123.963,-5.937],[123.971,-5.905],[123.983,-5.879],[124.002,-5.889],[124.031,-5.905],[124.049,-5.931],[124.062,-5.958],[124.071,-5.978],[124.082,-6.005],[124.073,-6.032],[124.047,-6.04],[124.041,-6.019],[124.051,-6.007]]]}},{"type":"Feature","properties":{},"geometry":{"type":"Polygon","coordinates":[[[117.0,23.418],[116.968,23.418],[116.946,23.422],[116.949,23.447],[116.977,23.464],[117.007,23.435],[117.03,23.445],[117.04,23.466],[117.066,23.477],[117.088,23.456],[117.1,23.478],[117.122,23.478],[117.119,23.458],[117.145,23.444],[117.125,23.423],[117.133,23.405],[117.11,23.392],[117.092,23.394],[117.061,23.408],[117.04,23.401],[117.019,23.415],[117.0,23.418]]]}},{"type":"Feature","properties":{},"geometry":{"type":"Polygon","coordinates":[[[119.71,11.465],[119.731,11.472],[119.755,11.454],[119.775,11.46],[119.763,11.48],[119.785,11.485],[119.796,11.465],[119.82,11.47],[119.839,11.478],[119.84,11.497],[119.815,11.506],[119.835,11.512],[119.854,11.509],[119.867,11.486],[119.863,11.467],[119.863,11.439],[119.852,11.413],[119.831,11.393],[119.806,11.382],[119.81,11.402],[119.822,11.428],[119.801,11.416],[119.774,11.416],[119.772,11.395],[119.757,11.422],[119.736,11.429],[119.736,11.448],[119.71,11.465]]]}},{"type":"Feature","properties":{},"geometry":{"type":"Polygon","coordinates":[[[112.0,21.646],[112.006,21.625],[111.957,21.604],[111.938,21.611],[111.918,21.607],[111.87,21.576],[111.848,21.563],[111.821,21.56],[111.825,21.584],[111.85,21.615],[111.834,21.648],[111.861,21.649],[111.887,21.645],[111.907,21.656],[111.928,21.661],[111.935,21.641],[111.954,21.658],[111.983,21.657],[112.0,21.646]]]}},{"type":"Feature","properties":{},"geometry":{"type":"Polygon","coordinates":[[[120.997,-7.333],[120.973,-7.325],[120.929,-7.31],[120.909,-7.31],[120.877,-7.31],[120.857,-7.297],[120.833,-7.303],[120.815,-7.294],[120.803,-7.27],[120.842,-7.265],[120.862,-7.271],[120.883,-7.275],[120.918,-7.287],[120.95,-7.285],[120.979,-7.284],[121.009,-7.282],[121.052,-7.299],[121.053,-7.328],[121.029,-7.326],[121.008,-7.333],[120.997,-7.333]]]}},{"type":"Feature","properties":{},"geometry":{"type":"Polygon","coordinates":[[[103.0,11.251],[102.985,11.272],[102.989,11.293],[102.993,11.317],[102.985,11.346],[102.984,11.369],[102.975,11.39],[102.977,11.409],[102.999,11.409],[103.018,11.417],[103.028,11.397],[103.04,11.376],[103.033,11.347],[103.044,11.316],[103.047,11.29],[103.03,11.243],[103.004,11.245],[103.0,11.251]]]}},{"type":"Feature","properties":{},"geometry":{"type":"Polygon","coordinates":[[[117.0,7.278],[116.999,7.298],[116.967,7.287],[116.971,7.262],[116.984,7.238],[116.964,7.244],[116.942,7.236],[116.919,7.237],[116.9,7.22],[116.867,7.217],[116.887,7.22],[116.89,7.202],[116.862,7.189],[116.866,7.238],[116.879,7.263],[116.885,7.283],[116.908,7.295],[116.931,7.286],[116.956,7.3],[116.983,7.316],[116.988,7.339],[117.012,7.34],[117.019,7.316],[117.015,7.285],[117.0,7.278]]]}},{"type":"Feature","properties":{},"geometry":{"type":"Polygon","coordinates":[[[127.286,0.814],[127.295,0.842],[127.313,0.866],[127.337,0.865],[127.373,0.84],[127.381,0.798],[127.372,0.768],[127.347,0.757],[127.31,0.753],[127.296,0.775],[127.289,0.804],[127.286,0.814]]]}},{"type":"Feature","properties":{},"geometry":{"type":"Polygon","coordinates":[[[125.657,10.781],[125.675,10.81],[125.705,10.819],[125.725,10.802],[125.711,10.775],[125.718,10.753],[125.752,10.74],[125.78,10.739],[125.811,10.73],[125.811,10.705],[125.772,10.691],[125.747,10.69],[125.723,10.717],[125.695,10.726],[125.667,10.747],[125.66,10.776],[125.657,10.781]]]}},{"type":"Feature","properties":{},"geometry":{"type":"Polygon","coordinates":[[[119.445,4.901],[119.485,4.869],[119.497,4.833],[119.5,4.802],[119.508,4.773],[119.507,4.753],[119.492,4.716],[119.482,4.677],[119.473,4.659],[119.455,4.647],[119.46,4.671],[119.455,4.69],[119.461,4.711],[119.46,4.729],[119.469,4.747],[119.469,4.768],[119.464,4.818],[119.446,4.885],[119.445,4.901]]]}},{"type":"Feature","properties":{},"geometry":{"type":"Polygon","coordinates":[[[24.361,37.312],[24.369,37.333],[24.378,37.352],[24.397,37.363],[24.39,37.384],[24.39,37.408],[24.365,37.41],[24.365,37.429],[24.383,37.449],[24.421,37.475],[24.431,37.446],[24.458,37.427],[24.484,37.407],[24.473,37.387],[24.454,37.389],[24.45,37.359],[24.432,37.345],[24.419,37.326],[24.397,37.307],[24.377,37.299],[24.361,37.312]]]}},{"type":"Feature","properties":{},"geometry":{"type":"Polygon","coordinates":[[[40.055,16.0],[40.033,16.006],[40.01,16.004],[39.989,16.002],[39.988,16.039],[39.993,16.058],[40.046,16.054],[40.038,16.098],[40.046,16.116],[40.068,16.102],[40.08,16.08],[40.118,16.075],[40.117,16.051],[40.098,16.052],[40.079,16.042],[40.075,16.014],[40.095,16.01],[40.114,15.992],[40.093,15.977],[40.057,15.99],[40.055,16.0]]]}},{"type":"Feature","properties":{},"geometry":{"type":"Polygon","coordinates":[[[90.528,21.999],[90.506,21.996],[90.511,22.04],[90.539,22.067],[90.505,22.037],[90.484,22.046],[90.485,22.067],[90.493,22.098],[90.512,22.105],[90.522,22.131],[90.546,22.132],[90.569,22.143],[90.583,22.117],[90.57,22.085],[90.566,22.045],[90.549,22.014],[90.53,22.002],[90.528,21.999]]]}},{"type":"Feature","properties":{},"geometry":{"type":"Polygon","coordinates":[[[35.426,-21.723],[35.445,-21.708],[35.442,-21.673],[35.435,-21.654],[35.463,-21.628],[35.467,-21.603],[35.467,-21.581],[35.463,-21.562],[35.472,-21.534],[35.477,-21.513],[35.496,-21.532],[35.498,-21.577],[35.495,-21.607],[35.49,-21.633],[35.497,-21.655],[35.487,-21.683],[35.485,-21.704],[35.465,-21.737],[35.46,-21.758],[35.46,-21.786],[35.435,-21.765],[35.435,-21.737],[35.426,-21.723]]]}},{"type":"Feature","properties":{},"geometry":{"type":"Polygon","coordinates":[[[92.658,12.856],[92.678,12.882],[92.679,12.907],[92.685,12.941],[92.677,12.963],[92.698,12.99],[92.722,12.982],[92.721,12.942],[92.725,12.917],[92.735,12.896],[92.721,12.877],[92.709,12.844],[92.698,12.825],[92.685,12.801],[92.68,12.779],[92.675,12.806],[92.662,12.835],[92.658,12.856]]]}},{"type":"Feature","properties":{},"geometry":{"type":"Polygon","coordinates":[[[26.26,36.592],[26.28,36.597],[26.309,36.595],[26.337,36.581],[26.357,36.571],[26.382,36.595],[26.402,36.583],[26.396,36.605],[26.376,36.622],[26.377,36.643],[26.399,36.635],[26.422,36.63],[26.441,36.616],[26.465,36.596],[26.454,36.575],[26.432,36.585],[26.412,36.571],[26.386,36.575],[26.367,36.577],[26.362,36.556],[26.342,36.537],[26.368,36.508],[26.34,36.513],[26.314,36.509],[26.293,36.519],[26.285,36.537],[26.263,36.555],[26.261,36.58],[26.26,36.592]]]}},{"type":"Feature","properties":{},"geometry":{"type":"Polygon","coordinates":[[[124.382,10.646],[124.394,10.676],[124.408,10.698],[124.428,10.719],[124.449,10.716],[124.482,10.7],[124.508,10.68],[124.515,10.658],[124.497,10.642],[124.473,10.634],[124.443,10.627],[124.399,10.628],[124.382,10.646]]]}},{"type":"Feature","properties":{},"geometry":{"type":"Polygon","coordinates":[[[20.614,38.466],[20.64,38.469],[20.645,38.499],[20.669,38.494],[20.674,38.467],[20.699,38.452],[20.71,38.434],[20.677,38.384],[20.675,38.366],[20.697,38.374],[20.72,38.366],[20.701,38.38],[20.722,38.387],[20.747,38.378],[20.75,38.354],[20.746,38.334],[20.765,38.321],[20.743,38.308],[20.724,38.307],[20.697,38.311],[20.685,38.348],[20.665,38.363],[20.662,38.387],[20.641,38.42],[20.64,38.44],[20.614,38.466]]]}},{"type":"Feature","properties":{},"geometry":{"type":"Polygon","coordinates":[[[124.704,11.702],[124.726,11.71],[124.717,11.729],[124.738,11.716],[124.747,11.693],[124.768,11.687],[124.768,11.668],[124.789,11.655],[124.791,11.631],[124.79,11.609],[124.813,11.603],[124.832,11.605],[124.835,11.585],[124.836,11.567],[124.838,11.547],[124.817,11.53],[124.793,11.543],[124.804,11.566],[124.781,11.567],[124.762,11.576],[124.756,11.597],[124.781,11.595],[124.768,11.623],[124.749,11.641],[124.734,11.662],[124.715,11.672],[124.722,11.694],[124.704,11.702]]]}},{"type":"Feature","properties":{},"geometry":{"type":"Polygon","coordinates":[[[23.479,37.998],[23.5,38.004],[23.522,37.997],[23.536,37.976],[23.546,37.958],[23.578,37.949],[23.538,37.94],[23.531,37.919],[23.512,37.91],[23.491,37.9],[23.47,37.885],[23.449,37.872],[23.431,37.885],[23.401,37.894],[23.405,37.915],[23.428,37.93],[23.451,37.925],[23.471,37.925],[23.48,37.944],[23.5,37.963],[23.477,37.962],[23.458,37.951],[23.437,37.957],[23.417,37.959],[23.445,37.965],[23.423,37.977],[23.464,37.98],[23.479,37.998]]]}},{"type":"Feature","properties":{},"geometry":{"type":"Polygon","coordinates":[[[98.286,12.999],[98.274,13.045],[98.254,13.09],[98.252,13.11],[98.244,13.129],[98.244,13.152],[98.25,13.171],[98.235,13.19],[98.237,13.208],[98.261,13.214],[98.265,13.193],[98.279,13.146],[98.284,13.124],[98.295,13.088],[98.326,13.089],[98.32,13.069],[98.303,13.05],[98.299,13.01],[98.297,12.988],[98.3,12.967],[98.308,12.946],[98.306,12.926],[98.293,12.949],[98.292,12.973],[98.286,12.999]]]}},{"type":"Feature","properties":{},"geometry":{"type":"Polygon","coordinates":[[[98.25,9.031],[98.254,9.075],[98.252,9.123],[98.262,9.161],[98.292,9.165],[98.302,9.145],[98.299,9.127],[98.317,9.125],[98.325,9.105],[98.338,9.079],[98.317,9.053],[98.295,9.034],[98.268,9.029],[98.25,9.031]]]}},{"type":"Feature","properties":{},"geometry":{"type":"Polygon","coordinates":[[[126.614,4.0],[126.619,4.026],[126.617,4.048],[126.637,4.035],[126.646,3.989],[126.668,3.96],[126.695,3.943],[126.73,3.916],[126.731,3.897],[126.709,3.87],[126.704,3.837],[126.716,3.811],[126.697,3.809],[126.682,3.833],[126.683,3.852],[126.668,3.873],[126.67,3.907],[126.672,3.929],[126.649,3.945],[126.64,3.967],[126.615,3.983],[126.614,4.0]]]}},{"type":"Feature","properties":{},"geometry":{"type":"Polygon","coordinates":[[[121.273,18.859],[121.279,18.885],[121.31,18.881],[121.345,18.895],[121.374,18.901],[121.396,18.909],[121.416,18.909],[121.455,18.89],[121.477,18.888],[121.452,18.859],[121.424,18.858],[121.391,18.85],[121.371,18.851],[121.346,18.844],[121.31,18.842],[121.289,18.845],[121.273,18.859]]]}},{"type":"Feature","properties":{},"geometry":{"type":"Polygon","coordinates":[[[127.595,-8.215],[127.614,-8.203],[127.633,-8.19],[127.656,-8.174],[127.682,-8.16],[127.733,-8.176],[127.755,-8.188],[127.742,-8.217],[127.714,-8.215],[127.69,-8.225],[127.662,-8.244],[127.633,-8.245],[127.621,-8.226],[127.596,-8.22],[127.595,-8.215]]]}},{"type":"Feature","properties":{},"geometry":{"type":"Polygon","coordinates":[[[23.589,39.198],[23.61,39.21],[23.632,39.192],[23.651,39.175],[23.669,39.165],[23.691,39.159],[23.716,39.145],[23.73,39.125],[23.783,39.129],[23.77,39.091],[23.745,39.084],[23.72,39.068],[23.699,39.085],[23.677,39.084],[23.652,39.085],[23.655,39.107],[23.641,39.138],[23.62,39.16],[23.6,39.184],[23.589,39.198]]]}},{"type":"Feature","properties":{},"geometry":{"type":"Polygon","coordinates":[[[124.272,10.595],[124.295,10.633],[124.302,10.652],[124.308,10.694],[124.337,10.707],[124.363,10.695],[124.383,10.639],[124.363,10.613],[124.343,10.607],[124.323,10.601],[124.279,10.587],[124.272,10.595]]]}},{"type":"Feature","properties":{},"geometry":{"type":"Polygon","coordinates":[[[120.479,6.268],[120.498,6.275],[120.523,6.27],[120.54,6.308],[120.545,6.334],[120.554,6.357],[120.559,6.378],[120.587,6.391],[120.605,6.391],[120.599,6.363],[120.59,6.327],[120.587,6.294],[120.58,6.253],[120.535,6.242],[120.483,6.255],[120.479,6.268]]]}},{"type":"Feature","properties":{},"geometry":{"type":"Polygon","coordinates":[[[79.203,9.273],[79.264,9.293],[79.287,9.317],[79.307,9.327],[79.325,9.322],[79.333,9.302],[79.314,9.283],[79.33,9.255],[79.364,9.226],[79.418,9.185],[79.442,9.155],[79.423,9.172],[79.394,9.187],[79.336,9.226],[79.304,9.242],[79.252,9.257],[79.231,9.259],[79.207,9.274],[79.203,9.273]]]}},{"type":"Feature","properties":{},"geometry":{"type":"Polygon","coordinates":[[[115.738,-7.155],[115.758,-7.133],[115.768,-7.151],[115.775,-7.131],[115.775,-7.111],[115.794,-7.121],[115.798,-7.145],[115.824,-7.146],[115.854,-7.158],[115.881,-7.162],[115.865,-7.132],[115.884,-7.125],[115.888,-7.106],[115.896,-7.159],[115.892,-7.191],[115.845,-7.204],[115.826,-7.206],[115.789,-7.185],[115.753,-7.173],[115.738,-7.155]]]}},{"type":"Feature","properties":{},"geometry":{"type":"Polygon","coordinates":[[[122.092,14.843],[122.117,14.842],[122.139,14.831],[122.157,14.84],[122.182,14.847],[122.202,14.84],[122.2,14.817],[122.215,14.796],[122.242,14.796],[122.26,14.784],[122.258,14.763],[122.257,14.728],[122.228,14.751],[122.195,14.765],[122.147,14.795],[122.115,14.8],[122.104,14.821],[122.092,14.843]]]}},{"type":"Feature","properties":{},"geometry":{"type":"Polygon","coordinates":[[[126.744,3.834],[126.758,3.858],[126.785,3.843],[126.803,3.837],[126.82,3.812],[126.84,3.792],[126.844,3.773],[126.854,3.753],[126.824,3.727],[126.791,3.742],[126.77,3.765],[126.756,3.788],[126.75,3.808],[126.744,3.834]]]}},{"type":"Feature","properties":{},"geometry":{"type":"Polygon","coordinates":[[[107.631,16.57],[107.665,16.559],[107.702,16.535],[107.809,16.453],[107.835,16.427],[107.892,16.379],[107.914,16.365],[107.916,16.346],[107.892,16.347],[107.866,16.357],[107.838,16.373],[107.787,16.43],[107.76,16.464],[107.748,16.483],[107.728,16.495],[107.711,16.52],[107.691,16.535],[107.672,16.542],[107.631,16.57]]]}},{"type":"Feature","properties":{},"geometry":{"type":"Polygon","coordinates":[[[122.08,30.29],[122.103,30.309],[122.122,30.324],[122.141,30.313],[122.177,30.326],[122.199,30.334],[122.219,30.335],[122.219,30.317],[122.239,30.311],[122.22,30.294],[122.229,30.27],[122.22,30.242],[122.195,30.249],[122.176,30.249],[122.138,30.255],[122.105,30.278],[122.084,30.285],[122.08,30.29]]]}},{"type":"Feature","properties":{},"geometry":{"type":"Polygon","coordinates":[[[116.386,-2.178],[116.394,-2.155],[116.392,-2.125],[116.411,-2.125],[116.43,-2.131],[116.457,-2.132],[116.48,-2.118],[116.506,-2.104],[116.528,-2.147],[116.508,-2.157],[116.447,-2.19],[116.415,-2.199],[116.392,-2.192],[116.386,-2.178]]]}},{"type":"Feature","properties":{},"geometry":{"type":"Polygon","coordinates":[[[128.52,27.372],[128.525,27.395],[128.544,27.399],[128.574,27.4],[128.595,27.398],[128.613,27.41],[128.632,27.409],[128.653,27.422],[128.679,27.43],[128.708,27.44],[128.694,27.419],[128.672,27.41],[128.637,27.367],[128.606,27.343],[128.58,27.331],[128.557,27.329],[128.529,27.352],[128.52,27.372]]]}},{"type":"Feature","properties":{},"geometry":{"type":"Polygon","coordinates":[[[122.045,29.721],[122.063,29.75],[122.071,29.771],[122.104,29.783],[122.122,29.795],[122.127,29.763],[122.15,29.734],[122.169,29.734],[122.191,29.717],[122.206,29.694],[122.192,29.67],[122.173,29.665],[122.15,29.666],[122.131,29.675],[122.133,29.697],[122.109,29.703],[122.105,29.722],[122.082,29.73],[122.063,29.725],[122.045,29.721]]]}},{"type":"Feature","properties":{},"geometry":{"type":"Polygon","coordinates":[[[123.716,9.59],[123.746,9.594],[123.77,9.62],[123.807,9.63],[123.825,9.64],[123.846,9.644],[123.87,9.629],[123.87,9.607],[123.837,9.587],[123.817,9.574],[123.798,9.553],[123.752,9.548],[123.749,9.574],[123.716,9.59]]]}},{"type":"Feature","properties":{},"geometry":{"type":"Polygon","coordinates":[[[103.717,0.869],[103.749,0.885],[103.768,0.879],[103.798,0.853],[103.822,0.825],[103.838,0.807],[103.833,0.786],[103.839,0.764],[103.82,0.753],[103.82,0.773],[103.793,0.782],[103.76,0.802],[103.737,0.827],[103.72,0.85],[103.717,0.869]]]}},{"type":"Feature","properties":{},"geometry":{"type":"Polygon","coordinates":[[[124.0,13.223],[123.972,13.234],[123.948,13.236],[123.926,13.259],[123.918,13.278],[123.948,13.294],[123.97,13.284],[123.983,13.264],[123.997,13.287],[124.016,13.287],[124.027,13.262],[124.035,13.281],[124.059,13.276],[124.08,13.27],[124.063,13.242],[124.045,13.221],[124.018,13.219],[124.0,13.223]]]}},{"type":"Feature","properties":{},"geometry":{"type":"Polygon","coordinates":[[[93.0,11.964],[92.992,11.943],[92.964,11.981],[92.941,11.983],[92.938,12.004],[92.959,12.022],[92.971,12.048],[92.98,12.029],[93.006,12.032],[93.015,12.002],[93.025,11.975],[93.037,11.953],[93.055,11.909],[93.057,11.886],[93.031,11.887],[93.015,11.926],[93.008,11.945],[93.029,11.937],[93.01,11.949],[93.013,11.969],[93.007,11.949],[93.0,11.964]]]}},{"type":"Feature","properties":{},"geometry":{"type":"Polygon","coordinates":[[[53.999,26.566],[54.026,26.563],[54.027,26.541],[54.051,26.521],[54.042,26.502],[53.999,26.495],[53.959,26.501],[53.937,26.508],[53.913,26.523],[53.9,26.547],[53.927,26.569],[53.954,26.576],[53.999,26.566]]]}},{"type":"Feature","properties":{},"geometry":{"type":"Polygon","coordinates":[[[98.607,7.995],[98.617,7.963],[98.615,7.941],[98.604,7.911],[98.6,7.887],[98.592,7.912],[98.568,7.956],[98.569,7.989],[98.592,7.996],[98.58,8.019],[98.562,8.025],[98.55,8.047],[98.544,8.065],[98.527,8.088],[98.532,8.115],[98.558,8.089],[98.591,8.075],[98.615,8.042],[98.607,7.995]]]}},{"type":"Feature","properties":{},"geometry":{"type":"Polygon","coordinates":[[[98.595,11.757],[98.623,11.791],[98.651,11.774],[98.669,11.772],[98.694,11.758],[98.701,11.722],[98.713,11.701],[98.695,11.684],[98.665,11.685],[98.645,11.696],[98.611,11.717],[98.607,11.741],[98.595,11.757]]]}},{"type":"Feature","properties":{},"geometry":{"type":"Polygon","coordinates":[[[25.3,37.429],[25.322,37.428],[25.325,37.447],[25.323,37.466],[25.312,37.493],[25.337,37.498],[25.361,37.496],[25.361,37.476],[25.383,37.47],[25.378,37.49],[25.403,37.496],[25.422,37.485],[25.445,37.472],[25.458,37.452],[25.424,37.442],[25.406,37.433],[25.401,37.414],[25.379,37.418],[25.354,37.41],[25.336,37.41],[25.315,37.409],[25.3,37.429]]]}},{"type":"Feature","properties":{},"geometry":{"type":"Polygon","coordinates":[[[127.332,0.338],[127.356,0.368],[127.389,0.38],[127.408,0.385],[127.43,0.356],[127.434,0.331],[127.422,0.312],[127.412,0.29],[127.391,0.281],[127.366,0.289],[127.342,0.312],[127.332,0.338]]]}},{"type":"Feature","properties":{},"geometry":{"type":"Polygon","coordinates":[[[115.154,5.255],[115.169,5.284],[115.172,5.306],[115.195,5.351],[115.229,5.39],[115.248,5.398],[115.241,5.368],[115.246,5.345],[115.249,5.324],[115.268,5.294],[115.239,5.28],[115.219,5.277],[115.192,5.28],[115.17,5.261],[115.154,5.255]]]}},{"type":"Feature","properties":{},"geometry":{"type":"Polygon","coordinates":[[[126.639,34.382],[126.665,34.401],[126.683,34.405],[126.72,34.386],[126.73,34.356],[126.733,34.337],[126.743,34.318],[126.767,34.318],[126.771,34.297],[126.747,34.292],[126.717,34.298],[126.695,34.293],[126.705,34.316],[126.684,34.325],[126.658,34.329],[126.644,34.351],[126.639,34.382]]]}},{"type":"Feature","properties":{},"geometry":{"type":"Polygon","coordinates":[[[93.088,8.291],[93.092,8.312],[93.1,8.334],[93.131,8.355],[93.144,8.323],[93.135,8.298],[93.134,8.273],[93.15,8.255],[93.186,8.234],[93.21,8.217],[93.206,8.199],[93.179,8.2],[93.148,8.217],[93.122,8.228],[93.095,8.265],[93.088,8.291]]]}},{"type":"Feature","properties":{},"geometry":{"type":"Polygon","coordinates":[[[121.87,29.132],[121.879,29.15],[121.901,29.16],[121.927,29.174],[121.948,29.184],[121.972,29.165],[121.973,29.144],[121.982,29.124],[121.971,29.103],[121.962,29.083],[121.956,29.063],[121.93,29.061],[121.927,29.08],[121.902,29.075],[121.908,29.094],[121.909,29.113],[121.882,29.131],[121.87,29.132]]]}},{"type":"Feature","properties":{},"geometry":{"type":"Polygon","coordinates":[[[24.855,37.399],[24.877,37.422],[24.89,37.446],[24.896,37.468],[24.901,37.492],[24.881,37.509],[24.906,37.51],[24.931,37.503],[24.952,37.461],[24.943,37.442],[24.968,37.416],[24.955,37.394],[24.933,37.386],[24.915,37.375],[24.89,37.37],[24.882,37.388],[24.86,37.395],[24.855,37.399]]]}},{"type":"Feature","properties":{},"geometry":{"type":"Polygon","coordinates":[[[104.173,0.777],[104.203,0.795],[104.222,0.785],[104.244,0.792],[104.266,0.802],[104.274,0.783],[104.267,0.744],[104.288,0.723],[104.31,0.714],[104.28,0.71],[104.261,0.709],[104.22,0.725],[104.198,0.723],[104.19,0.752],[104.175,0.772],[104.173,0.777]]]}},{"type":"Feature","properties":{},"geometry":{"type":"Polygon","coordinates":[[[112.516,21.592],[112.529,21.613],[112.535,21.64],[112.557,21.646],[112.553,21.669],[112.577,21.676],[112.598,21.704],[112.618,21.701],[112.638,21.717],[112.661,21.698],[112.63,21.674],[112.629,21.656],[112.655,21.645],[112.629,21.637],[112.615,21.618],[112.591,21.609],[112.563,21.625],[112.536,21.608],[112.54,21.59],[112.516,21.592]]]}},{"type":"Feature","properties":{},"geometry":{"type":"Polygon","coordinates":[[[128.389,-15.001],[128.362,-14.982],[128.371,-14.957],[128.36,-14.98],[128.357,-14.943],[128.357,-14.913],[128.376,-14.898],[128.393,-14.927],[128.411,-14.947],[128.43,-14.98],[128.45,-15.004],[128.449,-15.024],[128.452,-15.051],[128.43,-15.047],[128.411,-15.032],[128.389,-15.001]]]}},{"type":"Feature","properties":{},"geometry":{"type":"Polygon","coordinates":[[[121.78,20.718],[121.793,20.75],[121.812,20.763],[121.825,20.792],[121.834,20.827],[121.856,20.838],[121.878,20.822],[121.879,20.797],[121.872,20.778],[121.869,20.757],[121.855,20.733],[121.837,20.71],[121.81,20.691],[121.787,20.706],[121.78,20.718]]]}},{"type":"Feature","properties":{},"geometry":{"type":"Polygon","coordinates":[[[90.42,21.999],[90.417,22.032],[90.437,22.035],[90.459,22.027],[90.479,22.002],[90.481,21.969],[90.476,21.946],[90.478,21.968],[90.462,21.934],[90.442,21.915],[90.413,21.9],[90.39,21.935],[90.422,21.941],[90.42,21.999]]]}},{"type":"Feature","properties":{},"geometry":{"type":"Polygon","coordinates":[[[123.847,-2.001],[123.825,-2.024],[123.8,-2.002],[123.785,-1.983],[123.783,-1.964],[123.78,-1.938],[123.775,-1.908],[123.784,-1.878],[123.806,-1.895],[123.818,-1.917],[123.836,-1.934],[123.851,-1.958],[123.863,-1.981],[123.861,-2.003],[123.847,-2.001]]]}},{"type":"Feature","properties":{},"geometry":{"type":"Polygon","coordinates":[[[122.242,12.573],[122.265,12.579],[122.265,12.606],[122.278,12.626],[122.296,12.598],[122.305,12.577],[122.32,12.551],[122.326,12.508],[122.3,12.48],[122.269,12.493],[122.263,12.512],[122.247,12.532],[122.252,12.554],[122.242,12.573]]]}},{"type":"Feature","properties":{},"geometry":{"type":"Polygon","coordinates":[[[129.581,-14.633],[129.604,-14.616],[129.615,-14.636],[129.61,-14.617],[129.636,-14.612],[129.688,-14.615],[129.717,-14.588],[129.742,-14.581],[129.736,-14.606],[129.69,-14.64],[129.658,-14.656],[129.617,-14.681],[129.591,-14.665],[129.587,-14.644],[129.581,-14.633]]]}},{"type":"Feature","properties":{},"geometry":{"type":"Polygon","coordinates":[[[106.225,3.266],[106.245,3.296],[106.234,3.322],[106.242,3.35],[106.261,3.349],[106.267,3.372],[106.283,3.392],[106.305,3.379],[106.297,3.359],[106.293,3.312],[106.294,3.289],[106.292,3.264],[106.274,3.271],[106.271,3.292],[106.266,3.269],[106.282,3.242],[106.257,3.242],[106.237,3.257],[106.225,3.266]]]}},{"type":"Feature","properties":{},"geometry":{"type":"Polygon","coordinates":[[[23.417,37.761],[23.438,37.765],[23.468,37.774],[23.487,37.775],[23.506,37.775],[23.532,37.774],[23.564,37.77],[23.555,37.745],[23.536,37.742],[23.531,37.723],[23.52,37.701],[23.501,37.68],[23.481,37.673],[23.46,37.686],[23.465,37.708],[23.434,37.728],[23.417,37.761]]]}},{"type":"Feature","properties":{},"geometry":{"type":"Polygon","coordinates":[[[116.64,23.322],[116.672,23.344],[116.692,23.324],[116.723,23.32],[116.747,23.327],[116.756,23.307],[116.773,23.277],[116.768,23.259],[116.78,23.235],[116.806,23.237],[116.794,23.215],[116.754,23.228],[116.755,23.247],[116.731,23.257],[116.717,23.28],[116.692,23.276],[116.658,23.3],[116.64,23.322]]]}},{"type":"Feature","properties":{},"geometry":{"type":"Polygon","coordinates":[[[129.175,28.187],[129.208,28.201],[129.231,28.199],[129.204,28.182],[129.223,28.168],[129.243,28.151],[129.254,28.171],[129.278,28.15],[129.252,28.153],[129.244,28.135],[129.265,28.134],[129.273,28.114],[129.292,28.11],[129.315,28.115],[129.339,28.112],[129.341,28.076],[129.319,28.063],[129.319,28.084],[129.294,28.092],[129.286,28.07],[129.262,28.078],[129.26,28.106],[129.241,28.1],[129.222,28.076],[129.22,28.097],[129.214,28.118],[129.22,28.141],[129.196,28.146],[129.186,28.173],[129.175,28.187]]]}},{"type":"Feature","properties":{},"geometry":{"type":"Polygon","coordinates":[[[106.482,10.302],[106.522,10.3],[106.566,10.284],[106.592,10.28],[106.622,10.281],[106.647,10.272],[106.678,10.29],[106.706,10.274],[106.747,10.26],[106.756,10.236],[106.742,10.217],[106.718,10.215],[106.694,10.237],[106.641,10.258],[106.585,10.264],[106.562,10.273],[106.522,10.28],[106.482,10.302]]]}},{"type":"Feature","properties":{},"geometry":{"type":"Polygon","coordinates":[[[128.116,-15.129],[128.123,-15.108],[128.124,-15.086],[128.129,-15.062],[128.152,-15.05],[128.156,-15.075],[128.161,-15.094],[128.182,-15.116],[128.204,-15.132],[128.2,-15.152],[128.196,-15.175],[128.201,-15.197],[128.147,-15.161],[128.128,-15.159],[128.122,-15.139],[128.116,-15.129]]]}},{"type":"Feature","properties":{},"geometry":{"type":"Polygon","coordinates":[[[113.262,-8.478],[113.268,-8.458],[113.288,-8.451],[113.307,-8.443],[113.332,-8.44],[113.351,-8.441],[113.372,-8.45],[113.396,-8.447],[113.414,-8.462],[113.41,-8.483],[113.378,-8.491],[113.351,-8.498],[113.332,-8.497],[113.31,-8.502],[113.289,-8.497],[113.269,-8.489],[113.262,-8.478]]]}},{"type":"Feature","properties":{},"geometry":{"type":"Polygon","coordinates":[[[123.045,-3.595],[123.068,-3.585],[123.096,-3.571],[123.129,-3.57],[123.157,-3.555],[123.172,-3.577],[123.18,-3.596],[123.18,-3.618],[123.152,-3.62],[123.128,-3.612],[123.121,-3.637],[123.096,-3.636],[123.073,-3.624],[123.045,-3.595]]]}},{"type":"Feature","properties":{},"geometry":{"type":"Polygon","coordinates":[[[122.223,-0.212],[122.242,-0.206],[122.254,-0.224],[122.279,-0.223],[122.305,-0.231],[122.328,-0.243],[122.355,-0.264],[122.375,-0.276],[122.366,-0.298],[122.367,-0.317],[122.378,-0.342],[122.378,-0.361],[122.393,-0.385],[122.358,-0.348],[122.35,-0.323],[122.339,-0.296],[122.308,-0.271],[122.287,-0.265],[122.262,-0.26],[122.243,-0.252],[122.225,-0.23],[122.223,-0.212]]]}},{"type":"Feature","properties":{},"geometry":{"type":"Polygon","coordinates":[[[103.185,10.735],[103.195,10.756],[103.224,10.765],[103.243,10.779],[103.261,10.753],[103.258,10.735],[103.283,10.721],[103.301,10.71],[103.32,10.708],[103.302,10.677],[103.283,10.669],[103.262,10.66],[103.253,10.7],[103.234,10.708],[103.216,10.703],[103.205,10.725],[103.185,10.735]]]}},{"type":"Feature","properties":{},"geometry":{"type":"Polygon","coordinates":[[[89.035,21.901],[89.046,21.92],[89.061,21.892],[89.088,21.854],[89.08,21.822],[89.085,21.796],[89.135,21.769],[89.151,21.735],[89.118,21.715],[89.09,21.741],[89.078,21.761],[89.059,21.778],[89.06,21.828],[89.064,21.852],[89.057,21.871],[89.036,21.891],[89.035,21.901]]]}},{"type":"Feature","properties":{},"geometry":{"type":"Polygon","coordinates":[[[127.141,-8.044],[127.172,-8.018],[127.208,-8.021],[127.22,-8.04],[127.218,-8.062],[127.22,-8.081],[127.233,-8.108],[127.177,-8.111],[127.147,-8.104],[127.15,-8.083],[127.141,-8.044]]]}},{"type":"Feature","properties":{},"geometry":{"type":"Polygon","coordinates":[[[24.654,36.998],[24.654,37.024],[24.635,37.027],[24.664,37.037],[24.687,37.024],[24.708,37.021],[24.719,37.002],[24.737,36.992],[24.753,36.966],[24.757,36.94],[24.737,36.927],[24.717,36.912],[24.699,36.903],[24.685,36.927],[24.681,36.947],[24.67,36.973],[24.679,36.994],[24.654,36.998]]]}},{"type":"Feature","properties":{},"geometry":{"type":"Polygon","coordinates":[[[93.0,19.969],[93.007,19.947],[93.027,19.903],[93.035,19.875],[93.027,19.815],[93.024,19.84],[93.009,19.885],[93.001,19.918],[92.985,19.939],[92.95,20.0],[92.928,20.037],[92.915,20.062],[92.919,20.086],[92.939,20.077],[92.962,20.061],[92.975,20.024],[92.98,20.004],[92.99,19.983],[93.0,19.969]]]}},{"type":"Feature","properties":{},"geometry":{"type":"Polygon","coordinates":[[[53.157,26.843],[53.187,26.85],[53.268,26.828],[53.294,26.826],[53.338,26.825],[53.366,26.817],[53.39,26.8],[53.37,26.795],[53.346,26.79],[53.305,26.785],[53.26,26.79],[53.217,26.803],[53.182,26.819],[53.157,26.843]]]}},{"type":"Feature","properties":{},"geometry":{"type":"Polygon","coordinates":[[[25.354,36.356],[25.374,36.364],[25.402,36.36],[25.422,36.372],[25.435,36.391],[25.429,36.415],[25.414,36.433],[25.418,36.453],[25.388,36.456],[25.367,36.468],[25.422,36.474],[25.448,36.445],[25.465,36.424],[25.487,36.408],[25.487,36.375],[25.482,36.355],[25.445,36.33],[25.419,36.345],[25.391,36.347],[25.362,36.351],[25.354,36.356]]]}},{"type":"Feature","properties":{},"geometry":{"type":"Polygon","coordinates":[[[127.449,-0.001],[127.455,-0.033],[127.458,-0.053],[127.438,-0.036],[127.423,-0.012],[127.424,0.008],[127.404,0.012],[127.4,0.049],[127.399,0.08],[127.411,0.11],[127.411,0.136],[127.451,0.135],[127.431,0.118],[127.432,0.087],[127.445,0.068],[127.449,0.043],[127.449,0.022],[127.449,-0.001]]]}},{"type":"Feature","properties":{},"geometry":{"type":"Polygon","coordinates":[[[114.116,22.275],[114.14,22.29],[114.165,22.282],[114.188,22.286],[114.209,22.294],[114.227,22.28],[114.247,22.27],[114.255,22.25],[114.257,22.228],[114.262,22.208],[114.242,22.208],[114.235,22.24],[114.215,22.221],[114.224,22.197],[114.214,22.215],[114.194,22.223],[114.187,22.245],[114.163,22.238],[114.139,22.25],[114.116,22.275]]]}},{"type":"Feature","properties":{},"geometry":{"type":"Polygon","coordinates":[[[88.69,21.681],[88.699,21.715],[88.705,21.689],[88.75,21.65],[88.77,21.655],[88.775,21.632],[88.794,21.603],[88.801,21.585],[88.768,21.567],[88.751,21.585],[88.743,21.564],[88.714,21.574],[88.71,21.607],[88.722,21.628],[88.709,21.66],[88.69,21.681]]]}},{"type":"Feature","properties":{},"geometry":{"type":"Polygon","coordinates":[[[98.44,1.68],[98.459,1.71],[98.485,1.707],[98.505,1.686],[98.495,1.662],[98.529,1.652],[98.548,1.677],[98.57,1.675],[98.572,1.656],[98.6,1.643],[98.61,1.622],[98.582,1.63],[98.558,1.623],[98.53,1.638],[98.505,1.63],[98.474,1.648],[98.445,1.657],[98.44,1.68]]]}},{"type":"Feature","properties":{},"geometry":{"type":"Polygon","coordinates":[[[121.837,29.997],[121.845,30.027],[121.842,30.058],[121.849,30.084],[121.874,30.09],[121.892,30.065],[121.913,30.056],[121.929,30.012],[121.903,29.987],[121.884,29.977],[121.858,29.97],[121.843,29.993],[121.837,29.997]]]}},{"type":"Feature","properties":{},"geometry":{"type":"Polygon","coordinates":[[[121.03,12.254],[121.043,12.294],[121.073,12.3],[121.085,12.282],[121.089,12.261],[121.104,12.234],[121.101,12.205],[121.12,12.188],[121.135,12.162],[121.115,12.155],[121.086,12.175],[121.077,12.21],[121.055,12.218],[121.037,12.226],[121.031,12.247],[121.03,12.254]]]}},{"type":"Feature","properties":{},"geometry":{"type":"Polygon","coordinates":[[[121.575,31.442],[121.6,31.447],[121.628,31.442],[121.708,31.415],[121.734,31.401],[121.759,31.38],[121.785,31.345],[121.785,31.321],[121.76,31.32],[121.745,31.341],[121.725,31.359],[121.683,31.381],[121.635,31.409],[121.606,31.43],[121.577,31.438],[121.575,31.442]]]}},{"type":"Feature","properties":{},"geometry":{"type":"Polygon","coordinates":[[[24.412,37.124],[24.43,37.14],[24.426,37.164],[24.439,37.187],[24.459,37.201],[24.483,37.208],[24.504,37.206],[24.523,37.202],[24.53,37.183],[24.524,37.162],[24.536,37.132],[24.517,37.145],[24.52,37.123],[24.5,37.113],[24.472,37.125],[24.449,37.127],[24.427,37.125],[24.412,37.124]]]}},{"type":"Feature","properties":{},"geometry":{"type":"Polygon","coordinates":[[[120.19,11.937],[120.211,11.957],[120.232,11.968],[120.243,11.988],[120.272,11.97],[120.276,11.927],[120.254,11.919],[120.259,11.893],[120.259,11.861],[120.252,11.841],[120.259,11.818],[120.235,11.847],[120.229,11.882],[120.207,11.912],[120.19,11.937]]]}},{"type":"Feature","properties":{},"geometry":{"type":"Polygon","coordinates":[[[121.75,-7.413],[121.75,-7.387],[121.759,-7.359],[121.777,-7.345],[121.822,-7.336],[121.845,-7.354],[121.842,-7.373],[121.826,-7.405],[121.786,-7.429],[121.759,-7.428],[121.75,-7.413]]]}},{"type":"Feature","properties":{},"geometry":{"type":"Polygon","coordinates":[[[107.511,20.999],[107.522,21.022],[107.539,21.04],[107.54,21.018],[107.553,21.04],[107.549,21.017],[107.552,20.994],[107.54,20.97],[107.53,20.939],[107.519,20.919],[107.497,20.912],[107.467,20.904],[107.446,20.911],[107.414,20.9],[107.438,20.915],[107.473,20.943],[107.489,20.961],[107.481,20.984],[107.501,20.998],[107.511,20.999]]]}},{"type":"Feature","properties":{},"geometry":{"type":"Polygon","coordinates":[[[119.996,16.225],[119.979,16.243],[119.958,16.266],[119.946,16.288],[119.924,16.288],[119.918,16.31],[119.936,16.325],[119.955,16.323],[119.962,16.346],[119.988,16.354],[119.995,16.331],[120.02,16.315],[119.998,16.282],[120.007,16.26],[120.012,16.234],[119.996,16.225]]]}},{"type":"Feature","properties":{},"geometry":{"type":"Polygon","coordinates":[[[98.0,11.829],[98.007,11.853],[98.012,11.831],[98.021,11.801],[98.043,11.789],[98.064,11.777],[98.045,11.761],[98.065,11.734],[98.086,11.741],[98.086,11.722],[98.081,11.702],[98.06,11.7],[98.078,11.679],[98.083,11.649],[98.097,11.627],[98.077,11.636],[98.056,11.645],[98.051,11.672],[98.03,11.682],[98.016,11.701],[98.035,11.699],[98.04,11.723],[98.015,11.722],[98.02,11.746],[98.029,11.765],[98.016,11.788],[98.018,11.807],[98.0,11.829]]]}},{"type":"Feature","properties":{},"geometry":{"type":"Polygon","coordinates":[[[120.813,5.544],[120.82,5.572],[120.842,5.585],[120.869,5.585],[120.882,5.564],[120.901,5.55],[120.906,5.531],[120.877,5.493],[120.852,5.489],[120.833,5.507],[120.824,5.527],[120.813,5.544]]]}},{"type":"Feature","properties":{},"geometry":{"type":"Polygon","coordinates":[[[121.89,19.54],[121.922,19.555],[121.943,19.558],[121.964,19.574],[121.994,19.552],[121.992,19.509],[121.968,19.483],[121.945,19.486],[121.927,19.495],[121.901,19.515],[121.89,19.54]]]}},{"type":"Feature","properties":{},"geometry":{"type":"Polygon","coordinates":[[[121.997,20.445],[121.973,20.425],[121.961,20.402],[121.979,20.384],[121.96,20.368],[121.945,20.348],[121.914,20.35],[121.911,20.374],[121.923,20.398],[121.945,20.429],[121.964,20.448],[121.954,20.472],[121.973,20.475],[122.0,20.492],[122.024,20.485],[122.034,20.467],[121.997,20.445]]]}},{"type":"Feature","properties":{},"geometry":{"type":"Polygon","coordinates":[[[88.555,21.637],[88.533,21.65],[88.533,21.673],[88.52,21.707],[88.536,21.726],[88.555,21.732],[88.574,21.729],[88.59,21.708],[88.609,21.68],[88.595,21.655],[88.61,21.62],[88.576,21.63],[88.555,21.637]]]}},{"type":"Feature","properties":{},"geometry":{"type":"Polygon","coordinates":[[[123.837,13.276],[123.847,13.297],[123.85,13.316],[123.838,13.339],[123.86,13.352],[123.884,13.35],[123.903,13.343],[123.929,13.331],[123.923,13.312],[123.9,13.295],[123.894,13.261],[123.91,13.242],[123.884,13.226],[123.867,13.247],[123.846,13.268],[123.837,13.276]]]}},{"type":"Feature","properties":{},"geometry":{"type":"Polygon","coordinates":[[[121.564,-0.172],[121.592,-0.134],[121.61,-0.128],[121.631,-0.121],[121.655,-0.135],[121.655,-0.178],[121.637,-0.203],[121.619,-0.205],[121.591,-0.207],[121.564,-0.172]]]}},{"type":"Feature","properties":{},"geometry":{"type":"Polygon","coordinates":[[[127.141,-3.852],[127.152,-3.834],[127.183,-3.826],[127.214,-3.822],[127.236,-3.835],[127.241,-3.859],[127.24,-3.88],[127.225,-3.908],[127.203,-3.892],[127.18,-3.89],[127.158,-3.876],[127.141,-3.852]]]}},{"type":"Feature","properties":{},"geometry":{"type":"Polygon","coordinates":[[[91.833,21.752],[91.843,21.778],[91.841,21.798],[91.849,21.819],[91.845,21.846],[91.84,21.873],[91.841,21.902],[91.866,21.925],[91.894,21.894],[91.898,21.875],[91.895,21.853],[91.879,21.82],[91.877,21.843],[91.874,21.817],[91.863,21.781],[91.847,21.76],[91.847,21.732],[91.833,21.752]]]}},{"type":"Feature","properties":{},"geometry":{"type":"Polygon","coordinates":[[[118.516,6.999],[118.516,6.977],[118.482,6.966],[118.458,6.978],[118.439,6.988],[118.429,7.008],[118.427,7.029],[118.448,7.038],[118.476,7.03],[118.493,7.049],[118.523,7.042],[118.523,7.017],[118.516,6.999]]]}},{"type":"Feature","properties":{},"geometry":{"type":"Polygon","coordinates":[[[104.378,0.123],[104.398,0.11],[104.42,0.101],[104.41,0.123],[104.398,0.145],[104.42,0.149],[104.438,0.132],[104.452,0.108],[104.473,0.093],[104.492,0.067],[104.485,0.045],[104.463,0.057],[104.477,0.039],[104.494,0.014],[104.458,0.031],[104.44,0.059],[104.407,0.092],[104.378,0.123]]]}},{"type":"Feature","properties":{},"geometry":{"type":"Polygon","coordinates":[[[89.528,21.82],[89.537,21.847],[89.556,21.835],[89.603,21.798],[89.604,21.776],[89.585,21.757],[89.594,21.736],[89.604,21.713],[89.573,21.709],[89.547,21.727],[89.539,21.747],[89.554,21.772],[89.545,21.792],[89.528,21.82]]]}},{"type":"Feature","properties":{},"geometry":{"type":"Polygon","coordinates":[[[123.265,-1.793],[123.28,-1.763],[123.292,-1.741],[123.309,-1.721],[123.345,-1.69],[123.368,-1.671],[123.388,-1.689],[123.39,-1.708],[123.369,-1.723],[123.342,-1.733],[123.33,-1.756],[123.315,-1.783],[123.295,-1.792],[123.277,-1.796],[123.265,-1.793]]]}},{"type":"Feature","properties":{},"geometry":{"type":"Polygon","coordinates":[[[119.274,25.468],[119.287,25.493],[119.292,25.519],[119.306,25.54],[119.32,25.562],[119.342,25.58],[119.345,25.558],[119.344,25.538],[119.329,25.483],[119.33,25.463],[119.345,25.435],[119.314,25.436],[119.299,25.415],[119.287,25.441],[119.277,25.462],[119.274,25.468]]]}},{"type":"Feature","properties":{},"geometry":{"type":"Polygon","coordinates":[[[129.659,31.652],[129.683,31.663],[129.688,31.687],[129.702,31.707],[129.719,31.729],[129.743,31.737],[129.764,31.739],[129.783,31.759],[129.787,31.781],[129.806,31.782],[129.805,31.763],[129.78,31.744],[129.773,31.715],[129.751,31.717],[129.746,31.696],[129.727,31.668],[129.728,31.648],[129.716,31.621],[129.691,31.62],[129.668,31.635],[129.659,31.652]]]}},{"type":"Feature","properties":{},"geometry":{"type":"Polygon","coordinates":[[[113.38,21.998],[113.357,21.989],[113.328,22.001],[113.302,22.001],[113.308,22.027],[113.314,22.05],[113.343,22.073],[113.374,22.085],[113.392,22.067],[113.412,22.068],[113.39,22.051],[113.389,22.03],[113.403,22.007],[113.38,21.998]]]}},{"type":"Feature","properties":{},"geometry":{"type":"Polygon","coordinates":[[[42.663,13.664],[42.682,13.676],[42.689,13.695],[42.705,13.735],[42.73,13.75],[42.755,13.769],[42.776,13.777],[42.775,13.744],[42.766,13.725],[42.75,13.705],[42.738,13.68],[42.712,13.678],[42.694,13.651],[42.674,13.65],[42.663,13.664]]]}},{"type":"Feature","properties":{},"geometry":{"type":"Polygon","coordinates":[[[123.687,-5.469],[123.714,-5.477],[123.757,-5.495],[123.78,-5.526],[123.802,-5.543],[123.825,-5.56],[123.807,-5.579],[123.817,-5.603],[123.78,-5.593],[123.771,-5.572],[123.76,-5.552],[123.743,-5.532],[123.71,-5.505],[123.687,-5.469]]]}},{"type":"Feature","properties":{},"geometry":{"type":"Polygon","coordinates":[[[27.0,35.42],[26.991,35.4],[26.968,35.395],[26.945,35.382],[26.91,35.365],[26.89,35.348],[26.869,35.34],[26.848,35.347],[26.852,35.37],[26.869,35.393],[26.903,35.424],[26.924,35.42],[26.961,35.426],[27.002,35.437],[27.0,35.42]]]}},{"type":"Feature","properties":{},"geometry":{"type":"Polygon","coordinates":[[[98.551,10.999],[98.543,10.973],[98.54,10.953],[98.52,10.978],[98.512,10.955],[98.492,10.954],[98.48,10.982],[98.482,11.0],[98.495,11.026],[98.502,11.008],[98.513,11.027],[98.518,11.071],[98.528,11.103],[98.535,11.082],[98.539,11.059],[98.543,11.041],[98.552,11.017],[98.551,10.999]]]}},{"type":"Feature","properties":{},"geometry":{"type":"Polygon","coordinates":[[[119.533,23.54],[119.552,23.53],[119.574,23.535],[119.596,23.543],[119.571,23.55],[119.566,23.571],[119.576,23.596],[119.578,23.577],[119.599,23.588],[119.612,23.609],[119.616,23.589],[119.642,23.593],[119.642,23.612],[119.66,23.604],[119.675,23.569],[119.642,23.563],[119.618,23.547],[119.597,23.526],[119.565,23.51],[119.558,23.528],[119.533,23.54]]]}},{"type":"Feature","properties":{},"geometry":{"type":"Polygon","coordinates":[[[127.267,-1.409],[127.286,-1.398],[127.307,-1.387],[127.307,-1.361],[127.324,-1.384],[127.328,-1.362],[127.347,-1.374],[127.368,-1.365],[127.368,-1.385],[127.388,-1.397],[127.362,-1.423],[127.338,-1.43],[127.315,-1.445],[127.279,-1.428],[127.267,-1.409]]]}},{"type":"Feature","properties":{},"geometry":{"type":"Polygon","coordinates":[[[23.827,39.15],[23.849,39.159],[23.875,39.174],[23.876,39.197],[23.884,39.223],[23.913,39.234],[23.919,39.257],[23.937,39.277],[23.959,39.281],[23.979,39.269],[23.974,39.249],[23.953,39.232],[23.932,39.207],[23.926,39.185],[23.908,39.17],[23.886,39.161],[23.865,39.144],[23.842,39.141],[23.827,39.15]]]}},{"type":"Feature","properties":{},"geometry":{"type":"Polygon","coordinates":[[[124.056,13.208],[124.08,13.215],[124.114,13.226],[124.135,13.238],[124.204,13.213],[124.213,13.192],[124.207,13.171],[124.187,13.173],[124.163,13.182],[124.139,13.19],[124.119,13.19],[124.073,13.205],[124.056,13.208]]]}},{"type":"Feature","properties":{},"geometry":{"type":"Polygon","coordinates":[[[79.841,9.699],[79.864,9.702],[79.885,9.699],[79.899,9.673],[79.915,9.652],[79.926,9.677],[79.929,9.658],[79.961,9.637],[79.985,9.629],[79.976,9.61],[79.946,9.625],[79.919,9.63],[79.9,9.614],[79.881,9.632],[79.866,9.652],[79.845,9.682],[79.841,9.699]]]}},{"type":"Feature","properties":{},"geometry":{"type":"Polygon","coordinates":[[[52.561,24.312],[52.565,24.335],[52.582,24.355],[52.602,24.358],[52.632,24.353],[52.646,24.333],[52.645,24.306],[52.622,24.27],[52.599,24.258],[52.573,24.282],[52.561,24.312]]]}},{"type":"Feature","properties":{},"geometry":{"type":"Polygon","coordinates":[[[91.127,22.708],[91.16,22.699],[91.2,22.689],[91.254,22.674],[91.279,22.641],[91.281,22.611],[91.279,22.585],[91.25,22.604],[91.177,22.681],[91.145,22.699],[91.127,22.708]]]}},{"type":"Feature","properties":{},"geometry":{"type":"Polygon","coordinates":[[[98.298,9.0],[98.322,8.99],[98.311,8.942],[98.299,8.924],[98.287,8.895],[98.273,8.864],[98.267,8.888],[98.252,8.908],[98.268,8.947],[98.262,8.985],[98.255,9.006],[98.277,9.014],[98.298,9.0]]]}},{"type":"Feature","properties":{},"geometry":{"type":"Polygon","coordinates":[[[127.093,34.47],[127.114,34.476],[127.137,34.48],[127.162,34.479],[127.182,34.49],[127.201,34.488],[127.229,34.488],[127.231,34.464],[127.219,34.437],[127.166,34.435],[127.144,34.429],[127.126,34.431],[127.101,34.441],[127.112,34.465],[127.093,34.47]]]}},{"type":"Feature","properties":{},"geometry":{"type":"Polygon","coordinates":[[[121.195,19.067],[121.195,19.109],[121.201,19.132],[121.212,19.169],[121.23,19.157],[121.234,19.13],[121.246,19.107],[121.25,19.076],[121.248,19.057],[121.253,19.036],[121.247,19.014],[121.222,19.039],[121.195,19.067]]]}},{"type":"Feature","properties":{},"geometry":{"type":"Polygon","coordinates":[[[49.455,27.278],[49.467,27.317],[49.482,27.338],[49.521,27.352],[49.547,27.352],[49.568,27.342],[49.599,27.322],[49.662,27.314],[49.694,27.3],[49.647,27.297],[49.673,27.301],[49.651,27.312],[49.593,27.301],[49.565,27.278],[49.567,27.297],[49.547,27.3],[49.528,27.297],[49.552,27.304],[49.529,27.333],[49.5,27.32],[49.487,27.302],[49.469,27.278],[49.455,27.278]]]}},{"type":"Feature","properties":{},"geometry":{"type":"Polygon","coordinates":[[[122.325,29.938],[122.343,29.96],[122.369,29.955],[122.388,29.941],[122.407,29.947],[122.432,29.926],[122.4,29.922],[122.43,29.913],[122.432,29.892],[122.404,29.879],[122.39,29.86],[122.411,29.85],[122.386,29.838],[122.37,29.862],[122.382,29.882],[122.365,29.907],[122.345,29.919],[122.325,29.938]]]}},{"type":"Feature","properties":{},"geometry":{"type":"Polygon","coordinates":[[[27.292,36.428],[27.299,36.453],[27.299,36.472],[27.324,36.459],[27.34,36.478],[27.36,36.482],[27.383,36.452],[27.395,36.427],[27.428,36.402],[27.452,36.406],[27.419,36.386],[27.393,36.375],[27.372,36.402],[27.358,36.428],[27.335,36.421],[27.312,36.413],[27.292,36.428]]]}},{"type":"Feature","properties":{},"geometry":{"type":"Polygon","coordinates":[[[36.486,25.644],[36.508,25.671],[36.542,25.71],[36.543,25.691],[36.532,25.669],[36.535,25.633],[36.562,25.625],[36.581,25.617],[36.596,25.597],[36.625,25.584],[36.647,25.569],[36.66,25.589],[36.685,25.573],[36.675,25.549],[36.649,25.564],[36.615,25.58],[36.581,25.594],[36.54,25.609],[36.551,25.582],[36.518,25.607],[36.494,25.624],[36.486,25.644]]]}},{"type":"Feature","properties":{},"geometry":{"type":"Polygon","coordinates":[[[108.995,2.534],[108.975,2.547],[108.995,2.568],[109.023,2.561],[109.025,2.542],[109.047,2.529],[109.078,2.522],[109.116,2.528],[109.12,2.507],[109.095,2.493],[109.055,2.499],[109.02,2.48],[109.009,2.5],[109.034,2.513],[109.012,2.532],[108.995,2.534]]]}},{"type":"Feature","properties":{},"geometry":{"type":"Polygon","coordinates":[[[95.007,5.733],[95.03,5.754],[95.051,5.76],[95.07,5.755],[95.073,5.735],[95.097,5.725],[95.114,5.704],[95.133,5.686],[95.113,5.68],[95.07,5.678],[95.048,5.658],[95.058,5.68],[95.054,5.699],[95.037,5.718],[95.058,5.723],[95.044,5.745],[95.022,5.734],[95.007,5.733]]]}},{"type":"Feature","properties":{},"geometry":{"type":"Polygon","coordinates":[[[125.575,9.827],[125.585,9.853],[125.6,9.882],[125.621,9.905],[125.642,9.917],[125.639,9.895],[125.643,9.864],[125.673,9.853],[125.66,9.829],[125.64,9.825],[125.616,9.823],[125.595,9.805],[125.597,9.827],[125.575,9.827]]]}},{"type":"Feature","properties":{},"geometry":{"type":"Polygon","coordinates":[[[34.502,27.997],[34.526,28.011],[34.547,28.003],[34.516,27.985],[34.547,27.963],[34.583,27.967],[34.59,27.948],[34.622,27.935],[34.6,27.913],[34.57,27.91],[34.534,27.926],[34.511,27.94],[34.501,27.967],[34.5,27.992],[34.502,27.997]]]}},{"type":"Feature","properties":{},"geometry":{"type":"Polygon","coordinates":[[[121.064,-7.372],[121.086,-7.359],[121.081,-7.331],[121.084,-7.312],[121.111,-7.318],[121.136,-7.337],[121.162,-7.343],[121.159,-7.37],[121.125,-7.384],[121.102,-7.398],[121.075,-7.377],[121.064,-7.372]]]}},{"type":"Feature","properties":{},"geometry":{"type":"Polygon","coordinates":[[[128.415,-1.001],[128.416,-1.021],[128.362,-1.038],[128.328,-1.022],[128.328,-1.0],[128.335,-0.982],[128.316,-0.97],[128.3,-0.95],[128.321,-0.938],[128.331,-0.963],[128.351,-0.972],[128.372,-0.995],[128.393,-0.987],[128.415,-1.001]]]}},{"type":"Feature","properties":{},"geometry":{"type":"Polygon","coordinates":[[[129.84,-0.457],[129.845,-0.436],[129.866,-0.419],[129.908,-0.407],[129.918,-0.433],[129.912,-0.454],[129.905,-0.475],[129.887,-0.5],[129.863,-0.502],[129.851,-0.481],[129.84,-0.457]]]}},{"type":"Feature","properties":{},"geometry":{"type":"Polygon","coordinates":[[[125.165,1.403],[125.177,1.422],[125.207,1.431],[125.231,1.438],[125.244,1.457],[125.252,1.478],[125.267,1.497],[125.274,1.518],[125.283,1.538],[125.297,1.557],[125.282,1.518],[125.279,1.497],[125.275,1.473],[125.262,1.442],[125.26,1.423],[125.256,1.405],[125.238,1.409],[125.211,1.398],[125.192,1.398],[125.173,1.4],[125.165,1.403]]]}},{"type":"Feature","properties":{},"geometry":{"type":"Polygon","coordinates":[[[56.0,17.482],[55.981,17.489],[55.958,17.505],[55.99,17.524],[56.032,17.538],[56.051,17.555],[56.056,17.534],[56.082,17.512],[56.051,17.482],[56.027,17.483],[56.0,17.482]]]}},{"type":"Feature","properties":{},"geometry":{"type":"Polygon","coordinates":[[[123.999,10.318],[124.037,10.332],[124.023,10.312],[124.011,10.292],[123.993,10.278],[123.976,10.255],[123.958,10.271],[123.944,10.242],[123.936,10.264],[123.925,10.283],[123.938,10.309],[123.981,10.334],[123.999,10.318]]]}},{"type":"Feature","properties":{},"geometry":{"type":"Polygon","coordinates":[[[27.765,36.605],[27.783,36.603],[27.799,36.623],[27.822,36.643],[27.815,36.624],[27.835,36.625],[27.872,36.633],[27.86,36.614],[27.879,36.618],[27.872,36.599],[27.864,36.58],[27.877,36.557],[27.857,36.541],[27.829,36.54],[27.848,36.552],[27.824,36.572],[27.796,36.566],[27.813,36.589],[27.784,36.585],[27.765,36.605]]]}},{"type":"Feature","properties":{},"geometry":{"type":"Polygon","coordinates":[[[122.28,30.473],[122.304,30.465],[122.326,30.47],[122.345,30.463],[122.364,30.457],[122.372,30.48],[122.375,30.457],[122.393,30.455],[122.416,30.454],[122.424,30.433],[122.427,30.412],[122.405,30.417],[122.382,30.425],[122.36,30.427],[122.34,30.427],[122.317,30.419],[122.294,30.421],[122.289,30.44],[122.29,30.462],[122.28,30.473]]]}},{"type":"Feature","properties":{},"geometry":{"type":"Polygon","coordinates":[[[40.813,-2.306],[40.817,-2.282],[40.837,-2.267],[40.87,-2.245],[40.895,-2.252],[40.905,-2.276],[40.912,-2.3],[40.885,-2.298],[40.86,-2.305],[40.817,-2.336],[40.813,-2.306]]]}},{"type":"Feature","properties":{},"geometry":{"type":"Polygon","coordinates":[[[97.07,2.082],[97.093,2.095],[97.09,2.113],[97.112,2.12],[97.13,2.109],[97.15,2.092],[97.15,2.071],[97.133,2.051],[97.125,2.022],[97.094,2.036],[97.085,2.061],[97.07,2.082]]]}},{"type":"Feature","properties":{},"geometry":{"type":"Polygon","coordinates":[[[122.455,-5.699],[122.475,-5.681],[122.497,-5.655],[122.505,-5.632],[122.536,-5.635],[122.56,-5.651],[122.56,-5.677],[122.538,-5.702],[122.493,-5.709],[122.474,-5.698],[122.455,-5.699]]]}},{"type":"Feature","properties":{},"geometry":{"type":"Polygon","coordinates":[[[106.565,8.675],[106.585,8.705],[106.599,8.724],[106.619,8.733],[106.639,8.745],[106.659,8.759],[106.67,8.738],[106.647,8.728],[106.665,8.692],[106.639,8.698],[106.604,8.673],[106.618,8.645],[106.583,8.645],[106.565,8.675]]]}},{"type":"Feature","properties":{},"geometry":{"type":"Polygon","coordinates":[[[129.998,28.318],[129.978,28.288],[129.957,28.276],[129.93,28.292],[129.914,28.315],[129.937,28.326],[129.982,28.351],[130.0,28.319],[129.998,28.318]]]}},{"type":"Feature","properties":{},"geometry":{"type":"Polygon","coordinates":[[[98.494,10.888],[98.518,10.889],[98.544,10.871],[98.563,10.854],[98.559,10.836],[98.561,10.807],[98.543,10.785],[98.521,10.778],[98.502,10.787],[98.511,10.811],[98.508,10.831],[98.506,10.851],[98.504,10.871],[98.494,10.888]]]}},{"type":"Feature","properties":{},"geometry":{"type":"Polygon","coordinates":[[[126.707,26.362],[126.738,26.377],[126.766,26.393],[126.796,26.37],[126.821,26.352],[126.805,26.331],[126.804,26.308],[126.779,26.305],[126.768,26.328],[126.717,26.35],[126.707,26.362]]]}},{"type":"Feature","properties":{},"geometry":{"type":"Polygon","coordinates":[[[103.811,0.889],[103.837,0.886],[103.866,0.881],[103.905,0.849],[103.906,0.819],[103.889,0.796],[103.867,0.816],[103.832,0.843],[103.821,0.863],[103.817,0.882],[103.811,0.889]]]}},{"type":"Feature","properties":{},"geometry":{"type":"Polygon","coordinates":[[[54.395,24.528],[54.423,24.535],[54.46,24.567],[54.455,24.542],[54.462,24.518],[54.475,24.496],[54.469,24.518],[54.46,24.538],[54.469,24.558],[54.487,24.566],[54.487,24.543],[54.504,24.524],[54.511,24.505],[54.534,24.496],[54.534,24.476],[54.509,24.479],[54.484,24.484],[54.458,24.516],[54.432,24.513],[54.409,24.522],[54.395,24.528]]]}},{"type":"Feature","properties":{},"geometry":{"type":"Polygon","coordinates":[[[128.117,2.332],[128.125,2.356],[128.14,2.39],[128.161,2.415],[128.173,2.387],[128.178,2.367],[128.175,2.339],[128.173,2.318],[128.178,2.299],[128.157,2.289],[128.133,2.298],[128.123,2.317],[128.117,2.332]]]}},{"type":"Feature","properties":{},"geometry":{"type":"Polygon","coordinates":[[[120.999,10.828],[121.002,10.855],[121.022,10.869],[121.042,10.871],[121.048,10.902],[121.072,10.905],[121.074,10.886],[121.075,10.867],[121.076,10.847],[121.055,10.837],[121.064,10.816],[121.04,10.807],[121.022,10.796],[121.003,10.816],[120.999,10.828]]]}},{"type":"Feature","properties":{},"geometry":{"type":"Polygon","coordinates":[[[113.259,22.095],[113.266,22.118],[113.301,22.142],[113.32,22.137],[113.327,22.159],[113.347,22.148],[113.321,22.084],[113.31,22.063],[113.277,22.064],[113.259,22.095]]]}},{"type":"Feature","properties":{},"geometry":{"type":"Polygon","coordinates":[[[129.498,-14.787],[129.526,-14.8],[129.565,-14.838],[129.582,-14.876],[129.593,-14.894],[129.589,-14.918],[129.587,-14.938],[129.597,-14.961],[129.573,-14.923],[129.554,-14.894],[129.537,-14.868],[129.533,-14.842],[129.498,-14.787]]]}},{"type":"Feature","properties":{},"geometry":{"type":"Polygon","coordinates":[[[26.765,37.173],[26.779,37.194],[26.798,37.19],[26.817,37.196],[26.842,37.192],[26.853,37.17],[26.875,37.156],[26.874,37.137],[26.893,37.115],[26.871,37.108],[26.844,37.098],[26.842,37.116],[26.861,37.12],[26.836,37.123],[26.817,37.116],[26.82,37.144],[26.799,37.151],[26.781,37.168],[26.765,37.173]]]}},{"type":"Feature","properties":{},"geometry":{"type":"Polygon","coordinates":[[[125.365,2.361],[125.373,2.379],[125.393,2.385],[125.417,2.371],[125.437,2.377],[125.455,2.37],[125.465,2.35],[125.445,2.329],[125.427,2.315],[125.391,2.327],[125.365,2.361]]]}},{"type":"Feature","properties":{},"geometry":{"type":"Polygon","coordinates":[[[125.325,5.392],[125.346,5.398],[125.357,5.422],[125.377,5.432],[125.396,5.44],[125.416,5.429],[125.425,5.407],[125.426,5.375],[125.406,5.377],[125.385,5.375],[125.363,5.366],[125.346,5.386],[125.325,5.392]]]}},{"type":"Feature","properties":{},"geometry":{"type":"Polygon","coordinates":[[[121.375,11.999],[121.37,12.021],[121.364,12.057],[121.37,12.078],[121.347,12.085],[121.347,12.105],[121.376,12.111],[121.394,12.088],[121.409,12.043],[121.419,12.018],[121.4,12.002],[121.378,11.992],[121.375,11.999]]]}},{"type":"Feature","properties":{},"geometry":{"type":"Polygon","coordinates":[[[124.818,39.495],[124.835,39.52],[124.858,39.52],[124.846,39.54],[124.85,39.559],[124.83,39.549],[124.842,39.567],[124.879,39.58],[124.887,39.6],[124.894,39.618],[124.913,39.616],[124.933,39.599],[124.912,39.597],[124.913,39.577],[124.917,39.559],[124.939,39.56],[124.926,39.54],[124.907,39.541],[124.892,39.522],[124.868,39.51],[124.846,39.499],[124.824,39.493],[124.818,39.495]]]}},{"type":"Feature","properties":{},"geometry":{"type":"Polygon","coordinates":[[[90.377,22.0],[90.396,21.996],[90.364,21.941],[90.355,21.914],[90.345,21.891],[90.35,21.872],[90.341,21.85],[90.321,21.841],[90.308,21.868],[90.315,21.892],[90.327,21.918],[90.336,21.947],[90.351,21.965],[90.363,21.993],[90.377,22.0]]]}},{"type":"Feature","properties":{},"geometry":{"type":"Polygon","coordinates":[[[118.625,4.481],[118.627,4.501],[118.647,4.495],[118.668,4.497],[118.686,4.478],[118.707,4.471],[118.73,4.464],[118.752,4.46],[118.733,4.441],[118.682,4.445],[118.654,4.418],[118.657,4.44],[118.637,4.465],[118.625,4.481]]]}},{"type":"Feature","properties":{},"geometry":{"type":"Polygon","coordinates":[[[117.798,2.184],[117.846,2.165],[117.87,2.155],[117.888,2.155],[117.916,2.137],[117.944,2.13],[117.943,2.107],[117.917,2.102],[117.9,2.129],[117.867,2.15],[117.846,2.132],[117.826,2.119],[117.805,2.137],[117.805,2.168],[117.798,2.184]]]}},{"type":"Feature","properties":{},"geometry":{"type":"Polygon","coordinates":[[[127.999,34.912],[128.034,34.921],[128.015,34.888],[128.012,34.866],[128.025,34.886],[128.045,34.899],[128.065,34.878],[128.055,34.854],[128.077,34.845],[128.056,34.84],[128.022,34.85],[128.002,34.835],[127.969,34.843],[127.96,34.863],[127.979,34.88],[127.988,34.902],[127.999,34.912]]]}},{"type":"Feature","properties":{},"geometry":{"type":"Polygon","coordinates":[[[90.509,21.895],[90.513,21.921],[90.521,21.944],[90.562,21.967],[90.581,21.986],[90.595,21.963],[90.593,21.936],[90.581,21.916],[90.561,21.932],[90.561,21.903],[90.535,21.885],[90.516,21.887],[90.509,21.895]]]}},{"type":"Feature","properties":{},"geometry":{"type":"Polygon","coordinates":[[[125.998,34.865],[125.974,34.865],[125.996,34.883],[126.016,34.914],[126.038,34.916],[126.057,34.912],[126.058,34.94],[126.078,34.935],[126.085,34.914],[126.085,34.896],[126.097,34.877],[126.069,34.865],[126.049,34.85],[126.023,34.857],[126.03,34.878],[126.009,34.86],[125.998,34.865]]]}},{"type":"Feature","properties":{},"geometry":{"type":"Polygon","coordinates":[[[88.597,21.849],[88.606,21.873],[88.621,21.892],[88.639,21.916],[88.67,21.909],[88.655,21.87],[88.653,21.837],[88.649,21.819],[88.645,21.784],[88.622,21.793],[88.615,21.813],[88.611,21.833],[88.597,21.849]]]}},{"type":"Feature","properties":{},"geometry":{"type":"Polygon","coordinates":[[[101.334,3.0],[101.291,2.984],[101.272,2.964],[101.263,2.985],[101.297,3.053],[101.325,3.075],[101.34,3.056],[101.341,3.002],[101.334,3.0]]]}},{"type":"Feature","properties":{},"geometry":{"type":"Polygon","coordinates":[[[103.411,0.87],[103.453,0.856],[103.476,0.855],[103.502,0.84],[103.52,0.817],[103.533,0.787],[103.528,0.767],[103.489,0.797],[103.474,0.821],[103.451,0.829],[103.426,0.837],[103.415,0.859],[103.411,0.87]]]}},{"type":"Feature","properties":{},"geometry":{"type":"Polygon","coordinates":[[[122.305,14.679],[122.322,14.702],[122.363,14.715],[122.382,14.732],[122.407,14.735],[122.43,14.715],[122.435,14.695],[122.381,14.68],[122.344,14.681],[122.325,14.675],[122.305,14.679]]]}},{"type":"Feature","properties":{},"geometry":{"type":"Polygon","coordinates":[[[93.045,12.126],[93.055,12.167],[93.072,12.21],[93.096,12.192],[93.092,12.149],[93.092,12.127],[93.098,12.103],[93.08,12.082],[93.064,12.104],[93.045,12.126]]]}},{"type":"Feature","properties":{},"geometry":{"type":"Polygon","coordinates":[[[123.998,-5.77],[123.963,-5.779],[123.941,-5.78],[123.907,-5.76],[123.894,-5.735],[123.918,-5.718],[123.952,-5.725],[123.98,-5.744],[124.003,-5.753],[123.998,-5.77]]]}},{"type":"Feature","properties":{},"geometry":{"type":"Polygon","coordinates":[[[99.77,6.219],[99.79,6.242],[99.797,6.262],[99.822,6.279],[99.841,6.296],[99.843,6.276],[99.826,6.247],[99.821,6.227],[99.84,6.217],[99.833,6.197],[99.814,6.173],[99.792,6.179],[99.784,6.203],[99.77,6.219]]]}},{"type":"Feature","properties":{},"geometry":{"type":"Polygon","coordinates":[[[109.128,-0.128],[109.133,-0.092],[109.157,-0.066],[109.166,-0.096],[109.183,-0.123],[109.181,-0.159],[109.181,-0.181],[109.161,-0.176],[109.143,-0.158],[109.13,-0.139],[109.128,-0.128]]]}},{"type":"Feature","properties":{},"geometry":{"type":"Polygon","coordinates":[[[114.471,-7.148],[114.492,-7.142],[114.521,-7.132],[114.54,-7.12],[114.56,-7.134],[114.579,-7.137],[114.603,-7.135],[114.615,-7.155],[114.607,-7.175],[114.585,-7.167],[114.552,-7.16],[114.523,-7.159],[114.503,-7.16],[114.481,-7.165],[114.471,-7.148]]]}},{"type":"Feature","properties":{},"geometry":{"type":"Polygon","coordinates":[[[23.364,37.298],[23.385,37.316],[23.403,37.321],[23.439,37.337],[23.467,37.352],[23.492,37.358],[23.518,37.368],[23.536,37.363],[23.561,37.372],[23.581,37.366],[23.561,37.357],[23.54,37.352],[23.512,37.344],[23.501,37.323],[23.447,37.315],[23.423,37.303],[23.403,37.292],[23.381,37.298],[23.364,37.298]]]}},{"type":"Feature","properties":{},"geometry":{"type":"Polygon","coordinates":[[[122.337,-8.439],[122.358,-8.429],[122.377,-8.426],[122.397,-8.435],[122.422,-8.447],[122.414,-8.467],[122.405,-8.488],[122.374,-8.497],[122.34,-8.467],[122.337,-8.439]]]}},{"type":"Feature","properties":{},"geometry":{"type":"Polygon","coordinates":[[[113.995,-7.072],[114.017,-7.07],[114.052,-7.076],[114.064,-7.103],[114.04,-7.114],[114.011,-7.106],[113.983,-7.107],[113.96,-7.098],[113.938,-7.091],[113.934,-7.068],[113.952,-7.061],[113.982,-7.073],[113.995,-7.072]]]}},{"type":"Feature","properties":{},"geometry":{"type":"Polygon","coordinates":[[[117.508,3.585],[117.543,3.576],[117.563,3.59],[117.595,3.586],[117.632,3.574],[117.665,3.56],[117.633,3.538],[117.585,3.556],[117.539,3.561],[117.512,3.579],[117.508,3.585]]]}},{"type":"Feature","properties":{},"geometry":{"type":"Polygon","coordinates":[[[103.0,11.522],[103.026,11.529],[103.029,11.51],[103.036,11.487],[103.07,11.475],[103.077,11.452],[103.049,11.445],[103.023,11.42],[103.02,11.442],[103.013,11.468],[102.99,11.507],[103.0,11.522]]]}},{"type":"Feature","properties":{},"geometry":{"type":"Polygon","coordinates":[[[121.791,31.378],[121.818,31.379],[121.837,31.375],[121.86,31.361],[121.88,31.352],[121.883,31.329],[121.863,31.307],[121.81,31.32],[121.806,31.347],[121.791,31.378]]]}},{"type":"Feature","properties":{},"geometry":{"type":"Polygon","coordinates":[[[109.307,12.617],[109.323,12.638],[109.344,12.63],[109.366,12.631],[109.388,12.625],[109.391,12.604],[109.4,12.584],[109.419,12.558],[109.39,12.559],[109.364,12.58],[109.343,12.588],[109.336,12.607],[109.313,12.608],[109.307,12.617]]]}},{"type":"Feature","properties":{},"geometry":{"type":"Polygon","coordinates":[[[106.783,20.927],[106.809,20.931],[106.833,20.92],[106.851,20.9],[106.85,20.88],[106.869,20.856],[106.875,20.832],[106.855,20.827],[106.844,20.847],[106.823,20.853],[106.801,20.879],[106.791,20.91],[106.783,20.927]]]}},{"type":"Feature","properties":{},"geometry":{"type":"Polygon","coordinates":[[[124.614,37.969],[124.647,37.969],[124.677,37.981],[124.698,37.98],[124.725,37.982],[124.743,37.961],[124.717,37.945],[124.698,37.958],[124.708,37.937],[124.702,37.917],[124.684,37.921],[124.643,37.922],[124.631,37.951],[124.614,37.969]]]}},{"type":"Feature","properties":{},"geometry":{"type":"Polygon","coordinates":[[[119.63,10.999],[119.628,11.024],[119.607,11.006],[119.597,11.035],[119.573,11.042],[119.558,11.066],[119.578,11.092],[119.597,11.089],[119.615,11.086],[119.615,11.063],[119.625,11.037],[119.641,11.017],[119.634,10.999],[119.63,10.999]]]}},{"type":"Feature","properties":{},"geometry":{"type":"Polygon","coordinates":[[[93.142,19.998],[93.14,20.018],[93.129,20.043],[93.122,20.073],[93.149,20.039],[93.158,20.019],[93.162,19.993],[93.168,19.973],[93.184,19.947],[93.195,19.918],[93.206,19.897],[93.222,19.869],[93.225,19.85],[93.24,19.83],[93.22,19.819],[93.219,19.84],[93.211,19.861],[93.193,19.899],[93.171,19.938],[93.157,19.964],[93.146,19.986],[93.142,19.998]]]}},{"type":"Feature","properties":{},"geometry":{"type":"Polygon","coordinates":[[[124.52,10.103],[124.538,10.11],[124.55,10.13],[124.568,10.128],[124.588,10.141],[124.607,10.153],[124.594,10.116],[124.603,10.087],[124.584,10.085],[124.558,10.091],[124.56,10.068],[124.536,10.051],[124.524,10.076],[124.528,10.095],[124.52,10.103]]]}},{"type":"Feature","properties":{},"geometry":{"type":"Polygon","coordinates":[[[126.227,34.848],[126.263,34.859],[126.283,34.864],[126.28,34.883],[126.302,34.887],[126.28,34.912],[126.302,34.922],[126.323,34.913],[126.342,34.9],[126.328,34.88],[126.357,34.865],[126.372,34.846],[126.368,34.827],[126.347,34.815],[126.326,34.824],[126.345,34.835],[126.32,34.85],[126.302,34.862],[126.277,34.855],[126.239,34.848],[126.227,34.848]]]}},{"type":"Feature","properties":{},"geometry":{"type":"Polygon","coordinates":[[[129.125,-15.004],[129.112,-14.983],[129.121,-14.963],[129.149,-14.968],[129.18,-14.983],[129.182,-15.006],[129.169,-15.037],[129.17,-15.056],[129.18,-15.077],[129.165,-15.053],[129.146,-15.041],[129.14,-15.012],[129.125,-15.004]]]}},{"type":"Feature","properties":{},"geometry":{"type":"Polygon","coordinates":[[[124.337,-15.31],[124.356,-15.293],[124.375,-15.292],[124.395,-15.29],[124.412,-15.265],[124.432,-15.258],[124.454,-15.268],[124.447,-15.29],[124.45,-15.313],[124.431,-15.325],[124.418,-15.305],[124.397,-15.316],[124.376,-15.32],[124.354,-15.326],[124.337,-15.31]]]}},{"type":"Feature","properties":{},"geometry":{"type":"Polygon","coordinates":[[[110.554,20.901],[110.57,20.92],[110.589,20.939],[110.617,20.939],[110.644,20.934],[110.641,20.915],[110.625,20.893],[110.613,20.864],[110.587,20.866],[110.569,20.87],[110.554,20.901]]]}},{"type":"Feature","properties":{},"geometry":{"type":"Polygon","coordinates":[[[98.465,12.416],[98.476,12.453],[98.48,12.496],[98.504,12.519],[98.52,12.498],[98.511,12.471],[98.511,12.449],[98.515,12.423],[98.489,12.392],[98.465,12.416]]]}},{"type":"Feature","properties":{},"geometry":{"type":"Polygon","coordinates":[[[119.539,26.083],[119.565,26.12],[119.594,26.132],[119.63,26.115],[119.643,26.079],[119.623,26.061],[119.591,26.076],[119.556,26.083],[119.539,26.083]]]}},{"type":"Feature","properties":{},"geometry":{"type":"Polygon","coordinates":[[[56.313,26.841],[56.354,26.891],[56.402,26.884],[56.397,26.845],[56.362,26.826],[56.325,26.82],[56.313,26.841]]]}},{"type":"Feature","properties":{},"geometry":{"type":"Polygon","coordinates":[[[93.564,7.997],[93.557,8.024],[93.576,8.022],[93.593,7.988],[93.596,7.967],[93.595,7.942],[93.567,7.947],[93.549,7.965],[93.519,7.983],[93.541,8.005],[93.544,8.024],[93.56,7.997],[93.564,7.997]]]}},{"type":"Feature","properties":{},"geometry":{"type":"Polygon","coordinates":[[[48.267,29.432],[48.275,29.456],[48.294,29.471],[48.316,29.465],[48.347,29.452],[48.382,29.424],[48.402,29.411],[48.389,29.391],[48.361,29.402],[48.338,29.426],[48.319,29.43],[48.292,29.431],[48.272,29.427],[48.267,29.432]]]}},{"type":"Feature","properties":{},"geometry":{"type":"Polygon","coordinates":[[[23.386,39.158],[23.407,39.167],[23.442,39.18],[23.451,39.2],[23.482,39.207],[23.505,39.193],[23.514,39.167],[23.488,39.159],[23.468,39.147],[23.464,39.129],[23.443,39.14],[23.413,39.14],[23.394,39.14],[23.386,39.158]]]}},{"type":"Feature","properties":{},"geometry":{"type":"Polygon","coordinates":[[[125.141,-15.048],[125.154,-15.026],[125.175,-15.046],[125.179,-15.067],[125.2,-15.058],[125.224,-15.064],[125.221,-15.093],[125.189,-15.123],[125.168,-15.121],[125.161,-15.099],[125.171,-15.079],[125.147,-15.064],[125.141,-15.048]]]}},{"type":"Feature","properties":{},"geometry":{"type":"Polygon","coordinates":[[[107.02,-2.878],[107.032,-2.852],[107.047,-2.83],[107.067,-2.848],[107.087,-2.855],[107.095,-2.873],[107.086,-2.896],[107.062,-2.91],[107.027,-2.882],[107.02,-2.878]]]}},{"type":"Feature","properties":{},"geometry":{"type":"Polygon","coordinates":[[[36.535,25.778],[36.54,25.802],[36.553,25.831],[36.584,25.864],[36.603,25.87],[36.584,25.858],[36.567,25.837],[36.55,25.797],[36.574,25.774],[36.598,25.761],[36.582,25.726],[36.594,25.705],[36.615,25.714],[36.586,25.695],[36.562,25.72],[36.541,25.737],[36.542,25.758],[36.535,25.778]]]}},{"type":"Feature","properties":{},"geometry":{"type":"Polygon","coordinates":[[[121.49,22.082],[121.52,22.085],[121.541,22.085],[121.561,22.089],[121.561,22.068],[121.56,22.042],[121.591,22.024],[121.586,22.004],[121.562,22.004],[121.548,22.023],[121.526,22.026],[121.507,22.047],[121.502,22.067],[121.49,22.082]]]}},{"type":"Feature","properties":{},"geometry":{"type":"Polygon","coordinates":[[[110.039,-2.748],[110.062,-2.732],[110.07,-2.703],[110.088,-2.69],[110.107,-2.673],[110.121,-2.694],[110.117,-2.714],[110.12,-2.74],[110.098,-2.758],[110.068,-2.759],[110.041,-2.75],[110.039,-2.748]]]}},{"type":"Feature","properties":{},"geometry":{"type":"Polygon","coordinates":[[[129.818,31.861],[129.836,31.883],[129.854,31.884],[129.884,31.857],[129.902,31.846],[129.905,31.867],[129.94,31.87],[129.933,31.851],[129.93,31.823],[129.908,31.82],[129.885,31.811],[129.863,31.819],[129.861,31.837],[129.842,31.85],[129.863,31.858],[129.843,31.858],[129.837,31.839],[129.818,31.861]]]}},{"type":"Feature","properties":{},"geometry":{"type":"Polygon","coordinates":[[[79.652,9.539],[79.672,9.552],[79.697,9.53],[79.715,9.53],[79.733,9.492],[79.707,9.475],[79.662,9.499],[79.652,9.539]]]}},{"type":"Feature","properties":{},"geometry":{"type":"Polygon","coordinates":[[[129.806,-8.212],[129.825,-8.185],[129.827,-8.165],[129.842,-8.144],[129.866,-8.125],[129.887,-8.119],[129.908,-8.097],[129.916,-8.12],[129.904,-8.139],[129.881,-8.147],[129.86,-8.174],[129.843,-8.204],[129.822,-8.218],[129.806,-8.212]]]}},{"type":"Feature","properties":{},"geometry":{"type":"Polygon","coordinates":[[[92.211,11.581],[92.234,11.59],[92.255,11.588],[92.275,11.585],[92.284,11.56],[92.287,11.542],[92.281,11.519],[92.261,11.521],[92.24,11.525],[92.22,11.541],[92.223,11.574],[92.211,11.581]]]}},{"type":"Feature","properties":{},"geometry":{"type":"Polygon","coordinates":[[[40.273,15.0],[40.29,15.029],[40.295,15.048],[40.323,15.055],[40.344,15.037],[40.345,15.017],[40.322,14.997],[40.307,14.977],[40.28,14.98],[40.273,15.0]]]}},{"type":"Feature","properties":{},"geometry":{"type":"Polygon","coordinates":[[[121.756,6.081],[121.781,6.085],[121.812,6.047],[121.832,6.037],[121.854,6.028],[121.888,6.033],[121.928,6.05],[121.947,6.061],[121.942,6.042],[121.91,6.02],[121.878,6.004],[121.853,6.002],[121.83,6.024],[121.81,6.033],[121.793,6.052],[121.769,6.071],[121.756,6.081]]]}},{"type":"Feature","properties":{},"geometry":{"type":"Polygon","coordinates":[[[126.204,37.769],[126.223,37.786],[126.224,37.806],[126.257,37.815],[126.282,37.806],[126.314,37.804],[126.337,37.799],[126.318,37.774],[126.292,37.763],[126.273,37.77],[126.245,37.764],[126.204,37.769]]]}},{"type":"Feature","properties":{},"geometry":{"type":"Polygon","coordinates":[[[125.998,34.805],[125.995,34.78],[125.999,34.761],[125.976,34.754],[125.933,34.76],[125.943,34.738],[125.936,34.72],[125.908,34.716],[125.888,34.732],[125.89,34.751],[125.893,34.772],[125.936,34.776],[125.963,34.786],[125.983,34.801],[125.998,34.805]]]}},{"type":"Feature","properties":{},"geometry":{"type":"Polygon","coordinates":[[[106.41,9.95],[106.431,9.94],[106.467,9.925],[106.494,9.907],[106.527,9.868],[106.551,9.85],[106.533,9.83],[106.514,9.851],[106.481,9.885],[106.438,9.914],[106.412,9.943],[106.41,9.95]]]}},{"type":"Feature","properties":{},"geometry":{"type":"Polygon","coordinates":[[[88.507,21.752],[88.515,21.779],[88.533,21.8],[88.559,21.803],[88.575,21.782],[88.564,21.759],[88.574,21.73],[88.556,21.734],[88.536,21.728],[88.507,21.752]]]}},{"type":"Feature","properties":{},"geometry":{"type":"Polygon","coordinates":[[[98.173,10.142],[98.188,10.166],[98.208,10.181],[98.189,10.177],[98.186,10.196],[98.205,10.195],[98.214,10.169],[98.241,10.174],[98.241,10.149],[98.226,10.124],[98.206,10.124],[98.203,10.093],[98.203,10.067],[98.202,10.046],[98.188,10.073],[98.192,10.091],[98.19,10.113],[98.183,10.134],[98.173,10.142]]]}},{"type":"Feature","properties":{},"geometry":{"type":"Polygon","coordinates":[[[88.643,22.0],[88.675,22.017],[88.695,22.009],[88.715,21.998],[88.697,21.969],[88.692,21.95],[88.659,21.953],[88.637,21.949],[88.635,21.986],[88.643,22.0]]]}},{"type":"Feature","properties":{},"geometry":{"type":"Polygon","coordinates":[[[103.406,0.902],[103.438,0.924],[103.459,0.92],[103.48,0.906],[103.49,0.856],[103.452,0.859],[103.424,0.876],[103.406,0.902]]]}},{"type":"Feature","properties":{},"geometry":{"type":"Polygon","coordinates":[[[121.131,5.81],[121.138,5.828],[121.147,5.85],[121.169,5.846],[121.196,5.833],[121.208,5.808],[121.189,5.794],[121.158,5.779],[121.138,5.789],[121.131,5.81]]]}},{"type":"Feature","properties":{},"geometry":{"type":"Polygon","coordinates":[[[115.62,-7.0],[115.596,-6.991],[115.563,-6.973],[115.566,-6.946],[115.585,-6.942],[115.632,-6.967],[115.666,-6.987],[115.678,-7.009],[115.652,-6.999],[115.631,-7.005],[115.62,-7.0]]]}},{"type":"Feature","properties":{},"geometry":{"type":"Polygon","coordinates":[[[119.44,25.233],[119.459,25.246],[119.477,25.258],[119.495,25.244],[119.495,25.226],[119.518,25.21],[119.541,25.205],[119.567,25.212],[119.542,25.188],[119.552,25.166],[119.532,25.166],[119.509,25.176],[119.508,25.207],[119.488,25.205],[119.451,25.205],[119.45,25.224],[119.44,25.233]]]}},{"type":"Feature","properties":{},"geometry":{"type":"Polygon","coordinates":[[[48.043,29.936],[48.062,29.94],[48.089,29.963],[48.118,29.957],[48.132,29.935],[48.133,29.904],[48.102,29.899],[48.069,29.912],[48.043,29.936]]]}},{"type":"Feature","properties":{},"geometry":{"type":"Polygon","coordinates":[[[126.749,34.381],[126.768,34.4],[126.774,34.424],[126.802,34.433],[126.833,34.445],[126.842,34.421],[126.861,34.398],[126.842,34.395],[126.82,34.392],[126.79,34.38],[126.777,34.359],[126.777,34.383],[126.757,34.385],[126.749,34.381]]]}},{"type":"Feature","properties":{},"geometry":{"type":"Polygon","coordinates":[[[119.74,5.039],[119.771,5.102],[119.79,5.111],[119.808,5.127],[119.803,5.101],[119.807,5.082],[119.82,5.06],[119.8,5.053],[119.777,5.044],[119.757,5.036],[119.74,5.039]]]}},{"type":"Feature","properties":{},"geometry":{"type":"Polygon","coordinates":[[[25.06,36.635],[25.076,36.662],[25.088,36.682],[25.126,36.705],[25.166,36.718],[25.184,36.715],[25.169,36.689],[25.145,36.675],[25.124,36.658],[25.098,36.645],[25.07,36.632],[25.06,36.635]]]}},{"type":"Feature","properties":{},"geometry":{"type":"Polygon","coordinates":[[[68.54,23.264],[68.562,23.28],[68.552,23.308],[68.572,23.298],[68.598,23.302],[68.605,23.321],[68.623,23.326],[68.634,23.304],[68.613,23.298],[68.615,23.272],[68.591,23.26],[68.572,23.253],[68.553,23.252],[68.54,23.264]]]}},{"type":"Feature","properties":{},"geometry":{"type":"Polygon","coordinates":[[[125.999,34.686],[125.98,34.672],[125.957,34.656],[125.939,34.663],[125.92,34.672],[125.915,34.71],[125.937,34.716],[125.955,34.723],[125.975,34.715],[125.997,34.707],[126.016,34.704],[126.01,34.686],[125.999,34.686]]]}},{"type":"Feature","properties":{},"geometry":{"type":"Polygon","coordinates":[[[56.42,27.052],[56.424,27.076],[56.443,27.09],[56.482,27.094],[56.5,27.075],[56.495,27.047],[56.476,27.032],[56.436,27.038],[56.42,27.052]]]}},{"type":"Feature","properties":{},"geometry":{"type":"Polygon","coordinates":[[[121.41,11.837],[121.424,11.87],[121.458,11.87],[121.512,11.864],[121.523,11.835],[121.491,11.83],[121.467,11.83],[121.445,11.839],[121.425,11.848],[121.41,11.837]]]}},{"type":"Feature","properties":{},"geometry":{"type":"Polygon","coordinates":[[[122.397,-3.439],[122.402,-3.397],[122.421,-3.421],[122.444,-3.44],[122.464,-3.458],[122.461,-3.476],[122.438,-3.472],[122.449,-3.493],[122.429,-3.5],[122.416,-3.48],[122.404,-3.45],[122.397,-3.439]]]}},{"type":"Feature","properties":{},"geometry":{"type":"Polygon","coordinates":[[[96.609,2.104],[96.622,2.127],[96.642,2.13],[96.674,2.118],[96.685,2.095],[96.652,2.071],[96.622,2.074],[96.612,2.1],[96.609,2.104]]]}},{"type":"Feature","properties":{},"geometry":{"type":"Polygon","coordinates":[[[40.228,15.135],[40.235,15.155],[40.242,15.179],[40.263,15.194],[40.294,15.201],[40.28,15.172],[40.267,15.151],[40.281,15.119],[40.254,15.105],[40.231,15.12],[40.228,15.135]]]}},{"type":"Feature","properties":{},"geometry":{"type":"Polygon","coordinates":[[[117.292,3.597],[117.338,3.605],[117.367,3.61],[117.386,3.618],[117.406,3.615],[117.457,3.587],[117.438,3.565],[117.405,3.592],[117.324,3.589],[117.3,3.58],[117.292,3.597]]]}},{"type":"Feature","properties":{},"geometry":{"type":"Polygon","coordinates":[[[104.326,0.372],[104.367,0.355],[104.411,0.332],[104.435,0.309],[104.412,0.315],[104.394,0.315],[104.423,0.298],[104.395,0.295],[104.379,0.317],[104.352,0.315],[104.337,0.335],[104.332,0.361],[104.326,0.372]]]}},{"type":"Feature","properties":{},"geometry":{"type":"Polygon","coordinates":[[[122.14,-0.245],[122.167,-0.217],[122.186,-0.207],[122.205,-0.213],[122.188,-0.235],[122.212,-0.242],[122.227,-0.263],[122.245,-0.275],[122.226,-0.292],[122.206,-0.285],[122.198,-0.267],[122.17,-0.274],[122.165,-0.25],[122.146,-0.256],[122.14,-0.245]]]}},{"type":"Feature","properties":{},"geometry":{"type":"Polygon","coordinates":[[[88.514,21.602],[88.521,21.621],[88.523,21.643],[88.542,21.635],[88.562,21.629],[88.591,21.605],[88.586,21.581],[88.561,21.56],[88.54,21.587],[88.518,21.596],[88.514,21.602]]]}},{"type":"Feature","properties":{},"geometry":{"type":"Polygon","coordinates":[[[124.368,-2.001],[124.367,-2.03],[124.347,-2.026],[124.319,-2.011],[124.299,-2.003],[124.305,-1.982],[124.329,-1.96],[124.352,-1.965],[124.37,-1.973],[124.368,-2.001]]]}},{"type":"Feature","properties":{},"geometry":{"type":"Polygon","coordinates":[[[129.506,-7.858],[129.53,-7.865],[129.545,-7.891],[129.564,-7.916],[129.547,-7.95],[129.516,-7.947],[129.512,-7.92],[129.517,-7.899],[129.518,-7.877],[129.506,-7.858]]]}},{"type":"Feature","properties":{},"geometry":{"type":"Polygon","coordinates":[[[98.22,12.517],[98.23,12.547],[98.253,12.568],[98.269,12.549],[98.287,12.525],[98.285,12.502],[98.266,12.49],[98.235,12.491],[98.22,12.517]]]}},{"type":"Feature","properties":{},"geometry":{"type":"Polygon","coordinates":[[[113.118,-24.984],[113.12,-24.957],[113.124,-24.929],[113.13,-24.91],[113.125,-24.881],[113.128,-24.862],[113.127,-24.843],[113.138,-24.817],[113.14,-24.79],[113.15,-24.772],[113.165,-24.801],[113.16,-24.822],[113.148,-24.843],[113.14,-24.864],[113.143,-24.913],[113.134,-24.947],[113.13,-24.968],[113.118,-24.984]]]}},{"type":"Feature","properties":{},"geometry":{"type":"Polygon","coordinates":[[[34.0,27.472],[33.978,27.494],[33.946,27.505],[33.918,27.515],[33.928,27.536],[33.961,27.535],[33.981,27.518],[34.004,27.51],[34.025,27.497],[34.032,27.475],[34.04,27.451],[34.016,27.464],[34.0,27.472]]]}},{"type":"Feature","properties":{},"geometry":{"type":"Polygon","coordinates":[[[126.27,37.711],[126.289,37.709],[126.29,37.742],[126.321,37.754],[126.32,37.713],[126.342,37.698],[126.368,37.695],[126.376,37.669],[126.346,37.65],[126.326,37.656],[126.312,37.686],[126.289,37.695],[126.27,37.711]]]}},{"type":"Feature","properties":{},"geometry":{"type":"Polygon","coordinates":[[[127.315,-0.615],[127.336,-0.621],[127.359,-0.628],[127.378,-0.62],[127.402,-0.645],[127.409,-0.669],[127.385,-0.665],[127.367,-0.661],[127.341,-0.67],[127.327,-0.631],[127.315,-0.615]]]}},{"type":"Feature","properties":{},"geometry":{"type":"Polygon","coordinates":[[[93.54,19.832],[93.551,19.869],[93.585,19.872],[93.605,19.883],[93.614,19.902],[93.639,19.903],[93.665,19.904],[93.652,19.885],[93.625,19.874],[93.602,19.85],[93.574,19.839],[93.553,19.828],[93.54,19.832]]]}},{"type":"Feature","properties":{},"geometry":{"type":"Polygon","coordinates":[[[119.788,4.916],[119.82,4.93],[119.817,4.906],[119.836,4.919],[119.853,4.87],[119.827,4.855],[119.808,4.855],[119.788,4.916]]]}},{"type":"Feature","properties":{},"geometry":{"type":"Polygon","coordinates":[[[48.043,30.0],[48.062,30.02],[48.081,30.024],[48.1,30.021],[48.131,30.015],[48.158,30.007],[48.102,29.991],[48.054,29.964],[48.033,29.962],[48.043,30.0]]]}},{"type":"Feature","properties":{},"geometry":{"type":"Polygon","coordinates":[[[25.0,39.484],[24.983,39.464],[24.973,39.485],[24.97,39.507],[24.977,39.537],[24.993,39.559],[25.014,39.555],[25.045,39.537],[25.044,39.515],[25.024,39.497],[25.0,39.484]]]}},{"type":"Feature","properties":{},"geometry":{"type":"Polygon","coordinates":[[[25.529,38.593],[25.553,38.596],[25.573,38.605],[25.592,38.609],[25.622,38.59],[25.616,38.567],[25.61,38.533],[25.584,38.533],[25.564,38.538],[25.565,38.562],[25.541,38.58],[25.529,38.593]]]}},{"type":"Feature","properties":{},"geometry":{"type":"Polygon","coordinates":[[[88.831,21.561],[88.834,21.6],[88.874,21.592],[88.896,21.579],[88.908,21.559],[88.89,21.536],[88.862,21.535],[88.837,21.551],[88.831,21.561]]]}},{"type":"Feature","properties":{},"geometry":{"type":"Polygon","coordinates":[[[27.123,36.573],[27.126,36.599],[27.153,36.613],[27.173,36.62],[27.215,36.587],[27.192,36.557],[27.173,36.558],[27.152,36.561],[27.133,36.565],[27.123,36.573]]]}},{"type":"Feature","properties":{},"geometry":{"type":"Polygon","coordinates":[[[117.644,2.821],[117.666,2.847],[117.689,2.86],[117.708,2.846],[117.745,2.831],[117.728,2.812],[117.71,2.814],[117.687,2.804],[117.661,2.805],[117.644,2.821]]]}},{"type":"Feature","properties":{},"geometry":{"type":"Polygon","coordinates":[[[126.064,34.768],[126.085,34.765],[126.106,34.767],[126.126,34.772],[126.149,34.755],[126.173,34.754],[126.18,34.727],[126.18,34.708],[126.149,34.702],[126.14,34.721],[126.119,34.715],[126.1,34.728],[126.078,34.762],[126.064,34.768]]]}},{"type":"Feature","properties":{},"geometry":{"type":"Polygon","coordinates":[[[122.22,29.836],[122.243,29.845],[122.262,29.848],[122.293,29.838],[122.314,29.834],[122.295,29.817],[122.305,29.799],[122.325,29.782],[122.307,29.771],[122.287,29.785],[122.267,29.794],[122.238,29.827],[122.22,29.836]]]}},{"type":"Feature","properties":{},"geometry":{"type":"Polygon","coordinates":[[[124.933,-15.001],[124.955,-15.008],[124.947,-15.027],[124.939,-15.05],[124.92,-15.039],[124.912,-15.015],[124.891,-15.007],[124.914,-14.99],[124.891,-14.998],[124.872,-15.006],[124.881,-14.981],[124.884,-14.962],[124.903,-14.975],[124.923,-14.949],[124.937,-14.967],[124.94,-14.987],[124.933,-15.001]]]}},{"type":"Feature","properties":{},"geometry":{"type":"Polygon","coordinates":[[[50.738,25.656],[50.741,25.677],[50.752,25.697],[50.773,25.721],[50.793,25.726],[50.791,25.704],[50.798,25.683],[50.773,25.674],[50.75,25.68],[50.765,25.653],[50.775,25.634],[50.759,25.616],[50.756,25.587],[50.795,25.565],[50.812,25.547],[50.779,25.568],[50.742,25.587],[50.75,25.615],[50.75,25.643],[50.738,25.656]]]}},{"type":"Feature","properties":{},"geometry":{"type":"Polygon","coordinates":[[[121.68,-8.339],[121.68,-8.317],[121.699,-8.295],[121.719,-8.293],[121.745,-8.312],[121.749,-8.337],[121.723,-8.355],[121.692,-8.35],[121.68,-8.339]]]}},{"type":"Feature","properties":{},"geometry":{"type":"Polygon","coordinates":[[[123.275,-1.218],[123.281,-1.195],[123.311,-1.176],[123.325,-1.209],[123.315,-1.238],[123.31,-1.276],[123.292,-1.262],[123.285,-1.238],[123.275,-1.218]]]}},{"type":"Feature","properties":{},"geometry":{"type":"Polygon","coordinates":[[[52.999,12.157],[52.98,12.164],[53.0,12.169],[53.02,12.173],[53.045,12.176],[53.063,12.172],[53.084,12.167],[53.099,12.137],[53.069,12.125],[53.037,12.135],[52.999,12.157]]]}},{"type":"Feature","properties":{},"geometry":{"type":"Polygon","coordinates":[[[126.036,35.065],[126.058,35.073],[126.055,35.097],[126.084,35.11],[126.112,35.135],[126.137,35.145],[126.163,35.144],[126.14,35.135],[126.12,35.133],[126.119,35.112],[126.105,35.092],[126.109,35.068],[126.1,35.047],[126.077,35.055],[126.055,35.056],[126.036,35.065]]]}},{"type":"Feature","properties":{},"geometry":{"type":"Polygon","coordinates":[[[117.163,8.289],[117.196,8.296],[117.223,8.325],[117.247,8.32],[117.258,8.293],[117.23,8.27],[117.204,8.27],[117.178,8.258],[117.163,8.289]]]}},{"type":"Feature","properties":{},"geometry":{"type":"Polygon","coordinates":[[[128.831,32.798],[128.839,32.828],[128.863,32.834],[128.864,32.812],[128.868,32.83],[128.889,32.823],[128.904,32.803],[128.892,32.783],[128.865,32.763],[128.842,32.782],[128.831,32.798]]]}},{"type":"Feature","properties":{},"geometry":{"type":"Polygon","coordinates":[[[104.385,-0.301],[104.407,-0.283],[104.429,-0.292],[104.448,-0.285],[104.474,-0.28],[104.49,-0.31],[104.47,-0.318],[104.451,-0.326],[104.426,-0.326],[104.402,-0.309],[104.385,-0.301]]]}},{"type":"Feature","properties":{},"geometry":{"type":"Polygon","coordinates":[[[89.219,21.736],[89.239,21.75],[89.267,21.757],[89.289,21.747],[89.292,21.725],[89.282,21.701],[89.262,21.704],[89.236,21.696],[89.222,21.722],[89.219,21.736]]]}},{"type":"Feature","properties":{},"geometry":{"type":"Polygon","coordinates":[[[25.728,36.365],[25.747,36.381],[25.761,36.4],[25.781,36.39],[25.803,36.38],[25.825,36.372],[25.848,36.355],[25.826,36.353],[25.793,36.344],[25.77,36.342],[25.749,36.35],[25.73,36.357],[25.728,36.365]]]}},{"type":"Feature","properties":{},"geometry":{"type":"Polygon","coordinates":[[[122.274,6.997],[122.285,6.978],[122.271,6.958],[122.252,6.955],[122.232,6.965],[122.232,6.947],[122.212,6.94],[122.193,6.927],[122.198,6.959],[122.211,6.977],[122.237,6.995],[122.267,6.999],[122.274,6.997]]]}},{"type":"Feature","properties":{},"geometry":{"type":"Polygon","coordinates":[[[97.887,10.845],[97.893,10.868],[97.909,10.887],[97.897,10.905],[97.916,10.924],[97.938,10.933],[97.958,10.934],[97.958,10.902],[97.945,10.869],[97.925,10.873],[97.912,10.855],[97.893,10.844],[97.887,10.845]]]}},{"type":"Feature","properties":{},"geometry":{"type":"Polygon","coordinates":[[[120.241,5.194],[120.257,5.22],[120.258,5.251],[120.283,5.246],[120.307,5.227],[120.307,5.204],[120.297,5.185],[120.272,5.174],[120.253,5.185],[120.257,5.203],[120.241,5.194]]]}},{"type":"Feature","properties":{},"geometry":{"type":"Polygon","coordinates":[[[117.825,2.114],[117.85,2.131],[117.897,2.125],[117.895,2.105],[117.916,2.089],[117.863,2.085],[117.825,2.114]]]}},{"type":"Feature","properties":{},"geometry":{"type":"Polygon","coordinates":[[[125.138,24.818],[125.159,24.828],[125.159,24.853],[125.182,24.858],[125.212,24.844],[125.223,24.822],[125.218,24.801],[125.183,24.807],[125.162,24.798],[125.14,24.813],[125.138,24.818]]]}},{"type":"Feature","properties":{},"geometry":{"type":"Polygon","coordinates":[[[121.52,-10.638],[121.546,-10.61],[121.573,-10.597],[121.613,-10.604],[121.636,-10.6],[121.632,-10.62],[121.613,-10.63],[121.582,-10.638],[121.543,-10.636],[121.52,-10.638]]]}},{"type":"Feature","properties":{},"geometry":{"type":"Polygon","coordinates":[[[126.482,37.477],[126.49,37.502],[126.498,37.527],[126.517,37.534],[126.542,37.524],[126.564,37.516],[126.575,37.493],[126.545,37.476],[126.518,37.471],[126.497,37.464],[126.482,37.477]]]}},{"type":"Feature","properties":{},"geometry":{"type":"Polygon","coordinates":[[[106.17,3.336],[106.188,3.348],[106.202,3.374],[106.214,3.397],[106.22,3.375],[106.225,3.35],[106.218,3.305],[106.204,3.328],[106.2,3.307],[106.18,3.317],[106.17,3.336]]]}},{"type":"Feature","properties":{},"geometry":{"type":"Polygon","coordinates":[[[123.035,-4.828],[123.057,-4.821],[123.068,-4.795],[123.101,-4.792],[123.12,-4.792],[123.12,-4.822],[123.113,-4.842],[123.095,-4.833],[123.076,-4.838],[123.056,-4.841],[123.035,-4.828]]]}},{"type":"Feature","properties":{},"geometry":{"type":"Polygon","coordinates":[[[55.678,-4.298],[55.701,-4.294],[55.724,-4.31],[55.757,-4.32],[55.778,-4.315],[55.786,-4.337],[55.765,-4.328],[55.772,-4.353],[55.743,-4.351],[55.723,-4.343],[55.707,-4.324],[55.689,-4.322],[55.682,-4.302],[55.678,-4.298]]]}},{"type":"Feature","properties":{},"geometry":{"type":"Polygon","coordinates":[[[108.0,21.398],[107.973,21.379],[107.955,21.356],[107.937,21.355],[107.918,21.358],[107.882,21.355],[107.85,21.338],[107.853,21.356],[107.879,21.356],[107.853,21.37],[107.832,21.363],[107.851,21.371],[107.877,21.378],[107.908,21.379],[107.966,21.396],[108.0,21.398]]]}},{"type":"Feature","properties":{},"geometry":{"type":"Polygon","coordinates":[[[120.744,5.516],[120.758,5.539],[120.765,5.562],[120.784,5.57],[120.809,5.562],[120.803,5.543],[120.801,5.524],[120.785,5.504],[120.764,5.495],[120.744,5.516]]]}},{"type":"Feature","properties":{},"geometry":{"type":"Polygon","coordinates":[[[117.449,3.394],[117.498,3.409],[117.499,3.383],[117.505,3.359],[117.453,3.351],[117.449,3.394]]]}},{"type":"Feature","properties":{},"geometry":{"type":"Polygon","coordinates":[[[26.0,39.844],[26.04,39.844],[26.075,39.837],[26.075,39.812],[26.062,39.787],[26.042,39.797],[26.024,39.804],[26.004,39.812],[25.984,39.819],[25.963,39.84],[26.0,39.844]]]}},{"type":"Feature","properties":{},"geometry":{"type":"Polygon","coordinates":[[[126.06,34.85],[126.087,34.862],[126.115,34.85],[126.113,34.876],[126.134,34.877],[126.154,34.871],[126.148,34.85],[126.142,34.827],[126.123,34.835],[126.124,34.812],[126.105,34.8],[126.075,34.823],[126.06,34.85]]]}},{"type":"Feature","properties":{},"geometry":{"type":"Polygon","coordinates":[[[117.259,7.059],[117.295,7.067],[117.313,7.06],[117.332,7.06],[117.34,7.041],[117.322,7.026],[117.297,7.01],[117.277,7.021],[117.276,7.045],[117.259,7.059]]]}},{"type":"Feature","properties":{},"geometry":{"type":"Polygon","coordinates":[[[72.353,-7.272],[72.378,-7.258],[72.375,-7.28],[72.43,-7.323],[72.433,-7.357],[72.418,-7.391],[72.426,-7.436],[72.445,-7.41],[72.463,-7.388],[72.486,-7.378],[72.47,-7.355],[72.47,-7.33],[72.49,-7.3],[72.458,-7.272],[72.447,-7.246],[72.467,-7.273],[72.493,-7.29],[72.492,-7.31],[72.475,-7.331],[72.475,-7.358],[72.492,-7.38],[72.448,-7.418],[72.437,-7.44],[72.419,-7.424],[72.413,-7.405],[72.428,-7.355],[72.427,-7.337],[72.353,-7.272]]]}},{"type":"Feature","properties":{},"geometry":{"type":"Polygon","coordinates":[[[24.519,36.799],[24.52,36.822],[24.545,36.832],[24.569,36.842],[24.588,36.83],[24.593,36.806],[24.573,36.775],[24.551,36.775],[24.527,36.782],[24.519,36.799]]]}},{"type":"Feature","properties":{},"geometry":{"type":"Polygon","coordinates":[[[103.737,10.473],[103.755,10.492],[103.746,10.516],[103.782,10.514],[103.8,10.476],[103.803,10.457],[103.784,10.445],[103.763,10.449],[103.737,10.473]]]}},{"type":"Feature","properties":{},"geometry":{"type":"Polygon","coordinates":[[[93.51,19.717],[93.536,19.724],[93.542,19.747],[93.57,19.752],[93.59,19.743],[93.579,19.712],[93.543,19.697],[93.53,19.676],[93.51,19.717]]]}},{"type":"Feature","properties":{},"geometry":{"type":"Polygon","coordinates":[[[128.29,-1.648],[128.297,-1.627],[128.33,-1.601],[128.355,-1.609],[128.355,-1.645],[128.334,-1.657],[128.29,-1.648]]]}},{"type":"Feature","properties":{},"geometry":{"type":"Polygon","coordinates":[[[37.0,25.412],[37.011,25.431],[36.992,25.434],[36.97,25.428],[36.975,25.451],[36.953,25.445],[36.953,25.466],[37.003,25.474],[37.005,25.448],[37.024,25.458],[37.026,25.432],[37.048,25.405],[37.026,25.414],[37.033,25.395],[37.012,25.403],[37.0,25.412]]]}},{"type":"Feature","properties":{},"geometry":{"type":"Polygon","coordinates":[[[125.45,5.435],[125.471,5.455],[125.452,5.467],[125.472,5.476],[125.47,5.495],[125.495,5.484],[125.495,5.462],[125.487,5.433],[125.48,5.396],[125.461,5.408],[125.452,5.427],[125.45,5.435]]]}},{"type":"Feature","properties":{},"geometry":{"type":"Polygon","coordinates":[[[89.202,21.657],[89.215,21.68],[89.228,21.699],[89.262,21.694],[89.292,21.691],[89.299,21.672],[89.281,21.661],[89.261,21.666],[89.247,21.646],[89.229,21.646],[89.207,21.65],[89.202,21.657]]]}},{"type":"Feature","properties":{},"geometry":{"type":"Polygon","coordinates":[[[97.892,10.419],[97.9,10.455],[97.895,10.483],[97.914,10.493],[97.908,10.465],[97.93,10.47],[97.949,10.434],[97.929,10.426],[97.909,10.421],[97.933,10.419],[97.915,10.395],[97.895,10.397],[97.892,10.419]]]}},{"type":"Feature","properties":{},"geometry":{"type":"Polygon","coordinates":[[[41.646,16.927],[41.678,16.969],[41.698,16.962],[41.717,16.945],[41.705,16.919],[41.679,16.897],[41.646,16.927]]]}},{"type":"Feature","properties":{},"geometry":{"type":"Polygon","coordinates":[[[68.39,23.441],[68.395,23.464],[68.415,23.47],[68.416,23.451],[68.444,23.47],[68.485,23.476],[68.494,23.458],[68.474,23.459],[68.452,23.45],[68.442,23.425],[68.422,23.41],[68.43,23.391],[68.409,23.412],[68.416,23.431],[68.394,23.428],[68.39,23.441]]]}},{"type":"Feature","properties":{},"geometry":{"type":"Polygon","coordinates":[[[103.072,0.741],[103.077,0.772],[103.085,0.793],[103.105,0.801],[103.12,0.77],[103.119,0.738],[103.102,0.716],[103.083,0.718],[103.072,0.741]]]}},{"type":"Feature","properties":{},"geometry":{"type":"Polygon","coordinates":[[[104.508,0.761],[104.523,0.783],[104.545,0.797],[104.57,0.795],[104.593,0.793],[104.622,0.785],[104.596,0.753],[104.583,0.771],[104.552,0.773],[104.533,0.761],[104.515,0.742],[104.508,0.761]]]}},{"type":"Feature","properties":{},"geometry":{"type":"Polygon","coordinates":[[[88.303,21.702],[88.329,21.7],[88.352,21.679],[88.345,21.659],[88.35,21.634],[88.335,21.614],[88.312,21.605],[88.308,21.631],[88.316,21.657],[88.303,21.702]]]}},{"type":"Feature","properties":{},"geometry":{"type":"Polygon","coordinates":[[[25.077,36.998],[25.06,36.968],[25.071,36.95],[25.05,36.956],[25.025,36.973],[25.021,37.001],[25.037,37.022],[25.061,37.039],[25.082,37.05],[25.08,37.032],[25.075,37.007],[25.077,36.998]]]}},{"type":"Feature","properties":{},"geometry":{"type":"Polygon","coordinates":[[[126.155,35.089],[126.176,35.105],[126.196,35.095],[126.217,35.104],[126.24,35.1],[126.215,35.077],[126.239,35.06],[126.259,35.051],[126.264,35.032],[126.242,35.035],[126.238,35.056],[126.205,35.055],[126.187,35.066],[126.166,35.067],[126.155,35.089]]]}},{"type":"Feature","properties":{},"geometry":{"type":"Polygon","coordinates":[[[125.115,1.807],[125.134,1.817],[125.131,1.837],[125.155,1.812],[125.185,1.798],[125.182,1.773],[125.158,1.768],[125.16,1.749],[125.134,1.75],[125.13,1.782],[125.115,1.807]]]}},{"type":"Feature","properties":{},"geometry":{"type":"Polygon","coordinates":[[[120.794,5.672],[120.8,5.696],[120.833,5.711],[120.89,5.693],[120.872,5.686],[120.858,5.665],[120.837,5.665],[120.804,5.662],[120.794,5.672]]]}},{"type":"Feature","properties":{},"geometry":{"type":"Polygon","coordinates":[[[98.568,8.115],[98.592,8.118],[98.605,8.152],[98.624,8.173],[98.642,8.177],[98.64,8.154],[98.627,8.128],[98.627,8.107],[98.621,8.079],[98.602,8.099],[98.568,8.115]]]}},{"type":"Feature","properties":{},"geometry":{"type":"Polygon","coordinates":[[[26.526,37.294],[26.53,37.317],[26.544,37.335],[26.534,37.353],[26.534,37.379],[26.561,37.371],[26.597,37.365],[26.616,37.34],[26.577,37.35],[26.558,37.342],[26.555,37.323],[26.574,37.308],[26.563,37.287],[26.558,37.269],[26.556,37.287],[26.53,37.287],[26.526,37.294]]]}},{"type":"Feature","properties":{},"geometry":{"type":"Polygon","coordinates":[[[121.781,29.127],[121.787,29.152],[121.813,29.152],[121.839,29.14],[121.869,29.146],[121.872,29.127],[121.877,29.109],[121.858,29.091],[121.839,29.095],[121.806,29.118],[121.785,29.116],[121.781,29.127]]]}},{"type":"Feature","properties":{},"geometry":{"type":"Polygon","coordinates":[[[124.819,11.684],[124.82,11.706],[124.842,11.691],[124.86,11.692],[124.879,11.68],[124.883,11.657],[124.877,11.631],[124.858,11.62],[124.839,11.628],[124.83,11.658],[124.825,11.677],[124.819,11.684]]]}},{"type":"Feature","properties":{},"geometry":{"type":"Polygon","coordinates":[[[128.343,-15.006],[128.349,-15.031],[128.36,-15.051],[128.329,-15.028],[128.317,-14.997],[128.295,-14.969],[128.298,-14.939],[128.321,-14.927],[128.329,-14.973],[128.343,-15.0],[128.343,-15.006]]]}},{"type":"Feature","properties":{},"geometry":{"type":"Polygon","coordinates":[[[127.75,2.262],[127.764,2.282],[127.808,2.273],[127.818,2.241],[127.803,2.222],[127.77,2.216],[127.768,2.238],[127.766,2.259],[127.75,2.262]]]}},{"type":"Feature","properties":{},"geometry":{"type":"Polygon","coordinates":[[[123.595,13.948],[123.617,13.953],[123.635,13.955],[123.656,13.948],[123.648,13.973],[123.669,13.969],[123.679,13.947],[123.656,13.935],[123.636,13.915],[123.616,13.909],[123.604,13.928],[123.595,13.948]]]}},{"type":"Feature","properties":{},"geometry":{"type":"Polygon","coordinates":[[[126.532,37.194],[126.543,37.215],[126.565,37.237],[126.563,37.255],[126.547,37.28],[126.578,37.294],[126.569,37.272],[126.592,37.264],[126.617,37.258],[126.619,37.235],[126.598,37.227],[126.578,37.22],[126.57,37.198],[126.546,37.205],[126.532,37.194]]]}},{"type":"Feature","properties":{},"geometry":{"type":"Polygon","coordinates":[[[124.492,10.743],[124.5,10.763],[124.525,10.795],[124.559,10.815],[124.565,10.797],[124.555,10.773],[124.53,10.742],[124.499,10.729],[124.492,10.743]]]}},{"type":"Feature","properties":{},"geometry":{"type":"Polygon","coordinates":[[[113.214,21.909],[113.229,21.935],[113.248,21.938],[113.266,21.945],[113.279,21.922],[113.284,21.896],[113.26,21.878],[113.24,21.884],[113.229,21.902],[113.214,21.909]]]}},{"type":"Feature","properties":{},"geometry":{"type":"Polygon","coordinates":[[[122.273,30.241],[122.295,30.249],[122.314,30.255],[122.321,30.274],[122.346,30.272],[122.375,30.277],[122.4,30.28],[122.407,30.259],[122.407,30.238],[122.387,30.241],[122.388,30.262],[122.37,30.255],[122.347,30.248],[122.326,30.235],[122.307,30.243],[122.282,30.232],[122.273,30.241]]]}},{"type":"Feature","properties":{},"geometry":{"type":"Polygon","coordinates":[[[121.381,-4.111],[121.402,-4.11],[121.41,-4.085],[121.414,-4.107],[121.437,-4.115],[121.457,-4.102],[121.459,-4.132],[121.437,-4.127],[121.436,-4.156],[121.411,-4.155],[121.387,-4.169],[121.392,-4.149],[121.393,-4.122],[121.381,-4.111]]]}},{"type":"Feature","properties":{},"geometry":{"type":"Polygon","coordinates":[[[49.463,27.232],[49.481,27.259],[49.473,27.281],[49.493,27.29],[49.502,27.266],[49.509,27.23],[49.531,27.232],[49.551,27.205],[49.525,27.2],[49.498,27.225],[49.48,27.234],[49.463,27.232]]]}},{"type":"Feature","properties":{},"geometry":{"type":"Polygon","coordinates":[[[109.235,12.223],[109.257,12.223],[109.282,12.226],[109.302,12.229],[109.323,12.225],[109.333,12.207],[109.329,12.182],[109.301,12.191],[109.278,12.186],[109.253,12.206],[109.235,12.223]]]}},{"type":"Feature","properties":{},"geometry":{"type":"Polygon","coordinates":[[[90.915,22.131],[90.915,22.168],[90.93,22.211],[90.957,22.188],[90.955,22.163],[90.944,22.126],[90.922,22.12],[90.915,22.131]]]}},{"type":"Feature","properties":{},"geometry":{"type":"Polygon","coordinates":[[[126.503,34.142],[126.505,34.162],[126.531,34.177],[126.553,34.178],[126.572,34.165],[126.598,34.17],[126.621,34.167],[126.605,34.148],[126.585,34.154],[126.566,34.146],[126.546,34.128],[126.527,34.122],[126.503,34.142]]]}},{"type":"Feature","properties":{},"geometry":{"type":"Polygon","coordinates":[[[107.53,0.999],[107.535,1.024],[107.565,1.022],[107.585,1.017],[107.6,0.997],[107.584,0.977],[107.563,0.956],[107.559,0.977],[107.562,1.0],[107.546,0.975],[107.553,0.994],[107.534,1.0],[107.53,0.999]]]}},{"type":"Feature","properties":{},"geometry":{"type":"Polygon","coordinates":[[[126.846,34.174],[126.856,34.193],[126.873,34.214],[126.897,34.214],[126.912,34.195],[126.932,34.19],[126.921,34.172],[126.909,34.151],[126.882,34.15],[126.86,34.164],[126.846,34.174]]]}},{"type":"Feature","properties":{},"geometry":{"type":"Polygon","coordinates":[[[128.999,32.93],[129.017,32.919],[129.029,32.9],[129.03,32.877],[129.029,32.856],[129.011,32.866],[128.987,32.867],[128.966,32.872],[128.965,32.896],[128.985,32.895],[128.976,32.919],[128.999,32.93]]]}},{"type":"Feature","properties":{},"geometry":{"type":"Polygon","coordinates":[[[110.41,20.652],[110.431,20.66],[110.449,20.654],[110.468,20.657],[110.482,20.624],[110.479,20.593],[110.454,20.585],[110.442,20.604],[110.438,20.64],[110.414,20.644],[110.41,20.652]]]}},{"type":"Feature","properties":{},"geometry":{"type":"Polygon","coordinates":[[[121.835,20.324],[121.841,20.355],[121.871,20.342],[121.888,20.315],[121.885,20.288],[121.86,20.274],[121.84,20.283],[121.835,20.324]]]}},{"type":"Feature","properties":{},"geometry":{"type":"Polygon","coordinates":[[[53.222,24.287],[53.254,24.3],[53.29,24.305],[53.326,24.31],[53.349,24.302],[53.329,24.282],[53.333,24.257],[53.315,24.277],[53.284,24.287],[53.265,24.265],[53.246,24.265],[53.226,24.279],[53.222,24.287]]]}},{"type":"Feature","properties":{},"geometry":{"type":"Polygon","coordinates":[[[104.777,-5.778],[104.799,-5.769],[104.826,-5.79],[104.846,-5.801],[104.854,-5.834],[104.831,-5.833],[104.812,-5.828],[104.801,-5.803],[104.777,-5.778]]]}},{"type":"Feature","properties":{},"geometry":{"type":"Polygon","coordinates":[[[102.82,0.271],[102.84,0.288],[102.896,0.305],[102.931,0.32],[102.915,0.295],[102.886,0.275],[102.853,0.26],[102.831,0.26],[102.82,0.271]]]}},{"type":"Feature","properties":{},"geometry":{"type":"Polygon","coordinates":[[[99.369,7.223],[99.37,7.264],[99.389,7.281],[99.401,7.261],[99.429,7.267],[99.455,7.253],[99.413,7.24],[99.398,7.21],[99.369,7.223]]]}},{"type":"Feature","properties":{},"geometry":{"type":"Polygon","coordinates":[[[116.81,-20.513],[116.82,-20.49],[116.833,-20.465],[116.847,-20.442],[116.88,-20.419],[116.872,-20.441],[116.86,-20.464],[116.855,-20.485],[116.882,-20.476],[116.87,-20.506],[116.829,-20.515],[116.81,-20.513]]]}},{"type":"Feature","properties":{},"geometry":{"type":"Polygon","coordinates":[[[124.131,12.458],[124.137,12.483],[124.156,12.466],[124.18,12.427],[124.19,12.394],[124.148,12.412],[124.136,12.435],[124.131,12.458]]]}},{"type":"Feature","properties":{},"geometry":{"type":"Polygon","coordinates":[[[108.0,4.744],[107.993,4.726],[107.99,4.707],[107.98,4.687],[107.931,4.69],[107.955,4.71],[107.978,4.75],[107.996,4.777],[108.0,4.744]]]}},{"type":"Feature","properties":{},"geometry":{"type":"Polygon","coordinates":[[[40.123,16.12],[40.146,16.135],[40.16,16.157],[40.164,16.191],[40.199,16.167],[40.171,16.154],[40.156,16.13],[40.166,16.097],[40.136,16.087],[40.123,16.12]]]}},{"type":"Feature","properties":{},"geometry":{"type":"Polygon","coordinates":[[[91.853,21.672],[91.862,21.698],[91.857,21.675],[91.864,21.694],[91.877,21.732],[91.885,21.754],[91.912,21.756],[91.906,21.733],[91.91,21.713],[91.886,21.695],[91.887,21.646],[91.866,21.658],[91.853,21.672]]]}},{"type":"Feature","properties":{},"geometry":{"type":"Polygon","coordinates":[[[88.18,21.689],[88.188,21.71],[88.216,21.704],[88.197,21.691],[88.208,21.67],[88.233,21.643],[88.211,21.62],[88.213,21.595],[88.188,21.649],[88.18,21.689]]]}},{"type":"Feature","properties":{},"geometry":{"type":"Polygon","coordinates":[[[37.617,18.872],[37.649,18.835],[37.694,18.801],[37.644,18.809],[37.612,18.84],[37.571,18.842],[37.598,18.874],[37.617,18.872]]]}},{"type":"Feature","properties":{},"geometry":{"type":"Polygon","coordinates":[[[129.834,29.859],[129.852,29.883],[129.871,29.875],[129.892,29.869],[129.894,29.843],[129.918,29.822],[129.896,29.82],[129.865,29.816],[129.85,29.838],[129.834,29.859]]]}},{"type":"Feature","properties":{},"geometry":{"type":"Polygon","coordinates":[[[55.843,26.621],[55.857,26.649],[55.875,26.672],[55.909,26.672],[55.896,26.622],[55.866,26.613],[55.843,26.621]]]}},{"type":"Feature","properties":{},"geometry":{"type":"Polygon","coordinates":[[[24.035,34.854],[24.059,34.858],[24.082,34.869],[24.105,34.869],[24.125,34.855],[24.112,34.833],[24.134,34.807],[24.108,34.81],[24.087,34.818],[24.051,34.839],[24.035,34.854]]]}},{"type":"Feature","properties":{},"geometry":{"type":"Polygon","coordinates":[[[126.0,9.714],[126.018,9.72],[126.026,9.74],[126.051,9.735],[126.07,9.731],[126.07,9.712],[126.046,9.709],[126.022,9.708],[126.012,9.69],[125.993,9.694],[125.97,9.695],[125.964,9.717],[125.979,9.739],[125.997,9.731],[126.0,9.714]]]}},{"type":"Feature","properties":{},"geometry":{"type":"Polygon","coordinates":[[[125.025,12.659],[125.035,12.68],[125.063,12.688],[125.072,12.665],[125.074,12.644],[125.082,12.619],[125.054,12.605],[125.036,12.616],[125.057,12.64],[125.027,12.65],[125.025,12.659]]]}},{"type":"Feature","properties":{},"geometry":{"type":"Polygon","coordinates":[[[24.837,36.658],[24.863,36.666],[24.905,36.641],[24.928,36.636],[24.952,36.622],[24.961,36.602],[24.912,36.597],[24.893,36.63],[24.861,36.63],[24.837,36.658]]]}},{"type":"Feature","properties":{},"geometry":{"type":"Polygon","coordinates":[[[92.328,20.999],[92.347,20.992],[92.347,20.97],[92.363,20.942],[92.342,20.932],[92.329,20.912],[92.308,20.921],[92.317,20.951],[92.31,20.978],[92.328,20.999]]]}},{"type":"Feature","properties":{},"geometry":{"type":"Polygon","coordinates":[[[122.28,-3.588],[122.282,-3.568],[122.299,-3.543],[122.327,-3.534],[122.347,-3.545],[122.338,-3.566],[122.365,-3.578],[122.342,-3.581],[122.319,-3.585],[122.293,-3.584],[122.28,-3.588]]]}},{"type":"Feature","properties":{},"geometry":{"type":"Polygon","coordinates":[[[126.751,34.335],[126.777,34.334],[126.801,34.335],[126.832,34.36],[126.854,34.352],[126.875,34.35],[126.893,34.346],[126.881,34.327],[126.863,34.322],[126.848,34.3],[126.83,34.326],[126.806,34.327],[126.787,34.324],[126.762,34.334],[126.751,34.335]]]}},{"type":"Feature","properties":{},"geometry":{"type":"Polygon","coordinates":[[[93.406,19.739],[93.426,19.747],[93.456,19.731],[93.478,19.718],[93.502,19.703],[93.501,19.678],[93.477,19.69],[93.455,19.69],[93.439,19.715],[93.418,19.721],[93.406,19.739]]]}},{"type":"Feature","properties":{},"geometry":{"type":"Polygon","coordinates":[[[124.788,-15.286],[124.789,-15.262],[124.805,-15.233],[124.827,-15.242],[124.846,-15.244],[124.853,-15.263],[124.834,-15.275],[124.81,-15.291],[124.788,-15.286]]]}},{"type":"Feature","properties":{},"geometry":{"type":"Polygon","coordinates":[[[118.532,5.65],[118.552,5.678],[118.577,5.69],[118.607,5.663],[118.599,5.641],[118.578,5.634],[118.558,5.642],[118.535,5.638],[118.532,5.65]]]}},{"type":"Feature","properties":{},"geometry":{"type":"Polygon","coordinates":[[[93.008,12.129],[93.013,12.148],[93.035,12.164],[93.033,12.141],[93.04,12.12],[93.04,12.102],[93.057,12.077],[93.056,12.058],[93.03,12.07],[93.016,12.096],[93.014,12.118],[93.008,12.129]]]}},{"type":"Feature","properties":{},"geometry":{"type":"Polygon","coordinates":[[[41.719,16.732],[41.742,16.74],[41.792,16.735],[41.812,16.706],[41.83,16.687],[41.811,16.692],[41.757,16.704],[41.735,16.715],[41.719,16.732]]]}},{"type":"Feature","properties":{},"geometry":{"type":"Polygon","coordinates":[[[124.77,38.521],[124.777,38.54],[124.804,38.54],[124.819,38.56],[124.848,38.549],[124.874,38.543],[124.888,38.518],[124.868,38.499],[124.84,38.515],[124.822,38.527],[124.803,38.521],[124.774,38.515],[124.77,38.521]]]}},{"type":"Feature","properties":{},"geometry":{"type":"Polygon","coordinates":[[[104.211,0.701],[104.212,0.719],[104.258,0.681],[104.281,0.674],[104.287,0.65],[104.288,0.621],[104.267,0.624],[104.254,0.649],[104.247,0.671],[104.228,0.689],[104.211,0.701]]]}},{"type":"Feature","properties":{},"geometry":{"type":"Polygon","coordinates":[[[26.472,37.572],[26.475,37.592],[26.496,37.583],[26.518,37.597],[26.515,37.622],[26.496,37.634],[26.508,37.655],[26.529,37.644],[26.53,37.622],[26.535,37.6],[26.516,37.581],[26.497,37.576],[26.509,37.553],[26.514,37.531],[26.495,37.534],[26.485,37.552],[26.472,37.572]]]}},{"type":"Feature","properties":{},"geometry":{"type":"Polygon","coordinates":[[[120.825,13.687],[120.854,13.671],[120.877,13.665],[120.902,13.66],[120.932,13.658],[120.945,13.639],[120.906,13.626],[120.872,13.635],[120.846,13.655],[120.834,13.676],[120.825,13.687]]]}},{"type":"Feature","properties":{},"geometry":{"type":"Polygon","coordinates":[[[94.0,19.185],[93.99,19.229],[93.99,19.25],[94.008,19.255],[94.027,19.273],[94.035,19.223],[94.033,19.204],[94.018,19.181],[94.0,19.185]]]}},{"type":"Feature","properties":{},"geometry":{"type":"Polygon","coordinates":[[[113.326,22.217],[113.341,22.24],[113.37,22.233],[113.392,22.198],[113.387,22.179],[113.367,22.174],[113.326,22.217]]]}},{"type":"Feature","properties":{},"geometry":{"type":"Polygon","coordinates":[[[103.501,-0.119],[103.512,-0.096],[103.547,-0.078],[103.575,-0.074],[103.591,-0.093],[103.543,-0.122],[103.501,-0.119]]]}},{"type":"Feature","properties":{},"geometry":{"type":"Polygon","coordinates":[[[120.879,5.707],[120.882,5.73],[120.894,5.756],[120.923,5.757],[120.935,5.737],[120.935,5.719],[120.909,5.704],[120.879,5.707]]]}},{"type":"Feature","properties":{},"geometry":{"type":"Polygon","coordinates":[[[116.462,-20.608],[116.475,-20.587],[116.493,-20.583],[116.52,-20.597],[116.539,-20.575],[116.562,-20.571],[116.58,-20.572],[116.569,-20.591],[116.548,-20.589],[116.547,-20.618],[116.526,-20.616],[116.507,-20.619],[116.484,-20.615],[116.466,-20.613],[116.462,-20.608]]]}},{"type":"Feature","properties":{},"geometry":{"type":"Polygon","coordinates":[[[129.477,-14.054],[129.504,-14.069],[129.525,-14.063],[129.536,-14.084],[129.532,-14.107],[129.532,-14.128],[129.513,-14.135],[129.503,-14.092],[129.487,-14.067],[129.477,-14.054]]]}},{"type":"Feature","properties":{},"geometry":{"type":"Polygon","coordinates":[[[103.025,0.642],[103.033,0.662],[103.07,0.62],[103.084,0.588],[103.068,0.562],[103.047,0.606],[103.025,0.642]]]}},{"type":"Feature","properties":{},"geometry":{"type":"Polygon","coordinates":[[[54.275,24.366],[54.299,24.37],[54.312,24.349],[54.29,24.378],[54.353,24.348],[54.331,24.335],[54.316,24.312],[54.294,24.337],[54.283,24.36],[54.275,24.366]]]}},{"type":"Feature","properties":{},"geometry":{"type":"Polygon","coordinates":[[[117.705,-8.499],[117.727,-8.48],[117.735,-8.506],[117.737,-8.524],[117.757,-8.543],[117.778,-8.555],[117.798,-8.549],[117.771,-8.555],[117.749,-8.571],[117.73,-8.548],[117.713,-8.524],[117.705,-8.499]]]}},{"type":"Feature","properties":{},"geometry":{"type":"Polygon","coordinates":[[[104.792,1.0],[104.788,1.018],[104.848,1.016],[104.845,0.995],[104.848,0.975],[104.824,0.955],[104.825,0.976],[104.806,0.986],[104.792,1.0]]]}},{"type":"Feature","properties":{},"geometry":{"type":"Polygon","coordinates":[[[119.248,-5.513],[119.252,-5.493],[119.276,-5.504],[119.273,-5.481],[119.296,-5.475],[119.297,-5.497],[119.318,-5.502],[119.311,-5.523],[119.285,-5.54],[119.267,-5.532],[119.248,-5.513]]]}},{"type":"Feature","properties":{},"geometry":{"type":"Polygon","coordinates":[[[124.999,12.64],[125.015,12.617],[125.017,12.598],[125.04,12.585],[125.06,12.584],[125.06,12.566],[125.029,12.555],[125.002,12.574],[124.998,12.606],[124.991,12.628],[124.999,12.64]]]}},{"type":"Feature","properties":{},"geometry":{"type":"Polygon","coordinates":[[[106.184,10.153],[106.186,10.173],[106.212,10.156],[106.231,10.133],[106.247,10.107],[106.268,10.085],[106.216,10.11],[106.189,10.141],[106.184,10.153]]]}},{"type":"Feature","properties":{},"geometry":{"type":"Polygon","coordinates":[[[113.464,22.097],[113.481,22.118],[113.505,22.126],[113.533,22.127],[113.538,22.108],[113.547,22.086],[113.517,22.083],[113.497,22.072],[113.477,22.086],[113.464,22.097]]]}},{"type":"Feature","properties":{},"geometry":{"type":"Polygon","coordinates":[[[117.0,8.095],[117.025,8.134],[117.051,8.122],[117.051,8.103],[117.052,8.085],[117.018,8.075],[117.009,8.096],[117.0,8.095]]]}},{"type":"Feature","properties":{},"geometry":{"type":"Polygon","coordinates":[[[126.025,34.535],[126.047,34.54],[126.04,34.558],[126.058,34.564],[126.078,34.567],[126.085,34.587],[126.068,34.612],[126.05,34.62],[126.072,34.629],[126.093,34.607],[126.112,34.588],[126.096,34.57],[126.087,34.545],[126.068,34.538],[126.042,34.53],[126.025,34.535]]]}},{"type":"Feature","properties":{},"geometry":{"type":"Polygon","coordinates":[[[40.155,15.671],[40.167,15.692],[40.188,15.71],[40.178,15.732],[40.205,15.739],[40.215,15.718],[40.21,15.673],[40.168,15.66],[40.155,15.671]]]}},{"type":"Feature","properties":{},"geometry":{"type":"Polygon","coordinates":[[[119.552,11.156],[119.555,11.174],[119.588,11.176],[119.597,11.198],[119.621,11.191],[119.623,11.164],[119.6,11.16],[119.592,11.142],[119.572,11.14],[119.552,11.156]]]}},{"type":"Feature","properties":{},"geometry":{"type":"Polygon","coordinates":[[[47.57,-14.554],[47.577,-14.524],[47.599,-14.505],[47.6,-14.541],[47.623,-14.547],[47.63,-14.568],[47.608,-14.58],[47.579,-14.585],[47.574,-14.556],[47.57,-14.554]]]}},{"type":"Feature","properties":{},"geometry":{"type":"Polygon","coordinates":[[[99.274,6.563],[99.293,6.57],[99.318,6.567],[99.326,6.527],[99.306,6.51],[99.285,6.509],[99.286,6.527],[99.274,6.563]]]}},{"type":"Feature","properties":{},"geometry":{"type":"Polygon","coordinates":[[[118.0,5.747],[117.969,5.748],[117.954,5.78],[117.928,5.78],[117.972,5.795],[117.98,5.776],[118.002,5.776],[118.021,5.776],[118.01,5.755],[118.0,5.747]]]}},{"type":"Feature","properties":{},"geometry":{"type":"Polygon","coordinates":[[[115.757,-4.834],[115.77,-4.814],[115.783,-4.792],[115.84,-4.75],[115.831,-4.772],[115.836,-4.791],[115.817,-4.805],[115.788,-4.823],[115.765,-4.835],[115.757,-4.834]]]}},{"type":"Feature","properties":{},"geometry":{"type":"Polygon","coordinates":[[[113.185,21.999],[113.189,22.028],[113.222,22.033],[113.245,22.041],[113.238,22.022],[113.237,22.001],[113.217,21.993],[113.197,21.986],[113.201,21.967],[113.179,21.965],[113.19,21.993],[113.185,21.999]]]}},{"type":"Feature","properties":{},"geometry":{"type":"Polygon","coordinates":[[[46.242,-9.368],[46.272,-9.367],[46.305,-9.364],[46.333,-9.364],[46.367,-9.365],[46.393,-9.363],[46.432,-9.369],[46.414,-9.381],[46.387,-9.383],[46.368,-9.383],[46.346,-9.381],[46.327,-9.378],[46.304,-9.378],[46.283,-9.373],[46.264,-9.37],[46.246,-9.37],[46.242,-9.368]]]}},{"type":"Feature","properties":{},"geometry":{"type":"Polygon","coordinates":[[[127.696,34.538],[127.726,34.55],[127.752,34.551],[127.768,34.531],[127.782,34.512],[127.799,34.494],[127.763,34.49],[127.738,34.501],[127.731,34.527],[127.712,34.529],[127.696,34.538]]]}},{"type":"Feature","properties":{},"geometry":{"type":"Polygon","coordinates":[[[127.188,-0.12],[127.21,-0.114],[127.22,-0.092],[127.238,-0.08],[127.26,-0.075],[127.258,-0.097],[127.256,-0.119],[127.223,-0.14],[127.188,-0.12]]]}},{"type":"Feature","properties":{},"geometry":{"type":"Polygon","coordinates":[[[124.29,11.79],[124.299,11.809],[124.323,11.816],[124.343,11.814],[124.35,11.78],[124.321,11.76],[124.29,11.79]]]}},{"type":"Feature","properties":{},"geometry":{"type":"Polygon","coordinates":[[[121.536,11.95],[121.556,11.965],[121.58,11.937],[121.585,11.916],[121.58,11.897],[121.554,11.889],[121.537,11.911],[121.546,11.939],[121.536,11.95]]]}},{"type":"Feature","properties":{},"geometry":{"type":"Polygon","coordinates":[[[126.351,-1.825],[126.378,-1.82],[126.403,-1.813],[126.423,-1.814],[126.457,-1.799],[126.48,-1.805],[126.462,-1.807],[126.485,-1.819],[126.463,-1.839],[126.442,-1.833],[126.418,-1.827],[126.395,-1.835],[126.357,-1.829],[126.351,-1.825]]]}},{"type":"Feature","properties":{},"geometry":{"type":"Polygon","coordinates":[[[37.246,20.757],[37.249,20.819],[37.259,20.84],[37.279,20.841],[37.28,20.821],[37.277,20.801],[37.273,20.763],[37.255,20.752],[37.246,20.757]]]}},{"type":"Feature","properties":{},"geometry":{"type":"Polygon","coordinates":[[[124.143,12.047],[124.168,12.08],[124.193,12.08],[124.218,12.086],[124.238,12.067],[124.217,12.061],[124.198,12.05],[124.179,12.048],[124.158,12.045],[124.143,12.047]]]}},{"type":"Feature","properties":{},"geometry":{"type":"Polygon","coordinates":[[[120.258,13.813],[120.282,13.816],[120.283,13.837],[120.304,13.833],[120.325,13.822],[120.33,13.802],[120.313,13.784],[120.295,13.78],[120.275,13.79],[120.27,13.809],[120.258,13.813]]]}},{"type":"Feature","properties":{},"geometry":{"type":"Polygon","coordinates":[[[88.134,21.998],[88.127,21.979],[88.098,21.947],[88.076,21.951],[88.084,21.986],[88.119,22.016],[88.143,22.028],[88.136,22.009],[88.134,21.998]]]}},{"type":"Feature","properties":{},"geometry":{"type":"Polygon","coordinates":[[[95.113,5.608],[95.139,5.643],[95.13,5.664],[95.151,5.667],[95.153,5.647],[95.175,5.628],[95.152,5.6],[95.13,5.611],[95.113,5.608]]]}},{"type":"Feature","properties":{},"geometry":{"type":"Polygon","coordinates":[[[129.573,-14.806],[129.61,-14.82],[129.63,-14.84],[129.635,-14.873],[129.615,-14.883],[129.589,-14.844],[129.573,-14.806]]]}},{"type":"Feature","properties":{},"geometry":{"type":"Polygon","coordinates":[[[122.031,12.952],[122.054,12.961],[122.079,12.965],[122.099,12.959],[122.096,12.939],[122.089,12.921],[122.07,12.91],[122.047,12.92],[122.05,12.94],[122.031,12.952]]]}},{"type":"Feature","properties":{},"geometry":{"type":"Polygon","coordinates":[[[121.039,27.95],[121.048,27.972],[121.072,27.988],[121.092,27.986],[121.112,27.986],[121.132,27.977],[121.144,27.956],[121.113,27.946],[121.092,27.94],[121.087,27.96],[121.054,27.954],[121.039,27.95]]]}},{"type":"Feature","properties":{},"geometry":{"type":"Polygon","coordinates":[[[127.449,34.449],[127.454,34.476],[127.489,34.466],[127.516,34.462],[127.539,34.45],[127.533,34.424],[127.49,34.411],[127.493,34.43],[127.465,34.439],[127.486,34.449],[127.466,34.45],[127.449,34.449]]]}},{"type":"Feature","properties":{},"geometry":{"type":"Polygon","coordinates":[[[103.801,0.995],[103.81,0.967],[103.78,0.982],[103.779,1.01],[103.759,1.009],[103.754,1.03],[103.773,1.037],[103.793,1.052],[103.805,1.027],[103.8,1.007],[103.801,0.995]]]}},{"type":"Feature","properties":{},"geometry":{"type":"Polygon","coordinates":[[[122.493,39.297],[122.517,39.304],[122.539,39.307],[122.543,39.285],[122.563,39.303],[122.577,39.28],[122.622,39.279],[122.641,39.286],[122.659,39.273],[122.682,39.269],[122.661,39.254],[122.641,39.264],[122.619,39.262],[122.592,39.266],[122.571,39.26],[122.544,39.274],[122.505,39.287],[122.493,39.297]]]}},{"type":"Feature","properties":{},"geometry":{"type":"Polygon","coordinates":[[[98.006,9.818],[98.014,9.839],[98.032,9.834],[98.052,9.83],[98.065,9.809],[98.05,9.785],[98.03,9.787],[98.01,9.796],[98.006,9.818]]]}},{"type":"Feature","properties":{},"geometry":{"type":"Polygon","coordinates":[[[42.375,15.743],[42.397,15.741],[42.433,15.728],[42.46,15.719],[42.482,15.719],[42.454,15.701],[42.421,15.71],[42.401,15.71],[42.376,15.717],[42.375,15.743]]]}},{"type":"Feature","properties":{},"geometry":{"type":"Polygon","coordinates":[[[90.938,22.229],[90.95,22.257],[90.956,22.277],[90.964,22.314],[90.961,22.358],[90.98,22.358],[90.988,22.335],[90.985,22.302],[90.97,22.264],[90.953,22.243],[90.95,22.225],[90.938,22.229]]]}},{"type":"Feature","properties":{},"geometry":{"type":"Polygon","coordinates":[[[122.998,24.435],[122.975,24.435],[122.949,24.44],[122.956,24.462],[122.977,24.464],[122.995,24.469],[123.045,24.457],[123.017,24.435],[122.998,24.435]]]}},{"type":"Feature","properties":{},"geometry":{"type":"Polygon","coordinates":[[[88.484,21.556],[88.487,21.583],[88.507,21.592],[88.536,21.579],[88.531,21.551],[88.528,21.529],[88.493,21.542],[88.484,21.556]]]}},{"type":"Feature","properties":{},"geometry":{"type":"Polygon","coordinates":[[[125.669,6.948],[125.682,6.967],[125.71,6.96],[125.723,6.939],[125.722,6.918],[125.692,6.907],[125.669,6.948]]]}},{"type":"Feature","properties":{},"geometry":{"type":"Polygon","coordinates":[[[124.24,12.445],[124.279,12.417],[124.283,12.383],[124.272,12.364],[124.254,12.387],[124.246,12.409],[124.24,12.445]]]}},{"type":"Feature","properties":{},"geometry":{"type":"Polygon","coordinates":[[[121.908,12.066],[121.913,12.087],[121.933,12.1],[121.952,12.078],[121.957,12.052],[121.949,12.033],[121.923,12.044],[121.908,12.066]]]}},{"type":"Feature","properties":{},"geometry":{"type":"Polygon","coordinates":[[[118.555,2.281],[118.557,2.311],[118.58,2.3],[118.595,2.281],[118.634,2.257],[118.612,2.265],[118.584,2.283],[118.568,2.305],[118.569,2.251],[118.591,2.218],[118.621,2.192],[118.642,2.179],[118.611,2.187],[118.584,2.208],[118.562,2.239],[118.555,2.281]]]}},{"type":"Feature","properties":{},"geometry":{"type":"Polygon","coordinates":[[[105.851,9.986],[105.905,9.971],[105.935,9.948],[105.955,9.917],[105.98,9.887],[105.922,9.935],[105.9,9.941],[105.851,9.986]]]}},{"type":"Feature","properties":{},"geometry":{"type":"Polygon","coordinates":[[[122.31,39.182],[122.332,39.184],[122.371,39.202],[122.4,39.216],[122.38,39.192],[122.391,39.169],[122.362,39.171],[122.342,39.143],[122.323,39.156],[122.31,39.182]]]}},{"type":"Feature","properties":{},"geometry":{"type":"Polygon","coordinates":[[[52.275,24.515],[52.288,24.537],[52.308,24.549],[52.33,24.523],[52.331,24.504],[52.317,24.484],[52.31,24.465],[52.295,24.491],[52.275,24.515]]]}},{"type":"Feature","properties":{},"geometry":{"type":"Polygon","coordinates":[[[124.314,-8.3],[124.336,-8.278],[124.355,-8.277],[124.376,-8.299],[124.363,-8.327],[124.328,-8.325],[124.314,-8.3]]]}},{"type":"Feature","properties":{},"geometry":{"type":"Polygon","coordinates":[[[98.436,12.342],[98.445,12.363],[98.469,12.398],[98.49,12.383],[98.496,12.362],[98.478,12.344],[98.46,12.331],[98.441,12.335],[98.436,12.342]]]}},{"type":"Feature","properties":{},"geometry":{"type":"Polygon","coordinates":[[[27.516,36.224],[27.536,36.242],[27.557,36.239],[27.575,36.246],[27.598,36.25],[27.618,36.245],[27.626,36.227],[27.607,36.216],[27.586,36.216],[27.565,36.219],[27.545,36.215],[27.52,36.207],[27.516,36.224]]]}},{"type":"Feature","properties":{},"geometry":{"type":"Polygon","coordinates":[[[127.391,-1.145],[127.417,-1.135],[127.43,-1.174],[127.435,-1.207],[127.417,-1.217],[127.4,-1.196],[127.405,-1.159],[127.391,-1.145]]]}},{"type":"Feature","properties":{},"geometry":{"type":"Polygon","coordinates":[[[119.268,-8.403],[119.288,-8.421],[119.316,-8.411],[119.34,-8.433],[119.327,-8.458],[119.312,-8.437],[119.299,-8.463],[119.278,-8.455],[119.275,-8.433],[119.275,-8.415],[119.268,-8.403]]]}},{"type":"Feature","properties":{},"geometry":{"type":"Polygon","coordinates":[[[110.133,-2.894],[110.157,-2.88],[110.159,-2.859],[110.18,-2.863],[110.2,-2.883],[110.194,-2.905],[110.175,-2.916],[110.157,-2.901],[110.137,-2.902],[110.133,-2.894]]]}},{"type":"Feature","properties":{},"geometry":{"type":"Polygon","coordinates":[[[121.93,29.909],[121.94,29.944],[121.965,29.957],[121.977,29.936],[121.999,29.917],[121.948,29.895],[121.93,29.909]]]}},{"type":"Feature","properties":{},"geometry":{"type":"Polygon","coordinates":[[[35.411,-21.863],[35.443,-21.84],[35.462,-21.829],[35.462,-21.81],[35.459,-21.858],[35.453,-21.897],[35.46,-21.923],[35.425,-21.905],[35.424,-21.881],[35.411,-21.863]]]}},{"type":"Feature","properties":{},"geometry":{"type":"Polygon","coordinates":[[[99.166,6.552],[99.191,6.566],[99.218,6.579],[99.237,6.58],[99.258,6.579],[99.256,6.558],[99.223,6.543],[99.202,6.544],[99.177,6.545],[99.166,6.552]]]}},{"type":"Feature","properties":{},"geometry":{"type":"Polygon","coordinates":[[[126.502,-13.888],[126.522,-13.867],[126.549,-13.872],[126.571,-13.886],[126.595,-13.895],[126.615,-13.893],[126.603,-13.913],[126.557,-13.903],[126.535,-13.907],[126.517,-13.908],[126.502,-13.888]]]}},{"type":"Feature","properties":{},"geometry":{"type":"Polygon","coordinates":[[[128.873,32.861],[128.896,32.879],[128.919,32.868],[128.932,32.838],[128.922,32.87],[128.941,32.849],[128.948,32.873],[128.965,32.851],[128.96,32.829],[128.953,32.809],[128.931,32.816],[128.92,32.836],[128.9,32.85],[128.88,32.852],[128.873,32.861]]]}},{"type":"Feature","properties":{},"geometry":{"type":"Polygon","coordinates":[[[123.0,39.498],[122.977,39.494],[122.966,39.515],[122.941,39.517],[122.961,39.544],[122.98,39.552],[122.989,39.531],[122.992,39.55],[123.02,39.545],[123.019,39.515],[123.0,39.498]]]}},{"type":"Feature","properties":{},"geometry":{"type":"Polygon","coordinates":[[[128.341,-1.094],[128.357,-1.071],[128.387,-1.076],[128.409,-1.085],[128.431,-1.105],[128.45,-1.118],[128.425,-1.113],[128.402,-1.097],[128.383,-1.11],[128.364,-1.12],[128.355,-1.093],[128.341,-1.094]]]}},{"type":"Feature","properties":{},"geometry":{"type":"Polygon","coordinates":[[[129.579,-0.033],[129.598,-0.016],[129.625,-0.044],[129.65,-0.062],[129.646,-0.082],[129.642,-0.061],[129.621,-0.045],[129.63,-0.068],[129.598,-0.071],[129.579,-0.033]]]}},{"type":"Feature","properties":{},"geometry":{"type":"Polygon","coordinates":[[[98.212,11.25],[98.232,11.255],[98.256,11.273],[98.277,11.27],[98.273,11.248],[98.297,11.243],[98.294,11.223],[98.273,11.225],[98.255,11.216],[98.242,11.24],[98.212,11.25]]]}},{"type":"Feature","properties":{},"geometry":{"type":"Polygon","coordinates":[[[117.58,2.915],[117.618,2.925],[117.642,2.933],[117.665,2.932],[117.687,2.94],[117.705,2.92],[117.677,2.91],[117.658,2.906],[117.612,2.913],[117.59,2.912],[117.58,2.915]]]}},{"type":"Feature","properties":{},"geometry":{"type":"Polygon","coordinates":[[[121.737,13.92],[121.745,13.938],[121.782,13.939],[121.785,13.913],[121.8,13.894],[121.779,13.88],[121.789,13.901],[121.77,13.896],[121.748,13.885],[121.741,13.908],[121.737,13.92]]]}},{"type":"Feature","properties":{},"geometry":{"type":"Polygon","coordinates":[[[106.192,2.809],[106.227,2.813],[106.23,2.79],[106.241,2.771],[106.247,2.751],[106.251,2.731],[106.22,2.742],[106.212,2.762],[106.215,2.789],[106.192,2.809]]]}},{"type":"Feature","properties":{},"geometry":{"type":"Polygon","coordinates":[[[54.485,26.296],[54.509,26.317],[54.531,26.313],[54.542,26.284],[54.528,26.255],[54.51,26.253],[54.499,26.272],[54.485,26.296]]]}},{"type":"Feature","properties":{},"geometry":{"type":"Polygon","coordinates":[[[128.745,-3.673],[128.747,-3.649],[128.771,-3.653],[128.794,-3.648],[128.799,-3.677],[128.779,-3.695],[128.755,-3.696],[128.745,-3.673]]]}},{"type":"Feature","properties":{},"geometry":{"type":"Polygon","coordinates":[[[126.546,34.193],[126.56,34.212],[126.561,34.234],[126.589,34.225],[126.608,34.226],[126.625,34.208],[126.604,34.202],[126.614,34.182],[126.58,34.191],[126.56,34.181],[126.546,34.193]]]}},{"type":"Feature","properties":{},"geometry":{"type":"Polygon","coordinates":[[[126.861,34.407],[126.882,34.403],[126.902,34.403],[126.921,34.396],[126.943,34.405],[126.935,34.384],[126.923,34.36],[126.894,34.362],[126.887,34.387],[126.868,34.375],[126.873,34.395],[126.861,34.407]]]}},{"type":"Feature","properties":{},"geometry":{"type":"Polygon","coordinates":[[[98.489,13.215],[98.504,13.241],[98.527,13.232],[98.54,13.203],[98.525,13.175],[98.503,13.17],[98.5,13.189],[98.494,13.213],[98.489,13.215]]]}},{"type":"Feature","properties":{},"geometry":{"type":"Polygon","coordinates":[[[122.109,18.552],[122.114,18.571],[122.135,18.577],[122.155,18.582],[122.155,18.546],[122.15,18.525],[122.113,18.502],[122.113,18.521],[122.115,18.54],[122.109,18.552]]]}},{"type":"Feature","properties":{},"geometry":{"type":"Polygon","coordinates":[[[125.724,-8.001],[125.719,-7.981],[125.74,-7.977],[125.76,-8.003],[125.76,-8.026],[125.749,-8.044],[125.729,-8.05],[125.729,-8.026],[125.724,-8.001]]]}},{"type":"Feature","properties":{},"geometry":{"type":"Polygon","coordinates":[[[129.685,29.646],[129.712,29.664],[129.735,29.668],[129.741,29.633],[129.715,29.608],[129.691,29.624],[129.69,29.643],[129.685,29.646]]]}},{"type":"Feature","properties":{},"geometry":{"type":"Polygon","coordinates":[[[40.555,-12.364],[40.577,-12.347],[40.571,-12.366],[40.589,-12.362],[40.59,-12.336],[40.618,-12.332],[40.632,-12.354],[40.61,-12.353],[40.618,-12.372],[40.607,-12.397],[40.585,-12.397],[40.592,-12.375],[40.555,-12.364]]]}},{"type":"Feature","properties":{},"geometry":{"type":"Polygon","coordinates":[[[121.085,27.822],[121.105,27.835],[121.122,27.853],[121.151,27.842],[121.158,27.86],[121.176,27.859],[121.183,27.839],[121.173,27.815],[121.154,27.821],[121.132,27.827],[121.113,27.82],[121.09,27.819],[121.085,27.822]]]}},{"type":"Feature","properties":{},"geometry":{"type":"Polygon","coordinates":[[[123.681,-16.112],[123.706,-16.111],[123.728,-16.11],[123.747,-16.12],[123.774,-16.125],[123.796,-16.145],[123.777,-16.154],[123.748,-16.147],[123.707,-16.12],[123.684,-16.116],[123.681,-16.112]]]}},{"type":"Feature","properties":{},"geometry":{"type":"Polygon","coordinates":[[[125.211,37.701],[125.235,37.714],[125.253,37.729],[125.275,37.735],[125.297,37.759],[125.321,37.766],[125.341,37.772],[125.326,37.752],[125.302,37.729],[125.281,37.722],[125.257,37.702],[125.237,37.698],[125.211,37.701]]]}},{"type":"Feature","properties":{},"geometry":{"type":"Polygon","coordinates":[[[121.582,6.672],[121.605,6.682],[121.617,6.662],[121.621,6.627],[121.625,6.583],[121.619,6.56],[121.616,6.59],[121.6,6.627],[121.594,6.651],[121.582,6.672]]]}},{"type":"Feature","properties":{},"geometry":{"type":"Polygon","coordinates":[[[125.332,2.087],[125.352,2.104],[125.351,2.127],[125.371,2.127],[125.392,2.117],[125.406,2.137],[125.407,2.103],[125.379,2.095],[125.356,2.072],[125.332,2.087]]]}},{"type":"Feature","properties":{},"geometry":{"type":"Polygon","coordinates":[[[129.07,33.27],[129.092,33.287],[129.114,33.288],[129.127,33.307],[129.142,33.278],[129.135,33.252],[129.106,33.249],[129.082,33.265],[129.07,33.27]]]}},{"type":"Feature","properties":{},"geometry":{"type":"Polygon","coordinates":[[[106.699,20.997],[106.679,20.996],[106.686,20.968],[106.664,20.964],[106.645,20.981],[106.628,21.007],[106.65,21.016],[106.686,21.006],[106.699,20.997]]]}},{"type":"Feature","properties":{},"geometry":{"type":"Polygon","coordinates":[[[26.693,38.494],[26.695,38.518],[26.699,38.541],[26.731,38.527],[26.732,38.509],[26.736,38.49],[26.749,38.467],[26.724,38.459],[26.697,38.475],[26.693,38.494]]]}},{"type":"Feature","properties":{},"geometry":{"type":"Polygon","coordinates":[[[89.315,21.837],[89.334,21.859],[89.368,21.881],[89.359,21.852],[89.359,21.831],[89.338,21.807],[89.342,21.781],[89.315,21.837]]]}},{"type":"Feature","properties":{},"geometry":{"type":"Polygon","coordinates":[[[103.464,0.621],[103.473,0.644],[103.49,0.684],[103.521,0.692],[103.515,0.668],[103.505,0.639],[103.464,0.621]]]}},{"type":"Feature","properties":{},"geometry":{"type":"Polygon","coordinates":[[[127.008,-0.266],[127.03,-0.27],[127.034,-0.252],[127.045,-0.232],[127.068,-0.239],[127.08,-0.263],[127.057,-0.276],[127.033,-0.285],[127.015,-0.288],[127.008,-0.266]]]}},{"type":"Feature","properties":{},"geometry":{"type":"Polygon","coordinates":[[[126.097,34.999],[126.115,35.01],[126.137,35.024],[126.157,35.018],[126.17,34.996],[126.18,34.977],[126.159,34.971],[126.147,34.952],[126.127,34.945],[126.134,34.965],[126.136,34.991],[126.16,34.998],[126.137,35.0],[126.117,34.994],[126.097,34.999]]]}},{"type":"Feature","properties":{},"geometry":{"type":"Polygon","coordinates":[[[42.888,12.956],[42.909,12.951],[42.935,12.952],[42.961,12.943],[42.956,12.917],[42.936,12.913],[42.917,12.922],[42.89,12.945],[42.888,12.956]]]}},{"type":"Feature","properties":{},"geometry":{"type":"Polygon","coordinates":[[[93.767,19.525],[93.802,19.53],[93.834,19.513],[93.855,19.505],[93.842,19.483],[93.818,19.482],[93.797,19.506],[93.776,19.516],[93.767,19.525]]]}},{"type":"Feature","properties":{},"geometry":{"type":"Polygon","coordinates":[[[48.54,-12.886],[48.559,-12.879],[48.575,-12.906],[48.595,-12.882],[48.616,-12.848],[48.611,-12.822],[48.633,-12.833],[48.63,-12.853],[48.61,-12.871],[48.615,-12.894],[48.601,-12.913],[48.588,-12.935],[48.577,-12.915],[48.558,-12.898],[48.54,-12.886]]]}},{"type":"Feature","properties":{},"geometry":{"type":"Polygon","coordinates":[[[118.154,5.824],[118.165,5.847],[118.202,5.855],[118.223,5.85],[118.218,5.824],[118.182,5.815],[118.162,5.819],[118.154,5.824]]]}},{"type":"Feature","properties":{},"geometry":{"type":"Polygon","coordinates":[[[119.653,26.66],[119.676,26.67],[119.703,26.668],[119.725,26.66],[119.737,26.68],[119.757,26.679],[119.734,26.66],[119.694,26.638],[119.673,26.643],[119.653,26.66]]]}},{"type":"Feature","properties":{},"geometry":{"type":"Polygon","coordinates":[[[126.115,34.646],[126.136,34.66],[126.156,34.674],[126.154,34.654],[126.177,34.665],[126.184,34.645],[126.203,34.636],[126.182,34.631],[126.163,34.628],[126.137,34.619],[126.131,34.643],[126.115,34.646]]]}},{"type":"Feature","properties":{},"geometry":{"type":"Polygon","coordinates":[[[117.0,23.545],[116.988,23.51],[116.947,23.517],[116.938,23.54],[116.961,23.541],[116.972,23.562],[116.995,23.565],[117.015,23.561],[117.0,23.545]]]}},{"type":"Feature","properties":{},"geometry":{"type":"Polygon","coordinates":[[[34.652,27.924],[34.657,27.944],[34.686,27.96],[34.718,27.957],[34.737,27.936],[34.735,27.914],[34.707,27.904],[34.699,27.929],[34.672,27.943],[34.669,27.921],[34.652,27.924]]]}},{"type":"Feature","properties":{},"geometry":{"type":"Polygon","coordinates":[[[20.868,38.593],[20.876,38.612],[20.889,38.634],[20.911,38.65],[20.933,38.647],[20.961,38.651],[20.934,38.625],[20.901,38.61],[20.878,38.578],[20.868,38.593]]]}},{"type":"Feature","properties":{},"geometry":{"type":"Polygon","coordinates":[[[129.855,-4.551],[129.873,-4.542],[129.897,-4.544],[129.919,-4.544],[129.935,-4.51],[129.951,-4.531],[129.944,-4.551],[129.929,-4.571],[129.893,-4.557],[129.871,-4.555],[129.855,-4.551]]]}},{"type":"Feature","properties":{},"geometry":{"type":"Polygon","coordinates":[[[118.0,-8.691],[117.981,-8.695],[117.995,-8.664],[117.977,-8.663],[117.956,-8.672],[117.965,-8.65],[117.967,-8.63],[117.987,-8.628],[118.007,-8.633],[117.999,-8.651],[118.011,-8.672],[118.007,-8.694],[118.0,-8.691]]]}},{"type":"Feature","properties":{},"geometry":{"type":"Polygon","coordinates":[[[127.078,-0.233],[127.084,-0.213],[127.105,-0.198],[127.13,-0.18],[127.126,-0.207],[127.121,-0.23],[127.098,-0.257],[127.089,-0.233],[127.078,-0.233]]]}},{"type":"Feature","properties":{},"geometry":{"type":"Polygon","coordinates":[[[125.385,34.644],[125.399,34.662],[125.411,34.684],[125.442,34.7],[125.465,34.693],[125.446,34.681],[125.446,34.662],[125.425,34.66],[125.412,34.642],[125.393,34.63],[125.385,34.644]]]}},{"type":"Feature","properties":{},"geometry":{"type":"Polygon","coordinates":[[[20.119,39.238],[20.152,39.234],[20.172,39.217],[20.19,39.206],[20.206,39.176],[20.181,39.176],[20.161,39.183],[20.144,39.202],[20.129,39.221],[20.119,39.238]]]}},{"type":"Feature","properties":{},"geometry":{"type":"Polygon","coordinates":[[[121.65,5.998],[121.675,6.014],[121.686,6.035],[121.673,6.06],[121.7,6.055],[121.717,6.036],[121.694,6.008],[121.665,5.99],[121.65,5.998]]]}},{"type":"Feature","properties":{},"geometry":{"type":"Polygon","coordinates":[[[100.878,2.0],[100.887,1.977],[100.875,1.997],[100.84,2.028],[100.822,2.052],[100.841,2.065],[100.868,2.046],[100.878,2.0]]]}},{"type":"Feature","properties":{},"geometry":{"type":"Polygon","coordinates":[[[40.565,-12.198],[40.585,-12.185],[40.615,-12.202],[40.621,-12.236],[40.599,-12.255],[40.59,-12.231],[40.576,-12.21],[40.565,-12.198]]]}},{"type":"Feature","properties":{},"geometry":{"type":"Polygon","coordinates":[[[103.283,10.604],[103.298,10.623],[103.323,10.621],[103.317,10.602],[103.31,10.583],[103.33,10.572],[103.329,10.542],[103.309,10.56],[103.289,10.583],[103.283,10.604]]]}},{"type":"Feature","properties":{},"geometry":{"type":"Polygon","coordinates":[[[117.64,-8.515],[117.643,-8.494],[117.655,-8.475],[117.655,-8.453],[117.674,-8.459],[117.671,-8.48],[117.682,-8.508],[117.663,-8.521],[117.643,-8.526],[117.64,-8.515]]]}},{"type":"Feature","properties":{},"geometry":{"type":"Polygon","coordinates":[[[48.325,-13.471],[48.331,-13.448],[48.364,-13.448],[48.375,-13.468],[48.369,-13.488],[48.349,-13.499],[48.325,-13.471]]]}},{"type":"Feature","properties":{},"geometry":{"type":"Polygon","coordinates":[[[107.754,2.999],[107.777,3.026],[107.797,3.026],[107.808,3.0],[107.781,2.985],[107.761,2.98],[107.754,2.999]]]}},{"type":"Feature","properties":{},"geometry":{"type":"Polygon","coordinates":[[[79.805,9.576],[79.812,9.595],[79.81,9.62],[79.834,9.592],[79.839,9.611],[79.865,9.604],[79.864,9.579],[79.842,9.565],[79.805,9.576]]]}},{"type":"Feature","properties":{},"geometry":{"type":"Polygon","coordinates":[[[126.627,34.149],[126.651,34.17],[126.632,34.19],[126.65,34.198],[126.685,34.182],[126.657,34.173],[126.671,34.15],[126.667,34.128],[126.649,34.117],[126.63,34.138],[126.627,34.149]]]}},{"type":"Feature","properties":{},"geometry":{"type":"Polygon","coordinates":[[[26.599,39.386],[26.618,39.393],[26.645,39.389],[26.67,39.39],[26.623,39.38],[26.633,39.358],[26.653,39.363],[26.664,39.34],[26.682,39.344],[26.657,39.331],[26.623,39.326],[26.615,39.353],[26.618,39.378],[26.599,39.386]]]}},{"type":"Feature","properties":{},"geometry":{"type":"Polygon","coordinates":[[[114.397,-5.564],[114.4,-5.538],[114.423,-5.533],[114.448,-5.545],[114.459,-5.566],[114.44,-5.588],[114.417,-5.571],[114.397,-5.564]]]}},{"type":"Feature","properties":{},"geometry":{"type":"Polygon","coordinates":[[[109.086,21.045],[109.109,21.07],[109.134,21.072],[109.142,21.046],[109.13,21.023],[109.11,21.032],[109.101,21.011],[109.088,21.031],[109.086,21.045]]]}},{"type":"Feature","properties":{},"geometry":{"type":"Polygon","coordinates":[[[97.577,16.29],[97.58,16.322],[97.615,16.282],[97.609,16.261],[97.595,16.239],[97.59,16.272],[97.577,16.29]]]}},{"type":"Feature","properties":{},"geometry":{"type":"Polygon","coordinates":[[[109.211,-1.233],[109.223,-1.209],[109.242,-1.194],[109.264,-1.186],[109.268,-1.214],[109.246,-1.233],[109.217,-1.24],[109.211,-1.233]]]}},{"type":"Feature","properties":{},"geometry":{"type":"Polygon","coordinates":[[[118.46,1.46],[118.48,1.459],[118.495,1.439],[118.5,1.419],[118.521,1.398],[118.502,1.386],[118.482,1.395],[118.468,1.419],[118.475,1.438],[118.466,1.457],[118.46,1.46]]]}},{"type":"Feature","properties":{},"geometry":{"type":"Polygon","coordinates":[[[24.04,39.323],[24.051,39.354],[24.072,39.37],[24.066,39.348],[24.087,39.356],[24.094,39.309],[24.068,39.294],[24.048,39.303],[24.056,39.324],[24.04,39.323]]]}},{"type":"Feature","properties":{},"geometry":{"type":"Polygon","coordinates":[[[55.64,26.802],[55.655,26.827],[55.68,26.812],[55.661,26.803],[55.687,26.827],[55.721,26.835],[55.713,26.815],[55.695,26.812],[55.676,26.788],[55.652,26.779],[55.64,26.802]]]}},{"type":"Feature","properties":{},"geometry":{"type":"Polygon","coordinates":[[[39.291,-7.857],[39.301,-7.838],[39.32,-7.812],[39.334,-7.788],[39.354,-7.785],[39.375,-7.79],[39.356,-7.8],[39.344,-7.818],[39.321,-7.852],[39.291,-7.857]]]}},{"type":"Feature","properties":{},"geometry":{"type":"Polygon","coordinates":[[[129.477,-6.759],[129.48,-6.736],[129.505,-6.725],[129.525,-6.717],[129.528,-6.738],[129.516,-6.769],[129.49,-6.765],[129.477,-6.759]]]}},{"type":"Feature","properties":{},"geometry":{"type":"Polygon","coordinates":[[[126.347,1.32],[126.355,1.342],[126.377,1.35],[126.402,1.339],[126.39,1.315],[126.384,1.279],[126.367,1.305],[126.347,1.32]]]}},{"type":"Feature","properties":{},"geometry":{"type":"Polygon","coordinates":[[[123.844,-2.057],[123.851,-2.033],[123.864,-2.004],[123.874,-2.022],[123.88,-2.042],[123.89,-2.062],[123.889,-2.085],[123.882,-2.058],[123.863,-2.064],[123.844,-2.057]]]}},{"type":"Feature","properties":{},"geometry":{"type":"Polygon","coordinates":[[[122.422,30.698],[122.44,30.718],[122.43,30.741],[122.452,30.729],[122.474,30.715],[122.5,30.715],[122.526,30.728],[122.536,30.707],[122.511,30.705],[122.487,30.699],[122.464,30.7],[122.433,30.7],[122.422,30.698]]]}},{"type":"Feature","properties":{},"geometry":{"type":"Polygon","coordinates":[[[105.459,-5.953],[105.465,-5.935],[105.489,-5.92],[105.51,-5.933],[105.506,-5.962],[105.482,-5.972],[105.459,-5.953]]]}},{"type":"Feature","properties":{},"geometry":{"type":"Polygon","coordinates":[[[124.272,11.912],[124.28,11.93],[124.299,11.937],[124.307,11.956],[124.326,11.957],[124.324,11.929],[124.311,11.903],[124.293,11.9],[124.272,11.912]]]}},{"type":"Feature","properties":{},"geometry":{"type":"Polygon","coordinates":[[[98.938,7.837],[98.952,7.856],[98.978,7.849],[98.983,7.829],[98.988,7.801],[98.958,7.824],[98.938,7.837]]]}},{"type":"Feature","properties":{},"geometry":{"type":"Polygon","coordinates":[[[126.999,34.352],[127.01,34.374],[127.029,34.373],[127.05,34.362],[127.076,34.362],[127.102,34.337],[127.073,34.343],[127.056,34.323],[127.037,34.326],[127.017,34.338],[126.999,34.352]]]}},{"type":"Feature","properties":{},"geometry":{"type":"Polygon","coordinates":[[[126.43,37.262],[126.45,37.272],[126.472,37.287],[126.49,37.283],[126.501,37.255],[126.479,37.252],[126.473,37.232],[126.454,37.228],[126.433,37.233],[126.43,37.262]]]}},{"type":"Feature","properties":{},"geometry":{"type":"Polygon","coordinates":[[[127.563,-1.85],[127.573,-1.829],[127.593,-1.822],[127.617,-1.823],[127.638,-1.826],[127.63,-1.847],[127.603,-1.848],[127.577,-1.863],[127.563,-1.85]]]}},{"type":"Feature","properties":{},"geometry":{"type":"Polygon","coordinates":[[[129.22,-14.852],[129.238,-14.843],[129.261,-14.856],[129.254,-14.879],[129.257,-14.913],[129.23,-14.9],[129.227,-14.879],[129.222,-14.853],[129.22,-14.852]]]}},{"type":"Feature","properties":{},"geometry":{"type":"Polygon","coordinates":[[[116.568,-20.705],[116.587,-20.683],[116.622,-20.68],[116.643,-20.679],[116.629,-20.7],[116.586,-20.73],[116.576,-20.708],[116.568,-20.705]]]}},{"type":"Feature","properties":{},"geometry":{"type":"Polygon","coordinates":[[[129.853,0.317],[129.891,0.317],[129.915,0.306],[129.925,0.277],[129.893,0.267],[129.872,0.298],[129.853,0.317]]]}},{"type":"Feature","properties":{},"geometry":{"type":"Polygon","coordinates":[[[48.021,29.881],[48.042,29.874],[48.075,29.871],[48.095,29.861],[48.073,29.838],[48.046,29.833],[48.034,29.854],[48.027,29.872],[48.021,29.881]]]}},{"type":"Feature","properties":{},"geometry":{"type":"Polygon","coordinates":[[[103.0,5.819],[103.023,5.811],[103.018,5.789],[103.046,5.791],[103.04,5.771],[103.02,5.755],[103.0,5.761],[102.992,5.787],[102.995,5.808],[103.0,5.819]]]}},{"type":"Feature","properties":{},"geometry":{"type":"Polygon","coordinates":[[[67.108,24.735],[67.113,24.754],[67.154,24.753],[67.146,24.72],[67.146,24.697],[67.126,24.696],[67.115,24.715],[67.108,24.735]]]}},{"type":"Feature","properties":{},"geometry":{"type":"Polygon","coordinates":[[[122.0,29.818],[122.019,29.825],[122.026,29.803],[122.009,29.777],[121.967,29.772],[121.97,29.801],[122.0,29.818]]]}},{"type":"Feature","properties":{},"geometry":{"type":"Polygon","coordinates":[[[32.091,31.167],[32.112,31.172],[32.134,31.172],[32.154,31.182],[32.14,31.15],[32.164,31.152],[32.164,31.173],[32.199,31.175],[32.18,31.15],[32.143,31.14],[32.116,31.156],[32.091,31.167]]]}},{"type":"Feature","properties":{},"geometry":{"type":"Polygon","coordinates":[[[23.422,37.518],[23.448,37.526],[23.473,37.535],[23.475,37.559],[23.485,37.532],[23.504,37.525],[23.525,37.524],[23.494,37.5],[23.471,37.508],[23.445,37.508],[23.422,37.518]]]}},{"type":"Feature","properties":{},"geometry":{"type":"Polygon","coordinates":[[[40.326,-22.328],[40.347,-22.316],[40.366,-22.315],[40.358,-22.34],[40.377,-22.35],[40.376,-22.32],[40.393,-22.347],[40.373,-22.365],[40.355,-22.368],[40.33,-22.353],[40.326,-22.328]]]}},{"type":"Feature","properties":{},"geometry":{"type":"Polygon","coordinates":[[[33.0,31.172],[32.949,31.155],[32.929,31.145],[33.017,31.186],[33.047,31.205],[33.102,31.233],[33.182,31.233],[33.254,31.22],[33.221,31.22],[33.199,31.226],[33.145,31.231],[33.112,31.23],[33.084,31.219],[33.052,31.202],[33.024,31.184],[33.0,31.172]]]}},{"type":"Feature","properties":{},"geometry":{"type":"Polygon","coordinates":[[[107.57,20.999],[107.581,21.027],[107.594,21.077],[107.62,21.103],[107.635,21.123],[107.619,21.087],[107.61,21.056],[107.602,21.031],[107.59,21.002],[107.582,20.979],[107.57,20.999]]]}},{"type":"Feature","properties":{},"geometry":{"type":"Polygon","coordinates":[[[34.888,-20.617],[34.916,-20.626],[34.956,-20.646],[34.955,-20.665],[34.919,-20.675],[34.915,-20.647],[34.893,-20.632],[34.888,-20.617]]]}},{"type":"Feature","properties":{},"geometry":{"type":"Polygon","coordinates":[[[120.391,-6.184],[120.407,-6.124],[120.426,-6.108],[120.418,-6.127],[120.415,-6.148],[120.421,-6.175],[120.425,-6.193],[120.406,-6.205],[120.391,-6.184]]]}},{"type":"Feature","properties":{},"geometry":{"type":"Polygon","coordinates":[[[97.64,11.867],[97.658,11.886],[97.681,11.9],[97.688,11.875],[97.672,11.856],[97.677,11.835],[97.656,11.839],[97.645,11.861],[97.64,11.867]]]}},{"type":"Feature","properties":{},"geometry":{"type":"Polygon","coordinates":[[[68.455,23.407],[68.462,23.43],[68.463,23.451],[68.493,23.457],[68.487,23.397],[68.462,23.388],[68.455,23.407]]]}},{"type":"Feature","properties":{},"geometry":{"type":"Polygon","coordinates":[[[104.686,0.777],[104.719,0.787],[104.741,0.791],[104.755,0.772],[104.749,0.75],[104.723,0.76],[104.695,0.766],[104.686,0.777]]]}},{"type":"Feature","properties":{},"geometry":{"type":"Polygon","coordinates":[[[118.531,5.607],[118.535,5.635],[118.557,5.641],[118.574,5.622],[118.581,5.603],[118.57,5.58],[118.531,5.607]]]}},{"type":"Feature","properties":{},"geometry":{"type":"Polygon","coordinates":[[[68.494,23.342],[68.502,23.365],[68.503,23.386],[68.518,23.408],[68.558,23.393],[68.565,23.374],[68.545,23.365],[68.526,23.368],[68.503,23.377],[68.504,23.354],[68.494,23.342]]]}},{"type":"Feature","properties":{},"geometry":{"type":"Polygon","coordinates":[[[90.999,22.076],[91.014,22.056],[91.002,22.03],[90.983,22.024],[90.967,22.05],[90.986,22.069],[90.982,22.09],[90.999,22.076]]]}},{"type":"Feature","properties":{},"geometry":{"type":"Polygon","coordinates":[[[43.525,-21.309],[43.547,-21.294],[43.565,-21.3],[43.588,-21.316],[43.589,-21.337],[43.567,-21.333],[43.549,-21.343],[43.525,-21.309]]]}},{"type":"Feature","properties":{},"geometry":{"type":"Polygon","coordinates":[[[123.181,11.48],[123.204,11.493],[123.227,11.5],[123.237,11.476],[123.218,11.46],[123.192,11.476],[123.181,11.48]]]}},{"type":"Feature","properties":{},"geometry":{"type":"Polygon","coordinates":[[[127.749,26.72],[127.791,26.733],[127.83,26.727],[127.827,26.709],[127.787,26.71],[127.765,26.707],[127.749,26.72]]]}},{"type":"Feature","properties":{},"geometry":{"type":"Polygon","coordinates":[[[108.68,-1.721],[108.707,-1.705],[108.725,-1.709],[108.751,-1.7],[108.777,-1.702],[108.756,-1.72],[108.738,-1.724],[108.719,-1.728],[108.68,-1.721]]]}},{"type":"Feature","properties":{},"geometry":{"type":"Polygon","coordinates":[[[107.496,21.038],[107.521,21.055],[107.54,21.068],[107.533,21.087],[107.549,21.106],[107.57,21.111],[107.577,21.089],[107.552,21.085],[107.541,21.063],[107.521,21.045],[107.496,21.038]]]}},{"type":"Feature","properties":{},"geometry":{"type":"Polygon","coordinates":[[[69.998,22.553],[69.978,22.549],[69.96,22.549],[69.966,22.572],[69.99,22.583],[70.027,22.587],[70.006,22.555],[69.998,22.553]]]}},{"type":"Feature","properties":{},"geometry":{"type":"Polygon","coordinates":[[[127.373,0.454],[127.378,0.475],[127.403,0.484],[127.424,0.467],[127.422,0.446],[127.388,0.437],[127.373,0.454]]]}},{"type":"Feature","properties":{},"geometry":{"type":"Polygon","coordinates":[[[122.475,-5.543],[122.49,-5.515],[122.513,-5.505],[122.515,-5.528],[122.51,-5.563],[122.489,-5.561],[122.475,-5.543]]]}},{"type":"Feature","properties":{},"geometry":{"type":"Polygon","coordinates":[[[98.606,11.987],[98.683,11.975],[98.69,11.947],[98.67,11.955],[98.646,11.964],[98.627,11.965],[98.606,11.987]]]}},{"type":"Feature","properties":{},"geometry":{"type":"Polygon","coordinates":[[[79.852,9.713],[79.856,9.746],[79.883,9.76],[79.89,9.725],[79.883,9.703],[79.852,9.713]]]}},{"type":"Feature","properties":{},"geometry":{"type":"Polygon","coordinates":[[[98.212,11.282],[98.225,11.304],[98.257,11.315],[98.274,11.348],[98.277,11.302],[98.253,11.308],[98.257,11.286],[98.237,11.272],[98.212,11.282]]]}},{"type":"Feature","properties":{},"geometry":{"type":"Polygon","coordinates":[[[120.302,13.684],[120.323,13.678],[120.353,13.669],[120.372,13.669],[120.41,13.657],[120.421,13.627],[120.397,13.634],[120.366,13.651],[120.344,13.663],[120.302,13.684]]]}},{"type":"Feature","properties":{},"geometry":{"type":"Polygon","coordinates":[[[123.762,13.404],[123.782,13.405],[123.806,13.396],[123.827,13.372],[123.85,13.371],[123.839,13.353],[123.798,13.366],[123.775,13.387],[123.762,13.404]]]}},{"type":"Feature","properties":{},"geometry":{"type":"Polygon","coordinates":[[[27.575,40.462],[27.579,40.482],[27.605,40.481],[27.594,40.508],[27.618,40.511],[27.64,40.494],[27.63,40.471],[27.658,40.466],[27.664,40.446],[27.637,40.454],[27.609,40.456],[27.575,40.462]]]}},{"type":"Feature","properties":{},"geometry":{"type":"Polygon","coordinates":[[[41.565,16.876],[41.566,16.904],[41.584,16.882],[41.617,16.832],[41.586,16.83],[41.566,16.862],[41.565,16.876]]]}},{"type":"Feature","properties":{},"geometry":{"type":"Polygon","coordinates":[[[117.803,24.47],[117.849,24.485],[117.875,24.481],[117.909,24.452],[117.891,24.445],[117.871,24.459],[117.847,24.452],[117.824,24.468],[117.803,24.47]]]}},{"type":"Feature","properties":{},"geometry":{"type":"Polygon","coordinates":[[[122.691,-4.542],[122.707,-4.52],[122.738,-4.525],[122.732,-4.545],[122.742,-4.569],[122.715,-4.563],[122.696,-4.558],[122.691,-4.542]]]}},{"type":"Feature","properties":{},"geometry":{"type":"Polygon","coordinates":[[[67.169,24.714],[67.196,24.738],[67.214,24.751],[67.237,24.761],[67.253,24.742],[67.234,24.735],[67.215,24.722],[67.192,24.698],[67.169,24.714]]]}},{"type":"Feature","properties":{},"geometry":{"type":"Polygon","coordinates":[[[69.589,22.432],[69.611,22.453],[69.641,22.451],[69.654,22.43],[69.639,22.411],[69.615,22.413],[69.595,22.424],[69.589,22.432]]]}},{"type":"Feature","properties":{},"geometry":{"type":"Polygon","coordinates":[[[124.0,-1.843],[123.99,-1.818],[124.014,-1.814],[124.021,-1.837],[124.035,-1.863],[124.033,-1.894],[124.0,-1.843]]]}},{"type":"Feature","properties":{},"geometry":{"type":"Polygon","coordinates":[[[98.254,11.887],[98.255,11.907],[98.279,11.91],[98.3,11.892],[98.286,11.872],[98.28,11.848],[98.262,11.846],[98.26,11.866],[98.254,11.887]]]}},{"type":"Feature","properties":{},"geometry":{"type":"Polygon","coordinates":[[[127.434,34.519],[127.456,34.546],[127.474,34.545],[127.46,34.526],[127.478,34.514],[127.46,34.514],[127.481,34.51],[127.502,34.506],[127.496,34.484],[127.477,34.484],[127.453,34.479],[127.454,34.502],[127.434,34.519]]]}},{"type":"Feature","properties":{},"geometry":{"type":"Polygon","coordinates":[[[103.89,0.792],[103.904,0.81],[103.911,0.832],[103.93,0.811],[103.94,0.791],[103.937,0.767],[103.917,0.756],[103.914,0.78],[103.89,0.792]]]}},{"type":"Feature","properties":{},"geometry":{"type":"Polygon","coordinates":[[[126.011,34.607],[126.012,34.633],[126.04,34.631],[126.035,34.611],[126.057,34.604],[126.065,34.583],[126.043,34.568],[126.019,34.565],[126.015,34.586],[126.011,34.607]]]}},{"type":"Feature","properties":{},"geometry":{"type":"Polygon","coordinates":[[[97.999,10.563],[98.004,10.588],[98.025,10.593],[98.026,10.569],[98.005,10.554],[97.982,10.545],[97.957,10.554],[97.973,10.572],[97.994,10.563],[97.999,10.563]]]}},{"type":"Feature","properties":{},"geometry":{"type":"Polygon","coordinates":[[[122.142,30.169],[122.147,30.188],[122.175,30.204],[122.202,30.195],[122.201,30.175],[122.18,30.168],[122.166,30.143],[122.146,30.159],[122.142,30.169]]]}},{"type":"Feature","properties":{},"geometry":{"type":"Polygon","coordinates":[[[124.41,11.899],[124.42,11.923],[124.443,11.935],[124.463,11.915],[124.466,11.891],[124.447,11.88],[124.416,11.892],[124.41,11.899]]]}},{"type":"Feature","properties":{},"geometry":{"type":"Polygon","coordinates":[[[126.086,37.221],[126.09,37.247],[126.103,37.266],[126.12,37.247],[126.147,37.24],[126.165,37.233],[126.147,37.224],[126.113,37.21],[126.107,37.232],[126.086,37.221]]]}},{"type":"Feature","properties":{},"geometry":{"type":"Polygon","coordinates":[[[124.53,-15.967],[124.541,-15.944],[124.562,-15.929],[124.57,-15.909],[124.594,-15.903],[124.593,-15.929],[124.582,-15.953],[124.557,-15.965],[124.537,-15.964],[124.53,-15.967]]]}},{"type":"Feature","properties":{},"geometry":{"type":"Polygon","coordinates":[[[33.741,27.584],[33.758,27.615],[33.779,27.617],[33.778,27.595],[33.804,27.58],[33.777,27.56],[33.754,27.58],[33.741,27.584]]]}},{"type":"Feature","properties":{},"geometry":{"type":"Polygon","coordinates":[[[20.735,38.639],[20.742,38.67],[20.76,38.664],[20.783,38.664],[20.805,38.672],[20.805,38.652],[20.782,38.64],[20.755,38.626],[20.797,38.602],[20.772,38.606],[20.735,38.639]]]}},{"type":"Feature","properties":{},"geometry":{"type":"Polygon","coordinates":[[[122.519,-0.495],[122.552,-0.487],[122.572,-0.477],[122.593,-0.473],[122.613,-0.493],[122.593,-0.5],[122.574,-0.505],[122.553,-0.514],[122.53,-0.499],[122.519,-0.495]]]}},{"type":"Feature","properties":{},"geometry":{"type":"Polygon","coordinates":[[[47.777,-14.001],[47.785,-13.979],[47.803,-13.993],[47.806,-14.013],[47.829,-14.055],[47.805,-14.046],[47.785,-14.038],[47.777,-14.001]]]}},{"type":"Feature","properties":{},"geometry":{"type":"Polygon","coordinates":[[[103.689,0.732],[103.714,0.73],[103.751,0.74],[103.735,0.713],[103.743,0.694],[103.722,0.689],[103.694,0.713],[103.689,0.732]]]}},{"type":"Feature","properties":{},"geometry":{"type":"Polygon","coordinates":[[[100.623,2.221],[100.652,2.223],[100.675,2.192],[100.687,2.169],[100.668,2.175],[100.645,2.192],[100.626,2.212],[100.623,2.221]]]}},{"type":"Feature","properties":{},"geometry":{"type":"Polygon","coordinates":[[[53.595,26.68],[53.614,26.695],[53.633,26.688],[53.653,26.687],[53.672,26.679],[53.657,26.657],[53.617,26.665],[53.598,26.673],[53.595,26.68]]]}},{"type":"Feature","properties":{},"geometry":{"type":"Polygon","coordinates":[[[119.906,16.402],[119.914,16.43],[119.933,16.43],[119.954,16.402],[119.963,16.373],[119.944,16.381],[119.925,16.392],[119.906,16.402]]]}},{"type":"Feature","properties":{},"geometry":{"type":"Polygon","coordinates":[[[126.0,-14.326],[125.988,-14.307],[125.99,-14.288],[126.009,-14.28],[126.005,-14.303],[126.029,-14.31],[126.045,-14.331],[126.024,-14.327],[126.02,-14.352],[125.996,-14.337],[126.0,-14.326]]]}},{"type":"Feature","properties":{},"geometry":{"type":"Polygon","coordinates":[[[39.795,-8.002],[39.785,-8.02],[39.766,-8.026],[39.758,-7.992],[39.779,-7.986],[39.798,-7.981],[39.795,-8.002]]]}},{"type":"Feature","properties":{},"geometry":{"type":"Polygon","coordinates":[[[110.41,-5.843],[110.443,-5.837],[110.462,-5.828],[110.478,-5.847],[110.463,-5.866],[110.448,-5.889],[110.43,-5.86],[110.41,-5.843]]]}},{"type":"Feature","properties":{},"geometry":{"type":"Polygon","coordinates":[[[120.373,1.027],[120.379,1.07],[120.402,1.079],[120.408,1.059],[120.401,1.031],[120.389,1.01],[120.373,1.027]]]}},{"type":"Feature","properties":{},"geometry":{"type":"Polygon","coordinates":[[[117.132,8.175],[117.16,8.185],[117.184,8.181],[117.203,8.173],[117.194,8.154],[117.176,8.152],[117.147,8.155],[117.132,8.175]]]}},{"type":"Feature","properties":{},"geometry":{"type":"Polygon","coordinates":[[[103.485,0.912],[103.507,0.92],[103.531,0.878],[103.505,0.862],[103.488,0.893],[103.485,0.912]]]}},{"type":"Feature","properties":{},"geometry":{"type":"Polygon","coordinates":[[[119.301,10.999],[119.292,10.978],[119.298,10.952],[119.277,10.963],[119.263,10.985],[119.27,11.015],[119.29,11.024],[119.301,10.999]]]}},{"type":"Feature","properties":{},"geometry":{"type":"Polygon","coordinates":[[[116.59,-20.603],[116.607,-20.579],[116.63,-20.559],[116.65,-20.556],[116.67,-20.543],[116.665,-20.562],[116.64,-20.579],[116.634,-20.6],[116.607,-20.605],[116.59,-20.603]]]}},{"type":"Feature","properties":{},"geometry":{"type":"Polygon","coordinates":[[[120.317,26.951],[120.335,26.97],[120.357,26.97],[120.37,26.951],[120.394,26.935],[120.375,26.935],[120.35,26.924],[120.328,26.937],[120.317,26.951]]]}},{"type":"Feature","properties":{},"geometry":{"type":"Polygon","coordinates":[[[106.139,9.707],[106.22,9.63],[106.241,9.613],[106.202,9.628],[106.165,9.666],[106.139,9.707]]]}},{"type":"Feature","properties":{},"geometry":{"type":"Polygon","coordinates":[[[39.575,-5.418],[39.596,-5.42],[39.617,-5.433],[39.627,-5.455],[39.65,-5.45],[39.657,-5.468],[39.657,-5.491],[39.64,-5.47],[39.614,-5.457],[39.602,-5.438],[39.575,-5.418]]]}},{"type":"Feature","properties":{},"geometry":{"type":"Polygon","coordinates":[[[128.0,27.068],[127.993,27.045],[127.971,27.04],[127.952,27.022],[127.943,27.001],[127.933,27.022],[127.95,27.044],[127.973,27.067],[127.997,27.09],[128.021,27.095],[128.0,27.068]]]}},{"type":"Feature","properties":{},"geometry":{"type":"Polygon","coordinates":[[[100.535,4.267],[100.555,4.26],[100.576,4.242],[100.579,4.222],[100.585,4.198],[100.564,4.196],[100.555,4.219],[100.547,4.245],[100.535,4.267]]]}},{"type":"Feature","properties":{},"geometry":{"type":"Polygon","coordinates":[[[98.195,13.772],[98.195,13.79],[98.204,13.812],[98.224,13.852],[98.225,13.83],[98.224,13.808],[98.205,13.741],[98.195,13.772]]]}},{"type":"Feature","properties":{},"geometry":{"type":"Polygon","coordinates":[[[128.395,27.046],[128.415,27.061],[128.438,27.068],[128.457,27.047],[128.459,27.024],[128.423,27.023],[128.404,27.039],[128.395,27.046]]]}},{"type":"Feature","properties":{},"geometry":{"type":"Polygon","coordinates":[[[27.475,40.491],[27.495,40.52],[27.521,40.532],[27.55,40.522],[27.529,40.508],[27.533,40.486],[27.5,40.477],[27.477,40.486],[27.475,40.491]]]}},{"type":"Feature","properties":{},"geometry":{"type":"Polygon","coordinates":[[[92.73,12.199],[92.73,12.23],[92.74,12.206],[92.749,12.227],[92.775,12.22],[92.77,12.2],[92.771,12.179],[92.752,12.179],[92.73,12.199]]]}},{"type":"Feature","properties":{},"geometry":{"type":"Polygon","coordinates":[[[50.282,29.268],[50.337,29.262],[50.329,29.243],[50.332,29.217],[50.31,29.209],[50.294,29.243],[50.282,29.268]]]}},{"type":"Feature","properties":{},"geometry":{"type":"Polygon","coordinates":[[[121.679,12.932],[121.707,12.951],[121.728,12.936],[121.73,12.917],[121.714,12.897],[121.694,12.911],[121.684,12.929],[121.679,12.932]]]}},{"type":"Feature","properties":{},"geometry":{"type":"Polygon","coordinates":[[[123.139,39.075],[123.174,39.08],[123.193,39.075],[123.201,39.05],[123.175,39.037],[123.149,39.028],[123.15,39.053],[123.17,39.054],[123.151,39.075],[123.139,39.075]]]}},{"type":"Feature","properties":{},"geometry":{"type":"Polygon","coordinates":[[[40.127,16.49],[40.13,16.513],[40.141,16.532],[40.172,16.539],[40.188,16.511],[40.169,16.499],[40.142,16.5],[40.135,16.474],[40.127,16.49]]]}},{"type":"Feature","properties":{},"geometry":{"type":"Polygon","coordinates":[[[123.445,-16.226],[123.473,-16.21],[123.486,-16.229],[123.506,-16.244],[123.527,-16.252],[123.507,-16.25],[123.503,-16.27],[123.483,-16.282],[123.477,-16.259],[123.472,-16.235],[123.445,-16.226]]]}},{"type":"Feature","properties":{},"geometry":{"type":"Polygon","coordinates":[[[27.186,35.859],[27.207,35.875],[27.215,35.897],[27.24,35.901],[27.232,35.874],[27.241,35.852],[27.24,35.83],[27.216,35.836],[27.186,35.859]]]}},{"type":"Feature","properties":{},"geometry":{"type":"Polygon","coordinates":[[[23.093,37.276],[23.113,37.277],[23.147,37.275],[23.167,37.26],[23.165,37.24],[23.144,37.237],[23.124,37.246],[23.105,37.259],[23.093,37.276]]]}},{"type":"Feature","properties":{},"geometry":{"type":"Polygon","coordinates":[[[122.017,12.799],[122.034,12.819],[122.057,12.826],[122.08,12.84],[122.059,12.785],[122.029,12.789],[122.017,12.799]]]}},{"type":"Feature","properties":{},"geometry":{"type":"Polygon","coordinates":[[[107.424,-2.959],[107.436,-2.935],[107.456,-2.928],[107.47,-2.948],[107.464,-2.969],[107.442,-2.985],[107.436,-2.963],[107.424,-2.959]]]}},{"type":"Feature","properties":{},"geometry":{"type":"Polygon","coordinates":[[[128.84,34.999],[128.819,35.005],[128.806,35.023],[128.812,35.042],[128.807,35.06],[128.826,35.068],[128.848,35.059],[128.85,35.036],[128.836,35.016],[128.84,34.999]]]}},{"type":"Feature","properties":{},"geometry":{"type":"Polygon","coordinates":[[[93.937,18.82],[93.956,18.829],[93.98,18.822],[93.975,18.797],[93.957,18.778],[93.945,18.802],[93.937,18.82]]]}},{"type":"Feature","properties":{},"geometry":{"type":"Polygon","coordinates":[[[129.565,32.999],[129.547,32.997],[129.566,33.013],[129.591,33.048],[129.622,33.061],[129.631,33.042],[129.61,33.023],[129.587,33.028],[129.568,33.006],[129.565,32.999]]]}},{"type":"Feature","properties":{},"geometry":{"type":"Polygon","coordinates":[[[49.007,30.471],[49.009,30.489],[49.036,30.503],[49.06,30.502],[49.064,30.464],[49.042,30.465],[49.02,30.462],[49.007,30.471]]]}},{"type":"Feature","properties":{},"geometry":{"type":"Polygon","coordinates":[[[124.015,7.317],[124.04,7.353],[124.061,7.368],[124.059,7.348],[124.045,7.313],[124.026,7.295],[124.015,7.317]]]}},{"type":"Feature","properties":{},"geometry":{"type":"Polygon","coordinates":[[[91.287,22.707],[91.316,22.718],[91.336,22.721],[91.336,22.685],[91.312,22.673],[91.287,22.707]]]}},{"type":"Feature","properties":{},"geometry":{"type":"Polygon","coordinates":[[[129.67,-1.184],[129.693,-1.179],[129.744,-1.159],[129.728,-1.19],[129.707,-1.207],[129.681,-1.185],[129.67,-1.184]]]}},{"type":"Feature","properties":{},"geometry":{"type":"Polygon","coordinates":[[[98.435,9.817],[98.447,9.837],[98.44,9.856],[98.461,9.86],[98.466,9.839],[98.469,9.814],[98.46,9.794],[98.441,9.797],[98.435,9.817]]]}},{"type":"Feature","properties":{},"geometry":{"type":"Polygon","coordinates":[[[39.428,16.149],[39.451,16.148],[39.46,16.13],[39.465,16.11],[39.484,16.077],[39.483,16.057],[39.465,16.034],[39.472,16.054],[39.47,16.072],[39.462,16.098],[39.431,16.136],[39.428,16.149]]]}},{"type":"Feature","properties":{},"geometry":{"type":"Polygon","coordinates":[[[98.193,10.51],[98.21,10.53],[98.231,10.531],[98.237,10.507],[98.238,10.487],[98.218,10.48],[98.198,10.482],[98.201,10.506],[98.193,10.51]]]}},{"type":"Feature","properties":{},"geometry":{"type":"Polygon","coordinates":[[[92.996,12.107],[93.004,12.086],[93.009,12.062],[92.989,12.049],[92.97,12.07],[92.968,12.092],[92.996,12.107]]]}},{"type":"Feature","properties":{},"geometry":{"type":"Polygon","coordinates":[[[122.625,39.232],[122.675,39.238],[122.717,39.245],[122.737,39.246],[122.732,39.223],[122.708,39.213],[122.688,39.198],[122.704,39.225],[122.683,39.232],[122.658,39.229],[122.637,39.223],[122.625,39.232]]]}},{"type":"Feature","properties":{},"geometry":{"type":"Polygon","coordinates":[[[23.27,35.899],[23.293,35.882],[23.317,35.883],[23.329,35.854],[23.331,35.827],[23.307,35.84],[23.27,35.899]]]}},{"type":"Feature","properties":{},"geometry":{"type":"Polygon","coordinates":[[[98.263,9.167],[98.267,9.205],[98.285,9.226],[98.304,9.254],[98.311,9.236],[98.291,9.2],[98.286,9.177],[98.263,9.167]]]}},{"type":"Feature","properties":{},"geometry":{"type":"Polygon","coordinates":[[[118.3,4.957],[118.313,4.978],[118.333,4.968],[118.321,4.987],[118.344,4.993],[118.363,4.98],[118.382,4.984],[118.354,4.965],[118.325,4.95],[118.303,4.952],[118.3,4.957]]]}},{"type":"Feature","properties":{},"geometry":{"type":"Polygon","coordinates":[[[121.383,6.031],[121.4,6.059],[121.428,6.055],[121.436,6.033],[121.408,6.024],[121.39,6.02],[121.383,6.031]]]}},{"type":"Feature","properties":{},"geometry":{"type":"Polygon","coordinates":[[[39.999,20.251],[40.022,20.242],[40.046,20.24],[40.067,20.236],[40.119,20.213],[40.17,20.18],[40.189,20.175],[40.164,20.177],[40.137,20.189],[40.098,20.215],[40.072,20.229],[40.029,20.23],[39.999,20.251]]]}},{"type":"Feature","properties":{},"geometry":{"type":"Polygon","coordinates":[[[36.896,25.588],[36.917,25.61],[36.925,25.582],[36.924,25.563],[36.928,25.544],[36.942,25.52],[36.921,25.516],[36.92,25.535],[36.897,25.542],[36.903,25.566],[36.901,25.587],[36.896,25.588]]]}},{"type":"Feature","properties":{},"geometry":{"type":"Polygon","coordinates":[[[128.802,0.553],[128.829,0.551],[128.854,0.514],[128.863,0.492],[128.829,0.508],[128.813,0.531],[128.802,0.553]]]}},{"type":"Feature","properties":{},"geometry":{"type":"Polygon","coordinates":[[[39.852,16.333],[39.875,16.333],[39.854,16.337],[39.892,16.35],[39.912,16.335],[39.934,16.33],[39.909,16.315],[39.915,16.288],[39.899,16.311],[39.876,16.32],[39.857,16.331],[39.852,16.333]]]}},{"type":"Feature","properties":{},"geometry":{"type":"Polygon","coordinates":[[[107.472,20.815],[107.485,20.837],[107.486,20.857],[107.481,20.877],[107.502,20.883],[107.523,20.912],[107.55,20.934],[107.558,20.965],[107.555,20.943],[107.557,20.925],[107.537,20.907],[107.523,20.883],[107.498,20.86],[107.495,20.839],[107.485,20.817],[107.472,20.815]]]}},{"type":"Feature","properties":{},"geometry":{"type":"Polygon","coordinates":[[[123.806,13.946],[123.815,13.979],[123.837,13.977],[123.839,13.946],[123.839,13.906],[123.813,13.911],[123.81,13.932],[123.806,13.946]]]}},{"type":"Feature","properties":{},"geometry":{"type":"Polygon","coordinates":[[[124.594,39.536],[124.625,39.555],[124.65,39.571],[124.676,39.563],[124.695,39.565],[124.692,39.547],[124.653,39.54],[124.634,39.538],[124.614,39.549],[124.594,39.536]]]}},{"type":"Feature","properties":{},"geometry":{"type":"Polygon","coordinates":[[[97.843,9.451],[97.853,9.474],[97.877,9.476],[97.895,9.481],[97.906,9.462],[97.912,9.439],[97.881,9.459],[97.885,9.427],[97.867,9.444],[97.843,9.451]]]}},{"type":"Feature","properties":{},"geometry":{"type":"Polygon","coordinates":[[[97.831,-0.059],[97.857,-0.05],[97.887,-0.05],[97.898,-0.08],[97.87,-0.082],[97.85,-0.075],[97.831,-0.059]]]}},{"type":"Feature","properties":{},"geometry":{"type":"Polygon","coordinates":[[[124.673,24.647],[124.682,24.666],[124.701,24.671],[124.726,24.663],[124.727,24.64],[124.705,24.63],[124.678,24.635],[124.673,24.647]]]}},{"type":"Feature","properties":{},"geometry":{"type":"Polygon","coordinates":[[[90.596,22.435],[90.605,22.458],[90.625,22.426],[90.647,22.399],[90.649,22.378],[90.628,22.389],[90.596,22.435]]]}},{"type":"Feature","properties":{},"geometry":{"type":"Polygon","coordinates":[[[107.425,0.977],[107.453,0.972],[107.475,0.947],[107.467,0.927],[107.444,0.934],[107.434,0.952],[107.428,0.972],[107.425,0.977]]]}},{"type":"Feature","properties":{},"geometry":{"type":"Polygon","coordinates":[[[108.069,3.595],[108.079,3.62],[108.097,3.644],[108.127,3.631],[108.108,3.608],[108.085,3.603],[108.069,3.595]]]}},{"type":"Feature","properties":{},"geometry":{"type":"Polygon","coordinates":[[[109.085,-0.184],[109.104,-0.167],[109.161,-0.187],[109.166,-0.205],[109.132,-0.195],[109.098,-0.194],[109.085,-0.184]]]}},{"type":"Feature","properties":{},"geometry":{"type":"Polygon","coordinates":[[[103.663,0.827],[103.684,0.81],[103.705,0.805],[103.729,0.769],[103.705,0.754],[103.663,0.827]]]}},{"type":"Feature","properties":{},"geometry":{"type":"Polygon","coordinates":[[[55.206,-4.479],[55.234,-4.463],[55.255,-4.485],[55.247,-4.51],[55.228,-4.511],[55.206,-4.479]]]}},{"type":"Feature","properties":{},"geometry":{"type":"Polygon","coordinates":[[[123.361,-10.545],[123.385,-10.536],[123.402,-10.516],[123.404,-10.495],[123.44,-10.494],[123.425,-10.513],[123.413,-10.531],[123.381,-10.562],[123.361,-10.545]]]}},{"type":"Feature","properties":{},"geometry":{"type":"Polygon","coordinates":[[[123.696,-1.953],[123.699,-1.935],[123.728,-1.899],[123.738,-1.927],[123.738,-1.952],[123.712,-1.961],[123.696,-1.953]]]}},{"type":"Feature","properties":{},"geometry":{"type":"Polygon","coordinates":[[[106.768,20.866],[106.773,20.895],[106.792,20.891],[106.791,20.872],[106.823,20.865],[106.8,20.865],[106.821,20.86],[106.835,20.84],[106.81,20.847],[106.79,20.86],[106.772,20.86],[106.768,20.866]]]}},{"type":"Feature","properties":{},"geometry":{"type":"Polygon","coordinates":[[[113.878,-7.203],[113.926,-7.175],[113.94,-7.202],[113.952,-7.225],[113.934,-7.215],[113.907,-7.212],[113.885,-7.214],[113.878,-7.203]]]}},{"type":"Feature","properties":{},"geometry":{"type":"Polygon","coordinates":[[[105.225,-5.83],[105.246,-5.814],[105.269,-5.806],[105.288,-5.79],[105.306,-5.813],[105.285,-5.829],[105.267,-5.835],[105.248,-5.832],[105.23,-5.834],[105.225,-5.83]]]}},{"type":"Feature","properties":{},"geometry":{"type":"Polygon","coordinates":[[[50.379,26.147],[50.4,26.173],[50.421,26.17],[50.42,26.14],[50.426,26.121],[50.401,26.122],[50.384,26.142],[50.379,26.147]]]}},{"type":"Feature","properties":{},"geometry":{"type":"Polygon","coordinates":[[[124.728,1.713],[124.747,1.731],[124.766,1.736],[124.775,1.71],[124.769,1.688],[124.742,1.696],[124.728,1.713]]]}},{"type":"Feature","properties":{},"geometry":{"type":"Polygon","coordinates":[[[119.46,23.562],[119.488,23.573],[119.485,23.595],[119.5,23.615],[119.495,23.637],[119.518,23.645],[119.515,23.602],[119.505,23.583],[119.483,23.564],[119.46,23.562]]]}},{"type":"Feature","properties":{},"geometry":{"type":"Polygon","coordinates":[[[88.589,21.754],[88.597,21.78],[88.624,21.777],[88.633,21.732],[88.623,21.714],[88.6,21.712],[88.621,21.722],[88.62,21.74],[88.589,21.754]]]}},{"type":"Feature","properties":{},"geometry":{"type":"Polygon","coordinates":[[[24.103,37.651],[24.104,37.677],[24.117,37.706],[24.126,37.742],[24.147,37.743],[24.152,37.722],[24.135,37.698],[24.124,37.679],[24.108,37.644],[24.103,37.651]]]}},{"type":"Feature","properties":{},"geometry":{"type":"Polygon","coordinates":[[[79.535,10.31],[79.554,10.317],[79.575,10.31],[79.594,10.305],[79.617,10.303],[79.646,10.295],[79.668,10.295],[79.688,10.297],[79.712,10.286],[79.746,10.275],[79.694,10.283],[79.668,10.285],[79.613,10.298],[79.552,10.305],[79.535,10.31]]]}},{"type":"Feature","properties":{},"geometry":{"type":"Polygon","coordinates":[[[98.091,12.342],[98.113,12.362],[98.132,12.366],[98.155,12.35],[98.159,12.331],[98.14,12.325],[98.119,12.325],[98.096,12.325],[98.091,12.342]]]}},{"type":"Feature","properties":{},"geometry":{"type":"Polygon","coordinates":[[[93.773,19.294],[93.795,19.305],[93.82,19.301],[93.837,19.282],[93.817,19.27],[93.792,19.27],[93.773,19.294]]]}},{"type":"Feature","properties":{},"geometry":{"type":"Polygon","coordinates":[[[119.39,4.747],[119.412,4.77],[119.422,4.792],[119.421,4.761],[119.42,4.742],[119.414,4.706],[119.406,4.684],[119.394,4.708],[119.409,4.734],[119.39,4.747]]]}},{"type":"Feature","properties":{},"geometry":{"type":"Polygon","coordinates":[[[126.016,34.294],[126.022,34.313],[126.043,34.32],[126.08,34.31],[126.095,34.287],[126.067,34.275],[126.044,34.284],[126.024,34.286],[126.016,34.294]]]}},{"type":"Feature","properties":{},"geometry":{"type":"Polygon","coordinates":[[[39.506,-9.001],[39.49,-8.972],[39.513,-8.96],[39.521,-8.978],[39.527,-9.003],[39.506,-9.009],[39.506,-9.001]]]}},{"type":"Feature","properties":{},"geometry":{"type":"Polygon","coordinates":[[[116.146,-2.919],[116.149,-2.898],[116.174,-2.912],[116.18,-2.931],[116.207,-2.942],[116.188,-2.952],[116.158,-2.94],[116.146,-2.919]]]}},{"type":"Feature","properties":{},"geometry":{"type":"Polygon","coordinates":[[[120.563,32.043],[120.598,32.067],[120.632,32.045],[120.61,32.032],[120.581,32.031],[120.563,32.043]]]}},{"type":"Feature","properties":{},"geometry":{"type":"Polygon","coordinates":[[[99.818,10.067],[99.831,10.09],[99.824,10.112],[99.843,10.125],[99.85,10.102],[99.852,10.082],[99.847,10.063],[99.826,10.063],[99.818,10.067]]]}},{"type":"Feature","properties":{},"geometry":{"type":"Polygon","coordinates":[[[25.415,36.828],[25.435,36.85],[25.453,36.853],[25.475,36.87],[25.473,36.851],[25.48,36.829],[25.454,36.817],[25.423,36.821],[25.415,36.828]]]}},{"type":"Feature","properties":{},"geometry":{"type":"Polygon","coordinates":[[[97.825,12.58],[97.845,12.584],[97.844,12.603],[97.863,12.591],[97.877,12.57],[97.862,12.55],[97.84,12.555],[97.825,12.58]]]}},{"type":"Feature","properties":{},"geometry":{"type":"Polygon","coordinates":[[[54.192,24.363],[54.212,24.379],[54.246,24.407],[54.245,24.387],[54.267,24.352],[54.232,24.362],[54.214,24.365],[54.192,24.363]]]}},{"type":"Feature","properties":{},"geometry":{"type":"Polygon","coordinates":[[[125.798,10.998],[125.829,10.962],[125.835,10.942],[125.814,10.958],[125.79,10.991],[125.762,11.014],[125.762,11.032],[125.797,11.004],[125.798,10.998]]]}},{"type":"Feature","properties":{},"geometry":{"type":"Polygon","coordinates":[[[32.326,31.261],[32.342,31.243],[32.342,31.223],[32.334,31.194],[32.309,31.194],[32.307,31.22],[32.309,31.242],[32.319,31.262],[32.326,31.261]]]}},{"type":"Feature","properties":{},"geometry":{"type":"Polygon","coordinates":[[[120.781,-6.807],[120.79,-6.782],[120.81,-6.8],[120.811,-6.827],[120.803,-6.853],[120.793,-6.826],[120.781,-6.807]]]}},{"type":"Feature","properties":{},"geometry":{"type":"Polygon","coordinates":[[[122.212,29.774],[122.231,29.782],[122.25,29.782],[122.247,29.76],[122.288,29.746],[122.307,29.745],[122.285,29.73],[122.263,29.74],[122.233,29.752],[122.22,29.773],[122.212,29.774]]]}},{"type":"Feature","properties":{},"geometry":{"type":"Polygon","coordinates":[[[101.231,2.932],[101.238,2.959],[101.257,2.974],[101.258,2.946],[101.26,2.922],[101.236,2.907],[101.232,2.926],[101.231,2.932]]]}},{"type":"Feature","properties":{},"geometry":{"type":"Polygon","coordinates":[[[126.081,34.79],[126.101,34.793],[126.122,34.798],[126.145,34.798],[126.169,34.799],[126.165,34.78],[126.144,34.761],[126.127,34.781],[126.107,34.778],[126.083,34.787],[126.081,34.79]]]}},{"type":"Feature","properties":{},"geometry":{"type":"Polygon","coordinates":[[[24.605,36.777],[24.625,36.784],[24.652,36.781],[24.667,36.753],[24.647,36.742],[24.622,36.75],[24.613,36.771],[24.605,36.777]]]}},{"type":"Feature","properties":{},"geometry":{"type":"Polygon","coordinates":[[[22.926,36.467],[22.935,36.489],[22.957,36.51],[22.98,36.511],[22.987,36.484],[22.987,36.455],[22.97,36.476],[22.949,36.475],[22.926,36.467]]]}},{"type":"Feature","properties":{},"geometry":{"type":"Polygon","coordinates":[[[123.465,-5.328],[123.483,-5.33],[123.502,-5.339],[123.519,-5.361],[123.537,-5.368],[123.519,-5.374],[123.48,-5.359],[123.465,-5.328]]]}},{"type":"Feature","properties":{},"geometry":{"type":"Polygon","coordinates":[[[91.041,22.684],[91.057,22.711],[91.089,22.733],[91.114,22.725],[91.101,22.7],[91.067,22.698],[91.047,22.684],[91.041,22.684]]]}},{"type":"Feature","properties":{},"geometry":{"type":"Polygon","coordinates":[[[100.481,-3.172],[100.485,-3.144],[100.508,-3.156],[100.508,-3.177],[100.532,-3.193],[100.511,-3.2],[100.485,-3.182],[100.481,-3.172]]]}},{"type":"Feature","properties":{},"geometry":{"type":"Polygon","coordinates":[[[93.617,8.541],[93.617,8.561],[93.626,8.532],[93.641,8.502],[93.645,8.459],[93.633,8.426],[93.623,8.449],[93.625,8.475],[93.63,8.509],[93.617,8.541]]]}},{"type":"Feature","properties":{},"geometry":{"type":"Polygon","coordinates":[[[106.89,20.934],[106.893,20.953],[106.918,20.948],[106.928,20.93],[106.948,20.914],[106.923,20.91],[106.901,20.914],[106.902,20.94],[106.89,20.934]]]}},{"type":"Feature","properties":{},"geometry":{"type":"Polygon","coordinates":[[[24.65,37.605],[24.678,37.61],[24.703,37.618],[24.733,37.634],[24.74,37.61],[24.746,37.591],[24.725,37.595],[24.706,37.594],[24.66,37.6],[24.65,37.605]]]}},{"type":"Feature","properties":{},"geometry":{"type":"Polygon","coordinates":[[[103.333,-0.642],[103.352,-0.63],[103.371,-0.615],[103.397,-0.613],[103.394,-0.639],[103.371,-0.65],[103.352,-0.643],[103.333,-0.642]]]}},{"type":"Feature","properties":{},"geometry":{"type":"Polygon","coordinates":[[[98.382,9.728],[98.393,9.75],[98.411,9.762],[98.426,9.742],[98.425,9.721],[98.405,9.704],[98.389,9.729],[98.382,9.728]]]}},{"type":"Feature","properties":{},"geometry":{"type":"Polygon","coordinates":[[[35.583,23.225],[35.602,23.229],[35.641,23.233],[35.664,23.231],[35.695,23.24],[35.7,23.22],[35.723,23.193],[35.699,23.202],[35.674,23.225],[35.656,23.229],[35.632,23.228],[35.61,23.218],[35.592,23.21],[35.583,23.225]]]}},{"type":"Feature","properties":{},"geometry":{"type":"Polygon","coordinates":[[[125.512,-14.455],[125.533,-14.421],[125.542,-14.443],[125.543,-14.465],[125.564,-14.486],[125.537,-14.487],[125.517,-14.456],[125.512,-14.455]]]}},{"type":"Feature","properties":{},"geometry":{"type":"Polygon","coordinates":[[[39.21,-5.851],[39.215,-5.821],[39.215,-5.78],[39.225,-5.8],[39.236,-5.824],[39.231,-5.845],[39.214,-5.865],[39.21,-5.851]]]}},{"type":"Feature","properties":{},"geometry":{"type":"Polygon","coordinates":[[[104.622,0.805],[104.639,0.825],[104.642,0.86],[104.666,0.85],[104.664,0.827],[104.652,0.808],[104.622,0.805]]]}},{"type":"Feature","properties":{},"geometry":{"type":"Polygon","coordinates":[[[121.94,6.716],[121.952,6.747],[121.979,6.76],[121.977,6.739],[121.971,6.715],[121.944,6.712],[121.94,6.716]]]}},{"type":"Feature","properties":{},"geometry":{"type":"Polygon","coordinates":[[[93.616,19.544],[93.632,19.565],[93.667,19.564],[93.664,19.545],[93.65,19.523],[93.626,19.53],[93.616,19.544]]]}},{"type":"Feature","properties":{},"geometry":{"type":"Polygon","coordinates":[[[104.031,1.413],[104.044,1.436],[104.07,1.434],[104.084,1.411],[104.061,1.4],[104.041,1.4],[104.031,1.413]]]}},{"type":"Feature","properties":{},"geometry":{"type":"Polygon","coordinates":[[[33.894,27.243],[33.907,27.266],[33.928,27.252],[33.93,27.234],[33.94,27.215],[33.961,27.186],[33.943,27.203],[33.921,27.216],[33.901,27.229],[33.894,27.243]]]}},{"type":"Feature","properties":{},"geometry":{"type":"Polygon","coordinates":[[[98.64,11.031],[98.66,11.05],[98.68,11.061],[98.691,11.041],[98.685,11.012],[98.666,11.015],[98.64,11.031]]]}},{"type":"Feature","properties":{},"geometry":{"type":"Polygon","coordinates":[[[41.646,42.183],[41.679,42.195],[41.704,42.184],[41.695,42.16],[41.665,42.133],[41.653,42.153],[41.659,42.173],[41.646,42.183]]]}},{"type":"Feature","properties":{},"geometry":{"type":"Polygon","coordinates":[[[99.238,-1.843],[99.255,-1.823],[99.267,-1.805],[99.252,-1.787],[99.271,-1.79],[99.293,-1.803],[99.293,-1.824],[99.269,-1.833],[99.251,-1.84],[99.238,-1.843]]]}},{"type":"Feature","properties":{},"geometry":{"type":"Polygon","coordinates":[[[129.72,33.416],[129.745,33.431],[129.75,33.452],[129.753,33.472],[129.772,33.463],[129.768,33.442],[129.793,33.432],[129.769,33.43],[129.749,33.42],[129.72,33.416]]]}},{"type":"Feature","properties":{},"geometry":{"type":"Polygon","coordinates":[[[121.801,14.293],[121.823,14.31],[121.85,14.302],[121.838,14.283],[121.829,14.26],[121.805,14.274],[121.801,14.293]]]}},{"type":"Feature","properties":{},"geometry":{"type":"Polygon","coordinates":[[[97.836,12.784],[97.855,12.81],[97.87,12.792],[97.884,12.771],[97.863,12.768],[97.841,12.775],[97.836,12.784]]]}},{"type":"Feature","properties":{},"geometry":{"type":"Polygon","coordinates":[[[40.13,16.047],[40.163,16.06],[40.182,16.045],[40.163,16.018],[40.132,16.039],[40.13,16.047]]]}},{"type":"Feature","properties":{},"geometry":{"type":"Polygon","coordinates":[[[129.397,33.362],[129.412,33.386],[129.421,33.409],[129.421,33.433],[129.43,33.41],[129.431,33.382],[129.434,33.362],[129.415,33.35],[129.397,33.362]]]}},{"type":"Feature","properties":{},"geometry":{"type":"Polygon","coordinates":[[[120.845,27.973],[120.869,27.979],[120.908,27.978],[120.913,27.95],[120.893,27.945],[120.845,27.973]]]}},{"type":"Feature","properties":{},"geometry":{"type":"Polygon","coordinates":[[[125.913,9.887],[125.922,9.905],[125.946,9.929],[125.968,9.941],[125.972,9.921],[125.949,9.895],[125.931,9.886],[125.913,9.887]]]}},{"type":"Feature","properties":{},"geometry":{"type":"Polygon","coordinates":[[[108.928,10.542],[108.951,10.551],[108.965,10.525],[108.972,10.506],[108.939,10.51],[108.933,10.537],[108.928,10.542]]]}},{"type":"Feature","properties":{},"geometry":{"type":"Polygon","coordinates":[[[123.827,-5.582],[123.828,-5.559],[123.855,-5.559],[123.877,-5.57],[123.874,-5.592],[123.844,-5.587],[123.827,-5.582]]]}},{"type":"Feature","properties":{},"geometry":{"type":"Polygon","coordinates":[[[103.427,0.954],[103.446,0.962],[103.48,0.942],[103.48,0.921],[103.458,0.922],[103.439,0.936],[103.427,0.954]]]}},{"type":"Feature","properties":{},"geometry":{"type":"Polygon","coordinates":[[[93.573,8.119],[93.596,8.118],[93.594,8.096],[93.602,8.075],[93.614,8.05],[93.59,8.055],[93.585,8.075],[93.582,8.096],[93.573,8.119]]]}},{"type":"Feature","properties":{},"geometry":{"type":"Polygon","coordinates":[[[107.514,-3.198],[107.534,-3.199],[107.553,-3.202],[107.543,-3.221],[107.53,-3.241],[107.514,-3.198]]]}},{"type":"Feature","properties":{},"geometry":{"type":"Polygon","coordinates":[[[121.041,13.562],[121.062,13.565],[121.084,13.575],[121.098,13.535],[121.077,13.528],[121.05,13.557],[121.041,13.562]]]}},{"type":"Feature","properties":{},"geometry":{"type":"Polygon","coordinates":[[[105.49,-5.884],[105.499,-5.866],[105.523,-5.846],[105.529,-5.865],[105.525,-5.895],[105.503,-5.903],[105.49,-5.884]]]}},{"type":"Feature","properties":{},"geometry":{"type":"Polygon","coordinates":[[[24.285,37.997],[24.274,37.977],[24.251,37.984],[24.228,37.985],[24.241,38.008],[24.262,38.019],[24.28,38.01],[24.285,37.997]]]}},{"type":"Feature","properties":{},"geometry":{"type":"Polygon","coordinates":[[[110.202,20.95],[110.204,20.974],[110.223,20.99],[110.243,20.989],[110.255,20.97],[110.23,20.958],[110.207,20.945],[110.202,20.95]]]}},{"type":"Feature","properties":{},"geometry":{"type":"Polygon","coordinates":[[[117.69,5.997],[117.719,5.997],[117.701,5.961],[117.68,5.941],[117.69,5.966],[117.688,5.984],[117.69,5.997]]]}},{"type":"Feature","properties":{},"geometry":{"type":"Polygon","coordinates":[[[98.027,10.855],[98.075,10.885],[98.086,10.865],[98.09,10.841],[98.068,10.849],[98.045,10.854],[98.027,10.855]]]}},{"type":"Feature","properties":{},"geometry":{"type":"Polygon","coordinates":[[[125.05,1.811],[125.058,1.837],[125.069,1.857],[125.093,1.882],[125.094,1.862],[125.09,1.839],[125.067,1.82],[125.05,1.811]]]}},{"type":"Feature","properties":{},"geometry":{"type":"Polygon","coordinates":[[[54.015,24.185],[54.045,24.195],[54.069,24.195],[54.075,24.176],[54.052,24.159],[54.02,24.175],[54.015,24.185]]]}},{"type":"Feature","properties":{},"geometry":{"type":"Polygon","coordinates":[[[26.71,37.317],[26.738,37.326],[26.759,37.305],[26.781,37.31],[26.795,37.288],[26.769,37.28],[26.759,37.299],[26.741,37.293],[26.721,37.3],[26.71,37.317]]]}},{"type":"Feature","properties":{},"geometry":{"type":"Polygon","coordinates":[[[117.539,4.112],[117.552,4.14],[117.576,4.148],[117.56,4.101],[117.539,4.112]]]}},{"type":"Feature","properties":{},"geometry":{"type":"Polygon","coordinates":[[[107.372,-2.823],[107.399,-2.819],[107.4,-2.791],[107.42,-2.791],[107.435,-2.817],[107.402,-2.835],[107.372,-2.823]]]}},{"type":"Feature","properties":{},"geometry":{"type":"Polygon","coordinates":[[[48.456,-13.312],[48.486,-13.303],[48.495,-13.323],[48.481,-13.343],[48.504,-13.357],[48.507,-13.378],[48.487,-13.365],[48.475,-13.341],[48.458,-13.32],[48.456,-13.312]]]}},{"type":"Feature","properties":{},"geometry":{"type":"Polygon","coordinates":[[[123.148,11.261],[123.157,11.285],[123.153,11.303],[123.171,11.308],[123.194,11.296],[123.177,11.276],[123.167,11.255],[123.148,11.261]]]}},{"type":"Feature","properties":{},"geometry":{"type":"Polygon","coordinates":[[[93.364,14.145],[93.387,14.146],[93.387,14.124],[93.391,14.089],[93.385,14.071],[93.367,14.072],[93.377,14.098],[93.369,14.136],[93.364,14.145]]]}},{"type":"Feature","properties":{},"geometry":{"type":"Polygon","coordinates":[[[98.23,11.946],[98.245,11.973],[98.263,11.974],[98.266,11.949],[98.272,11.926],[98.249,11.931],[98.23,11.946]]]}},{"type":"Feature","properties":{},"geometry":{"type":"Polygon","coordinates":[[[129.496,33.473],[129.525,33.496],[129.543,33.506],[129.565,33.492],[129.584,33.497],[129.562,33.473],[129.543,33.472],[129.515,33.48],[129.496,33.473]]]}},{"type":"Feature","properties":{},"geometry":{"type":"Polygon","coordinates":[[[50.034,26.568],[50.05,26.587],[50.08,26.596],[50.089,26.572],[50.078,26.543],[50.058,26.553],[50.037,26.565],[50.034,26.568]]]}},{"type":"Feature","properties":{},"geometry":{"type":"Polygon","coordinates":[[[109.097,-0.143],[109.113,-0.118],[109.11,-0.137],[109.134,-0.146],[109.16,-0.177],[109.138,-0.176],[109.116,-0.167],[109.098,-0.147],[109.097,-0.143]]]}},{"type":"Feature","properties":{},"geometry":{"type":"Polygon","coordinates":[[[118.997,39.192],[118.959,39.159],[118.929,39.132],[118.89,39.121],[118.908,39.146],[118.949,39.165],[118.997,39.192]]]}},{"type":"Feature","properties":{},"geometry":{"type":"Polygon","coordinates":[[[90.962,22.243],[90.982,22.265],[90.986,22.206],[90.965,22.22],[90.962,22.243]]]}},{"type":"Feature","properties":{},"geometry":{"type":"Polygon","coordinates":[[[125.616,9.706],[125.62,9.724],[125.638,9.722],[125.66,9.728],[125.659,9.707],[125.656,9.68],[125.642,9.7],[125.616,9.706]]]}},{"type":"Feature","properties":{},"geometry":{"type":"Polygon","coordinates":[[[40.707,-11.001],[40.709,-11.025],[40.675,-11.034],[40.65,-11.042],[40.621,-11.037],[40.647,-11.032],[40.687,-11.018],[40.707,-11.001]]]}},{"type":"Feature","properties":{},"geometry":{"type":"Polygon","coordinates":[[[91.161,22.454],[91.192,22.454],[91.203,22.435],[91.192,22.407],[91.171,22.418],[91.165,22.448],[91.161,22.454]]]}},{"type":"Feature","properties":{},"geometry":{"type":"Polygon","coordinates":[[[101.229,3.027],[101.253,3.06],[101.275,3.065],[101.28,3.044],[101.242,3.021],[101.229,3.027]]]}},{"type":"Feature","properties":{},"geometry":{"type":"Polygon","coordinates":[[[107.741,20.997],[107.751,21.022],[107.781,20.993],[107.762,20.982],[107.782,20.971],[107.755,20.953],[107.757,20.982],[107.739,20.989],[107.741,20.997]]]}},{"type":"Feature","properties":{},"geometry":{"type":"Polygon","coordinates":[[[119.996,4.998],[120.015,5.013],[120.021,4.991],[120.015,4.972],[119.994,4.955],[119.985,4.974],[119.999,4.993],[119.996,4.998]]]}},{"type":"Feature","properties":{},"geometry":{"type":"Polygon","coordinates":[[[116.916,23.554],[116.94,23.565],[116.945,23.587],[116.967,23.601],[116.96,23.578],[116.964,23.555],[116.945,23.543],[116.926,23.541],[116.916,23.554]]]}},{"type":"Feature","properties":{},"geometry":{"type":"Polygon","coordinates":[[[127.394,-0.078],[127.404,-0.022],[127.418,-0.042],[127.422,-0.06],[127.43,-0.081],[127.408,-0.065],[127.408,-0.093],[127.394,-0.078]]]}},{"type":"Feature","properties":{},"geometry":{"type":"Polygon","coordinates":[[[107.813,20.999],[107.827,21.029],[107.849,21.037],[107.856,21.016],[107.836,21.003],[107.826,20.98],[107.813,20.999]]]}},{"type":"Feature","properties":{},"geometry":{"type":"Polygon","coordinates":[[[92.925,12.362],[92.938,12.384],[92.939,12.405],[92.957,12.412],[92.963,12.432],[92.963,12.402],[92.951,12.379],[92.943,12.356],[92.925,12.362]]]}},{"type":"Feature","properties":{},"geometry":{"type":"Polygon","coordinates":[[[104.323,0.319],[104.348,0.312],[104.367,0.307],[104.389,0.282],[104.369,0.279],[104.345,0.291],[104.324,0.312],[104.323,0.319]]]}},{"type":"Feature","properties":{},"geometry":{"type":"Polygon","coordinates":[[[128.459,34.787],[128.478,34.803],[128.493,34.783],[128.511,34.767],[128.491,34.756],[128.468,34.759],[128.468,34.781],[128.459,34.787]]]}},{"type":"Feature","properties":{},"geometry":{"type":"Polygon","coordinates":[[[116.065,5.998],[116.037,5.994],[116.027,6.013],[116.006,6.012],[116.008,6.045],[116.027,6.026],[116.048,6.035],[116.044,6.016],[116.062,6.013],[116.065,5.998]]]}},{"type":"Feature","properties":{},"geometry":{"type":"Polygon","coordinates":[[[99.824,6.23],[99.836,6.262],[99.856,6.257],[99.857,6.239],[99.858,6.212],[99.833,6.224],[99.824,6.23]]]}},{"type":"Feature","properties":{},"geometry":{"type":"Polygon","coordinates":[[[127.338,26.182],[127.345,26.202],[127.353,26.225],[127.373,26.216],[127.372,26.197],[127.364,26.156],[127.343,26.152],[127.338,26.182]]]}},{"type":"Feature","properties":{},"geometry":{"type":"Polygon","coordinates":[[[107.332,20.878],[107.351,20.882],[107.37,20.89],[107.388,20.879],[107.377,20.858],[107.357,20.858],[107.344,20.885],[107.332,20.878]]]}},{"type":"Feature","properties":{},"geometry":{"type":"Polygon","coordinates":[[[92.585,20.714],[92.606,20.722],[92.636,20.73],[92.638,20.701],[92.608,20.685],[92.585,20.714]]]}},{"type":"Feature","properties":{},"geometry":{"type":"Polygon","coordinates":[[[41.997,16.628],[42.007,16.658],[42.033,16.66],[42.033,16.633],[42.03,16.604],[42.023,16.625],[42.0,16.631],[41.997,16.628]]]}},{"type":"Feature","properties":{},"geometry":{"type":"Polygon","coordinates":[[[108.0,21.463],[107.982,21.435],[107.991,21.465],[107.995,21.485],[108.024,21.492],[108.052,21.496],[108.073,21.493],[108.049,21.487],[108.014,21.473],[108.0,21.463]]]}},{"type":"Feature","properties":{},"geometry":{"type":"Polygon","coordinates":[[[122.012,14.873],[122.037,14.877],[122.057,14.871],[122.082,14.849],[122.061,14.853],[122.039,14.843],[122.012,14.873]]]}},{"type":"Feature","properties":{},"geometry":{"type":"Polygon","coordinates":[[[48.999,30.501],[49.004,30.467],[48.983,30.47],[48.96,30.465],[48.963,30.49],[48.981,30.493],[48.999,30.501]]]}},{"type":"Feature","properties":{},"geometry":{"type":"Polygon","coordinates":[[[106.684,20.982],[106.703,20.977],[106.747,20.965],[106.768,20.96],[106.727,20.954],[106.7,20.953],[106.688,20.976],[106.684,20.982]]]}},{"type":"Feature","properties":{},"geometry":{"type":"Polygon","coordinates":[[[127.113,4.738],[127.119,4.762],[127.13,4.781],[127.15,4.752],[127.13,4.729],[127.113,4.738]]]}},{"type":"Feature","properties":{},"geometry":{"type":"Polygon","coordinates":[[[119.654,11.3],[119.675,11.31],[119.695,11.312],[119.678,11.283],[119.676,11.264],[119.654,11.3]]]}},{"type":"Feature","properties":{},"geometry":{"type":"Polygon","coordinates":[[[119.118,10.582],[119.139,10.59],[119.162,10.596],[119.161,10.576],[119.18,10.579],[119.201,10.569],[119.182,10.572],[119.155,10.57],[119.132,10.555],[119.135,10.574],[119.118,10.582]]]}},{"type":"Feature","properties":{},"geometry":{"type":"Polygon","coordinates":[[[92.704,12.792],[92.712,12.813],[92.727,12.781],[92.727,12.762],[92.736,12.74],[92.732,12.715],[92.721,12.751],[92.715,12.774],[92.704,12.792]]]}},{"type":"Feature","properties":{},"geometry":{"type":"Polygon","coordinates":[[[118.208,24.412],[118.225,24.432],[118.247,24.454],[118.266,24.444],[118.261,24.423],[118.241,24.411],[118.222,24.405],[118.208,24.412]]]}},{"type":"Feature","properties":{},"geometry":{"type":"Polygon","coordinates":[[[128.2,34.817],[128.217,34.839],[128.237,34.842],[128.254,34.823],[128.247,34.799],[128.227,34.798],[128.2,34.817]]]}},{"type":"Feature","properties":{},"geometry":{"type":"Polygon","coordinates":[[[99.0,7.891],[98.996,7.872],[98.997,7.851],[98.979,7.885],[98.971,7.917],[98.992,7.926],[99.003,7.902],[99.0,7.891]]]}},{"type":"Feature","properties":{},"geometry":{"type":"Polygon","coordinates":[[[119.094,25.049],[119.115,25.05],[119.11,25.068],[119.122,25.09],[119.147,25.095],[119.136,25.07],[119.128,25.044],[119.094,25.049]]]}},{"type":"Feature","properties":{},"geometry":{"type":"Polygon","coordinates":[[[104.048,0.933],[104.05,0.952],[104.054,0.972],[104.073,0.96],[104.079,0.937],[104.075,0.913],[104.056,0.93],[104.048,0.933]]]}},{"type":"Feature","properties":{},"geometry":{"type":"Polygon","coordinates":[[[129.651,-7.556],[129.657,-7.535],[129.68,-7.55],[129.698,-7.56],[129.72,-7.557],[129.71,-7.577],[129.682,-7.579],[129.654,-7.561],[129.651,-7.556]]]}},{"type":"Feature","properties":{},"geometry":{"type":"Polygon","coordinates":[[[119.809,4.811],[119.837,4.827],[119.855,4.818],[119.845,4.795],[119.821,4.8],[119.809,4.811]]]}},{"type":"Feature","properties":{},"geometry":{"type":"Polygon","coordinates":[[[98.291,-0.073],[98.312,-0.068],[98.307,-0.048],[98.329,-0.062],[98.343,-0.082],[98.321,-0.092],[98.301,-0.073],[98.291,-0.073]]]}},{"type":"Feature","properties":{},"geometry":{"type":"Polygon","coordinates":[[[93.02,11.829],[93.024,11.848],[93.043,11.838],[93.072,11.843],[93.068,11.81],[93.046,11.814],[93.023,11.827],[93.02,11.829]]]}},{"type":"Feature","properties":{},"geometry":{"type":"Polygon","coordinates":[[[88.58,21.812],[88.583,21.832],[88.606,21.84],[88.61,21.814],[88.617,21.794],[88.592,21.795],[88.58,21.812]]]}},{"type":"Feature","properties":{},"geometry":{"type":"Polygon","coordinates":[[[126.356,37.462],[126.386,37.455],[126.412,37.462],[126.433,37.447],[126.425,37.428],[126.4,37.433],[126.382,37.434],[126.369,37.454],[126.356,37.462]]]}},{"type":"Feature","properties":{},"geometry":{"type":"Polygon","coordinates":[[[129.296,-1.186],[129.313,-1.164],[129.339,-1.161],[129.358,-1.168],[129.374,-1.193],[129.346,-1.193],[129.348,-1.17],[129.327,-1.178],[129.307,-1.176],[129.296,-1.186]]]}},{"type":"Feature","properties":{},"geometry":{"type":"Polygon","coordinates":[[[54.501,25.902],[54.548,25.93],[54.558,25.894],[54.537,25.896],[54.515,25.897],[54.501,25.902]]]}},{"type":"Feature","properties":{},"geometry":{"type":"Polygon","coordinates":[[[120.669,6.416],[120.688,6.433],[120.707,6.438],[120.71,6.418],[120.69,6.405],[120.672,6.408],[120.669,6.416]]]}},{"type":"Feature","properties":{},"geometry":{"type":"Polygon","coordinates":[[[36.82,25.544],[36.83,25.566],[36.854,25.574],[36.875,25.557],[36.85,25.532],[36.83,25.541],[36.82,25.544]]]}},{"type":"Feature","properties":{},"geometry":{"type":"Polygon","coordinates":[[[116.838,-8.448],[116.863,-8.44],[116.916,-8.439],[116.937,-8.422],[116.956,-8.425],[116.935,-8.435],[116.897,-8.45],[116.871,-8.447],[116.838,-8.448]]]}},{"type":"Feature","properties":{},"geometry":{"type":"Polygon","coordinates":[[[54.574,24.619],[54.585,24.64],[54.609,24.654],[54.615,24.625],[54.595,24.608],[54.606,24.59],[54.577,24.602],[54.574,24.619]]]}},{"type":"Feature","properties":{},"geometry":{"type":"Polygon","coordinates":[[[107.707,21.3],[107.758,21.328],[107.776,21.33],[107.802,21.351],[107.824,21.355],[107.802,21.336],[107.783,21.321],[107.755,21.311],[107.736,21.3],[107.718,21.301],[107.707,21.3]]]}},{"type":"Feature","properties":{},"geometry":{"type":"Polygon","coordinates":[[[54.713,24.812],[54.74,24.843],[54.74,24.823],[54.761,24.833],[54.76,24.815],[54.763,24.796],[54.741,24.802],[54.723,24.805],[54.713,24.812]]]}},{"type":"Feature","properties":{},"geometry":{"type":"Polygon","coordinates":[[[92.999,12.97],[92.998,12.951],[92.993,12.93],[92.96,12.936],[92.982,12.943],[92.966,12.964],[92.972,12.986],[92.987,12.967],[92.995,12.99],[93.017,12.994],[92.999,12.97]]]}},{"type":"Feature","properties":{},"geometry":{"type":"Polygon","coordinates":[[[94.331,15.997],[94.298,15.984],[94.276,15.989],[94.3,15.999],[94.328,16.018],[94.347,16.016],[94.331,15.997]]]}},{"type":"Feature","properties":{},"geometry":{"type":"Polygon","coordinates":[[[25.607,36.877],[25.63,36.894],[25.649,36.907],[25.673,36.9],[25.684,36.875],[25.663,36.873],[25.641,36.877],[25.607,36.877]]]}},{"type":"Feature","properties":{},"geometry":{"type":"Polygon","coordinates":[[[119.542,23.662],[119.563,23.674],[119.583,23.675],[119.605,23.651],[119.596,23.632],[119.572,23.654],[119.542,23.662]]]}},{"type":"Feature","properties":{},"geometry":{"type":"Polygon","coordinates":[[[124.194,10.187],[124.223,10.199],[124.254,10.21],[124.249,10.189],[124.225,10.175],[124.205,10.178],[124.194,10.187]]]}},{"type":"Feature","properties":{},"geometry":{"type":"Polygon","coordinates":[[[113.506,22.914],[113.516,22.947],[113.529,22.907],[113.547,22.873],[113.521,22.887],[113.506,22.914]]]}},{"type":"Feature","properties":{},"geometry":{"type":"Polygon","coordinates":[[[126.999,34.34],[127.014,34.319],[126.992,34.312],[126.972,34.301],[126.956,34.327],[126.985,34.341],[126.999,34.34]]]}},{"type":"Feature","properties":{},"geometry":{"type":"Polygon","coordinates":[[[129.904,30.833],[129.925,30.85],[129.952,30.843],[129.952,30.819],[129.912,30.819],[129.904,30.833]]]}},{"type":"Feature","properties":{},"geometry":{"type":"Polygon","coordinates":[[[27.108,36.956],[27.133,36.96],[27.157,36.96],[27.152,36.937],[27.173,36.929],[27.146,36.921],[27.125,36.934],[27.108,36.956]]]}},{"type":"Feature","properties":{},"geometry":{"type":"Polygon","coordinates":[[[120.936,11.154],[120.961,11.163],[120.983,11.173],[120.987,11.154],[120.964,11.133],[120.944,11.135],[120.936,11.154]]]}},{"type":"Feature","properties":{},"geometry":{"type":"Polygon","coordinates":[[[93.597,19.473],[93.613,19.494],[93.646,19.462],[93.626,19.45],[93.607,19.462],[93.597,19.473]]]}},{"type":"Feature","properties":{},"geometry":{"type":"Polygon","coordinates":[[[23.939,39.181],[23.961,39.19],[23.962,39.22],[23.973,39.24],[23.98,39.211],[23.98,39.191],[23.985,39.166],[23.966,39.171],[23.944,39.172],[23.939,39.181]]]}},{"type":"Feature","properties":{},"geometry":{"type":"Polygon","coordinates":[[[121.406,31.805],[121.474,31.775],[121.495,31.753],[121.47,31.757],[121.442,31.768],[121.424,31.783],[121.406,31.805]]]}},{"type":"Feature","properties":{},"geometry":{"type":"Polygon","coordinates":[[[33.265,31.213],[33.327,31.205],[33.401,31.183],[33.457,31.155],[33.475,31.136],[33.457,31.145],[33.417,31.172],[33.335,31.196],[33.265,31.213]]]}},{"type":"Feature","properties":{},"geometry":{"type":"Polygon","coordinates":[[[124.145,-1.755],[124.149,-1.731],[124.173,-1.734],[124.184,-1.767],[124.167,-1.786],[124.155,-1.767],[124.145,-1.755]]]}},{"type":"Feature","properties":{},"geometry":{"type":"Polygon","coordinates":[[[113.365,-3.302],[113.365,-3.279],[113.396,-3.25],[113.398,-3.27],[113.395,-3.29],[113.372,-3.309],[113.365,-3.302]]]}},{"type":"Feature","properties":{},"geometry":{"type":"Polygon","coordinates":[[[25.198,37.432],[25.217,37.425],[25.24,37.421],[25.235,37.402],[25.254,37.402],[25.253,37.376],[25.232,37.372],[25.233,37.398],[25.215,37.403],[25.198,37.432]]]}},{"type":"Feature","properties":{},"geometry":{"type":"Polygon","coordinates":[[[50.606,26.252],[50.62,26.286],[50.639,26.285],[50.659,26.27],[50.656,26.237],[50.633,26.248],[50.63,26.27],[50.615,26.243],[50.606,26.252]]]}},{"type":"Feature","properties":{},"geometry":{"type":"Polygon","coordinates":[[[40.598,-12.43],[40.607,-12.405],[40.627,-12.419],[40.628,-12.439],[40.622,-12.461],[40.602,-12.453],[40.604,-12.434],[40.598,-12.43]]]}},{"type":"Feature","properties":{},"geometry":{"type":"Polygon","coordinates":[[[113.609,22.401],[113.619,22.424],[113.643,22.436],[113.656,22.416],[113.639,22.395],[113.621,22.389],[113.609,22.401]]]}},{"type":"Feature","properties":{},"geometry":{"type":"Polygon","coordinates":[[[121.455,22.673],[121.482,22.68],[121.501,22.68],[121.499,22.659],[121.501,22.637],[121.482,22.642],[121.455,22.673]]]}},{"type":"Feature","properties":{},"geometry":{"type":"Polygon","coordinates":[[[128.224,34.636],[128.245,34.653],[128.265,34.645],[128.274,34.625],[128.299,34.64],[128.29,34.62],[128.263,34.625],[128.24,34.61],[128.235,34.629],[128.224,34.636]]]}},{"type":"Feature","properties":{},"geometry":{"type":"Polygon","coordinates":[[[26.182,38.542],[26.211,38.54],[26.238,38.532],[26.26,38.522],[26.258,38.502],[26.238,38.505],[26.214,38.513],[26.182,38.542]]]}},{"type":"Feature","properties":{},"geometry":{"type":"Polygon","coordinates":[[[104.094,2.318],[104.116,2.324],[104.138,2.316],[104.145,2.296],[104.114,2.29],[104.096,2.317],[104.094,2.318]]]}},{"type":"Feature","properties":{},"geometry":{"type":"Polygon","coordinates":[[[123.151,-16.433],[123.178,-16.408],[123.166,-16.389],[123.188,-16.385],[123.211,-16.391],[123.202,-16.411],[123.192,-16.432],[123.172,-16.432],[123.153,-16.434],[123.151,-16.433]]]}},{"type":"Feature","properties":{},"geometry":{"type":"Polygon","coordinates":[[[125.558,9.895],[125.577,9.904],[125.6,9.908],[125.595,9.886],[125.585,9.864],[125.58,9.896],[125.558,9.895]]]}},{"type":"Feature","properties":{},"geometry":{"type":"Polygon","coordinates":[[[96.604,2.188],[96.628,2.195],[96.652,2.178],[96.647,2.156],[96.62,2.167],[96.604,2.188]]]}},{"type":"Feature","properties":{},"geometry":{"type":"Polygon","coordinates":[[[101.263,2.916],[101.264,2.947],[101.288,2.97],[101.281,2.928],[101.263,2.916]]]}},{"type":"Feature","properties":{},"geometry":{"type":"Polygon","coordinates":[[[104.186,0.582],[104.196,0.602],[104.218,0.594],[104.232,0.572],[104.207,0.57],[104.2,0.543],[104.191,0.567],[104.186,0.582]]]}},{"type":"Feature","properties":{},"geometry":{"type":"Polygon","coordinates":[[[120.133,11.777],[120.153,11.773],[120.177,11.764],[120.165,11.782],[120.193,11.776],[120.199,11.754],[120.174,11.743],[120.151,11.755],[120.133,11.777]]]}},{"type":"Feature","properties":{},"geometry":{"type":"Polygon","coordinates":[[[97.48,11.805],[97.499,11.816],[97.519,11.813],[97.53,11.793],[97.499,11.782],[97.487,11.805],[97.48,11.805]]]}},{"type":"Feature","properties":{},"geometry":{"type":"Polygon","coordinates":[[[50.866,29.067],[50.89,29.067],[50.888,29.048],[50.893,29.026],[50.887,29.007],[50.868,29.013],[50.872,29.041],[50.866,29.067]]]}},{"type":"Feature","properties":{},"geometry":{"type":"Polygon","coordinates":[[[42.292,16.293],[42.323,16.319],[42.345,16.307],[42.33,16.281],[42.304,16.285],[42.292,16.293]]]}},{"type":"Feature","properties":{},"geometry":{"type":"Polygon","coordinates":[[[54.068,24.217],[54.094,24.233],[54.117,24.211],[54.139,24.196],[54.118,24.186],[54.098,24.199],[54.068,24.217]]]}},{"type":"Feature","properties":{},"geometry":{"type":"Polygon","coordinates":[[[122.323,-4.723],[122.333,-4.703],[122.353,-4.678],[122.381,-4.664],[122.37,-4.687],[122.331,-4.724],[122.323,-4.723]]]}},{"type":"Feature","properties":{},"geometry":{"type":"Polygon","coordinates":[[[93.544,19.813],[93.562,19.827],[93.588,19.839],[93.594,19.815],[93.561,19.808],[93.544,19.813]]]}},{"type":"Feature","properties":{},"geometry":{"type":"Polygon","coordinates":[[[98.277,10.114],[98.279,10.143],[98.291,10.123],[98.313,10.128],[98.319,10.109],[98.319,10.087],[98.299,10.079],[98.298,10.098],[98.29,10.117],[98.277,10.114]]]}},{"type":"Feature","properties":{},"geometry":{"type":"Polygon","coordinates":[[[56.586,-10.357],[56.59,-10.338],[56.629,-10.404],[56.648,-10.421],[56.621,-10.408],[56.586,-10.357]]]}},{"type":"Feature","properties":{},"geometry":{"type":"Polygon","coordinates":[[[97.903,13.803],[97.903,13.824],[97.909,13.863],[97.93,13.857],[97.929,13.836],[97.929,13.817],[97.915,13.797],[97.903,13.803]]]}},{"type":"Feature","properties":{},"geometry":{"type":"Polygon","coordinates":[[[114.104,22.218],[114.119,22.242],[114.127,22.221],[114.151,22.214],[114.15,22.181],[114.128,22.179],[114.122,22.205],[114.104,22.218]]]}},{"type":"Feature","properties":{},"geometry":{"type":"Polygon","coordinates":[[[23.281,37.334],[23.303,37.339],[23.325,37.348],[23.345,37.342],[23.364,37.342],[23.331,37.32],[23.303,37.319],[23.281,37.334]]]}},{"type":"Feature","properties":{},"geometry":{"type":"Polygon","coordinates":[[[119.542,-8.664],[119.562,-8.655],[119.582,-8.635],[119.608,-8.626],[119.609,-8.648],[119.59,-8.654],[119.565,-8.662],[119.57,-8.688],[119.551,-8.67],[119.542,-8.664]]]}},{"type":"Feature","properties":{},"geometry":{"type":"Polygon","coordinates":[[[122.023,-0.27],[122.037,-0.247],[122.06,-0.245],[122.081,-0.235],[122.077,-0.26],[122.044,-0.27],[122.023,-0.27]]]}},{"type":"Feature","properties":{},"geometry":{"type":"Polygon","coordinates":[[[93.0,13.639],[92.993,13.659],[93.012,13.665],[93.034,13.667],[93.037,13.645],[93.044,13.627],[93.023,13.643],[93.0,13.639]]]}},{"type":"Feature","properties":{},"geometry":{"type":"Polygon","coordinates":[[[104.289,0.173],[104.333,0.137],[104.338,0.117],[104.314,0.132],[104.292,0.142],[104.289,0.173]]]}},{"type":"Feature","properties":{},"geometry":{"type":"Polygon","coordinates":[[[124.352,12.696],[124.377,12.685],[124.387,12.665],[124.392,12.641],[124.363,12.658],[124.36,12.681],[124.352,12.696]]]}},{"type":"Feature","properties":{},"geometry":{"type":"Polygon","coordinates":[[[123.875,11.292],[123.881,11.339],[123.901,11.342],[123.901,11.323],[123.895,11.292],[123.875,11.292]]]}},{"type":"Feature","properties":{},"geometry":{"type":"Polygon","coordinates":[[[116.826,-20.356],[116.845,-20.36],[116.876,-20.375],[116.912,-20.399],[116.943,-20.411],[116.911,-20.402],[116.878,-20.392],[116.844,-20.375],[116.826,-20.356]]]}},{"type":"Feature","properties":{},"geometry":{"type":"Polygon","coordinates":[[[98.1,11.409],[98.122,11.419],[98.151,11.423],[98.15,11.398],[98.15,11.376],[98.133,11.395],[98.132,11.375],[98.122,11.401],[98.1,11.409]]]}},{"type":"Feature","properties":{},"geometry":{"type":"Polygon","coordinates":[[[27.0,37.453],[26.98,37.452],[26.961,37.452],[26.941,37.458],[26.945,37.477],[26.975,37.471],[26.997,37.469],[27.004,37.45],[27.0,37.453]]]}},{"type":"Feature","properties":{},"geometry":{"type":"Polygon","coordinates":[[[104.595,0.703],[104.617,0.719],[104.621,0.74],[104.64,0.743],[104.663,0.752],[104.648,0.734],[104.632,0.715],[104.621,0.696],[104.6,0.703],[104.595,0.703]]]}},{"type":"Feature","properties":{},"geometry":{"type":"Polygon","coordinates":[[[25.776,37.122],[25.805,37.119],[25.83,37.136],[25.831,37.112],[25.831,37.094],[25.811,37.09],[25.787,37.101],[25.776,37.122]]]}},{"type":"Feature","properties":{},"geometry":{"type":"Polygon","coordinates":[[[123.899,-8.37],[123.932,-8.354],[123.955,-8.348],[123.946,-8.368],[123.921,-8.38],[123.899,-8.37]]]}},{"type":"Feature","properties":{},"geometry":{"type":"Polygon","coordinates":[[[121.906,30.093],[121.928,30.108],[121.947,30.113],[121.955,30.094],[121.943,30.07],[121.921,30.09],[121.906,30.093]]]}},{"type":"Feature","properties":{},"geometry":{"type":"Polygon","coordinates":[[[129.999,-7.705],[130.0,-7.75],[129.981,-7.729],[129.98,-7.709],[129.999,-7.705]]]}},{"type":"Feature","properties":{},"geometry":{"type":"Polygon","coordinates":[[[124.997,-15.35],[125.016,-15.325],[125.016,-15.369],[124.995,-15.375],[124.997,-15.35]]]}},{"type":"Feature","properties":{},"geometry":{"type":"Polygon","coordinates":[[[122.75,0.916],[122.77,0.922],[122.796,0.905],[122.8,0.884],[122.781,0.883],[122.767,0.901],[122.75,0.916]]]}},{"type":"Feature","properties":{},"geometry":{"type":"Polygon","coordinates":[[[108.488,15.963],[108.51,15.977],[108.543,15.956],[108.545,15.936],[108.523,15.937],[108.503,15.958],[108.488,15.963]]]}},{"type":"Feature","properties":{},"geometry":{"type":"Polygon","coordinates":[[[120.396,32.0],[120.427,32.021],[120.431,32.003],[120.427,31.977],[120.384,31.978],[120.396,32.0]]]}},{"type":"Feature","properties":{},"geometry":{"type":"Polygon","coordinates":[[[93.069,12.229],[93.076,12.251],[93.095,12.237],[93.11,12.259],[93.114,12.238],[93.111,12.204],[93.096,12.226],[93.072,12.225],[93.069,12.229]]]}},{"type":"Feature","properties":{},"geometry":{"type":"Polygon","coordinates":[[[123.346,-16.548],[123.371,-16.56],[123.39,-16.58],[123.385,-16.6],[123.366,-16.59],[123.356,-16.57],[123.346,-16.548]]]}},{"type":"Feature","properties":{},"geometry":{"type":"Polygon","coordinates":[[[123.107,11.132],[123.128,11.147],[123.152,11.153],[123.136,11.129],[123.126,11.104],[123.11,11.123],[123.107,11.132]]]}},{"type":"Feature","properties":{},"geometry":{"type":"Polygon","coordinates":[[[127.023,34.455],[127.045,34.461],[127.065,34.452],[127.075,34.423],[127.067,34.405],[127.06,34.426],[127.037,34.424],[127.034,34.449],[127.023,34.455]]]}},{"type":"Feature","properties":{},"geometry":{"type":"Polygon","coordinates":[[[125.926,-14.377],[125.945,-14.364],[125.951,-14.345],[125.956,-14.325],[125.975,-14.347],[125.962,-14.367],[125.952,-14.385],[125.926,-14.377]]]}},{"type":"Feature","properties":{},"geometry":{"type":"Polygon","coordinates":[[[124.225,-15.308],[124.244,-15.294],[124.262,-15.286],[124.281,-15.302],[124.258,-15.312],[124.237,-15.321],[124.225,-15.308]]]}},{"type":"Feature","properties":{},"geometry":{"type":"Polygon","coordinates":[[[129.205,28.037],[129.217,28.056],[129.235,28.032],[129.255,28.032],[129.258,28.005],[129.235,28.024],[129.217,28.02],[129.205,28.037]]]}},{"type":"Feature","properties":{},"geometry":{"type":"Polygon","coordinates":[[[102.447,11.809],[102.471,11.821],[102.511,11.828],[102.492,11.809],[102.492,11.787],[102.473,11.808],[102.449,11.805],[102.447,11.809]]]}},{"type":"Feature","properties":{},"geometry":{"type":"Polygon","coordinates":[[[38.416,18.193],[38.435,18.183],[38.457,18.2],[38.46,18.178],[38.476,18.145],[38.445,18.171],[38.433,18.15],[38.427,18.175],[38.416,18.193]]]}},{"type":"Feature","properties":{},"geometry":{"type":"Polygon","coordinates":[[[121.014,5.679],[121.057,5.695],[121.067,5.673],[121.048,5.661],[121.024,5.668],[121.014,5.679]]]}},{"type":"Feature","properties":{},"geometry":{"type":"Polygon","coordinates":[[[115.085,4.999],[115.074,5.026],[115.094,5.017],[115.119,5.015],[115.133,4.992],[115.095,4.991],[115.085,4.999]]]}},{"type":"Feature","properties":{},"geometry":{"type":"Polygon","coordinates":[[[107.35,20.905],[107.408,20.918],[107.426,20.949],[107.452,20.968],[107.453,20.947],[107.425,20.922],[107.406,20.915],[107.385,20.904],[107.357,20.9],[107.35,20.905]]]}},{"type":"Feature","properties":{},"geometry":{"type":"Polygon","coordinates":[[[114.218,22.022],[114.238,22.04],[114.265,22.044],[114.303,22.055],[114.279,22.04],[114.253,22.031],[114.23,22.02],[114.218,22.022]]]}},{"type":"Feature","properties":{},"geometry":{"type":"Polygon","coordinates":[[[119.601,26.157],[119.621,26.17],[119.64,26.156],[119.663,26.156],[119.65,26.136],[119.613,26.142],[119.601,26.157]]]}},{"type":"Feature","properties":{},"geometry":{"type":"Polygon","coordinates":[[[129.909,29.999],[129.933,29.973],[129.951,29.959],[129.93,29.948],[129.904,29.963],[129.903,29.985],[129.909,29.999]]]}},{"type":"Feature","properties":{},"geometry":{"type":"Polygon","coordinates":[[[97.78,14.148],[97.79,14.169],[97.813,14.185],[97.814,14.156],[97.795,14.143],[97.78,14.148]]]}},{"type":"Feature","properties":{},"geometry":{"type":"Polygon","coordinates":[[[120.718,37.913],[120.725,37.943],[120.744,37.95],[120.754,37.931],[120.757,37.911],[120.757,37.89],[120.738,37.909],[120.718,37.913]]]}},{"type":"Feature","properties":{},"geometry":{"type":"Polygon","coordinates":[[[54.26,24.341],[54.285,24.33],[54.292,24.308],[54.31,24.287],[54.302,24.264],[54.288,24.284],[54.265,24.32],[54.26,24.341]]]}},{"type":"Feature","properties":{},"geometry":{"type":"Polygon","coordinates":[[[40.639,-10.878],[40.642,-10.851],[40.653,-10.827],[40.68,-10.839],[40.666,-10.858],[40.655,-10.876],[40.639,-10.878]]]}},{"type":"Feature","properties":{},"geometry":{"type":"Polygon","coordinates":[[[103.477,-0.201],[103.52,-0.181],[103.555,-0.19],[103.527,-0.205],[103.485,-0.203],[103.477,-0.201]]]}},{"type":"Feature","properties":{},"geometry":{"type":"Polygon","coordinates":[[[115.535,-7.006],[115.542,-7.025],[115.522,-7.03],[115.5,-7.013],[115.522,-6.994],[115.541,-6.995],[115.535,-7.006]]]}},{"type":"Feature","properties":{},"geometry":{"type":"Polygon","coordinates":[[[124.665,37.822],[124.691,37.837],[124.712,37.846],[124.732,37.841],[124.724,37.817],[124.692,37.807],[124.665,37.822]]]}},{"type":"Feature","properties":{},"geometry":{"type":"Polygon","coordinates":[[[120.624,6.267],[120.648,6.297],[120.657,6.277],[120.661,6.31],[120.668,6.287],[120.655,6.265],[120.635,6.253],[120.624,6.267]]]}},{"type":"Feature","properties":{},"geometry":{"type":"Polygon","coordinates":[[[120.417,6.157],[120.441,6.175],[120.459,6.177],[120.454,6.14],[120.458,6.158],[120.436,6.144],[120.417,6.157]]]}},{"type":"Feature","properties":{},"geometry":{"type":"Polygon","coordinates":[[[119.566,26.738],[119.591,26.75],[119.616,26.748],[119.635,26.741],[119.616,26.724],[119.58,26.721],[119.566,26.738]]]}},{"type":"Feature","properties":{},"geometry":{"type":"Polygon","coordinates":[[[123.455,-16.62],[123.481,-16.619],[123.507,-16.634],[123.514,-16.611],[123.534,-16.609],[123.526,-16.63],[123.481,-16.637],[123.455,-16.62]]]}},{"type":"Feature","properties":{},"geometry":{"type":"Polygon","coordinates":[[[120.267,5.092],[120.291,5.112],[120.31,5.13],[120.319,5.106],[120.298,5.093],[120.276,5.09],[120.267,5.092]]]}},{"type":"Feature","properties":{},"geometry":{"type":"Polygon","coordinates":[[[104.145,0.951],[104.147,0.973],[104.174,0.971],[104.184,0.95],[104.163,0.932],[104.145,0.951]]]}},{"type":"Feature","properties":{},"geometry":{"type":"Polygon","coordinates":[[[129.029,33.197],[129.05,33.213],[129.068,33.208],[129.094,33.216],[129.085,33.196],[129.062,33.194],[129.044,33.19],[129.029,33.197]]]}},{"type":"Feature","properties":{},"geometry":{"type":"Polygon","coordinates":[[[92.908,12.267],[92.911,12.286],[92.94,12.277],[92.939,12.302],[92.95,12.279],[92.936,12.251],[92.935,12.23],[92.93,12.258],[92.908,12.267]]]}},{"type":"Feature","properties":{},"geometry":{"type":"Polygon","coordinates":[[[121.782,29.173],[121.785,29.194],[121.805,29.195],[121.827,29.175],[121.782,29.173]]]}},{"type":"Feature","properties":{},"geometry":{"type":"Polygon","coordinates":[[[59.157,25.45],[59.168,25.469],[59.191,25.486],[59.202,25.468],[59.227,25.492],[59.22,25.469],[59.181,25.45],[59.161,25.446],[59.157,25.45]]]}},{"type":"Feature","properties":{},"geometry":{"type":"Polygon","coordinates":[[[125.695,9.795],[125.714,9.802],[125.74,9.785],[125.723,9.766],[125.7,9.767],[125.695,9.795]]]}},{"type":"Feature","properties":{},"geometry":{"type":"Polygon","coordinates":[[[97.61,16.578],[97.626,16.622],[97.645,16.595],[97.632,16.569],[97.61,16.578]]]}},{"type":"Feature","properties":{},"geometry":{"type":"Polygon","coordinates":[[[104.173,-0.373],[104.202,-0.369],[104.228,-0.366],[104.233,-0.386],[104.205,-0.388],[104.185,-0.389],[104.173,-0.373]]]}},{"type":"Feature","properties":{},"geometry":{"type":"Polygon","coordinates":[[[99.721,6.209],[99.735,6.234],[99.757,6.223],[99.753,6.197],[99.732,6.189],[99.721,6.209]]]}},{"type":"Feature","properties":{},"geometry":{"type":"Polygon","coordinates":[[[68.504,23.337],[68.53,23.343],[68.557,23.346],[68.537,23.328],[68.514,23.312],[68.504,23.337]]]}},{"type":"Feature","properties":{},"geometry":{"type":"Polygon","coordinates":[[[125.582,9.733],[125.592,9.754],[125.618,9.754],[125.612,9.734],[125.609,9.712],[125.587,9.705],[125.585,9.732],[125.582,9.733]]]}},{"type":"Feature","properties":{},"geometry":{"type":"Polygon","coordinates":[[[88.45,21.81],[88.469,21.821],[88.499,21.822],[88.488,21.796],[88.459,21.799],[88.45,21.81]]]}},{"type":"Feature","properties":{},"geometry":{"type":"Polygon","coordinates":[[[125.08,34.077],[125.096,34.099],[125.117,34.089],[125.147,34.051],[125.126,34.05],[125.08,34.077]]]}},{"type":"Feature","properties":{},"geometry":{"type":"Polygon","coordinates":[[[113.126,21.86],[113.146,21.861],[113.17,21.86],[113.192,21.87],[113.178,21.848],[113.158,21.854],[113.135,21.831],[113.126,21.86]]]}},{"type":"Feature","properties":{},"geometry":{"type":"Polygon","coordinates":[[[121.785,29.08],[121.811,29.104],[121.837,29.09],[121.83,29.067],[121.802,29.066],[121.785,29.08]]]}},{"type":"Feature","properties":{},"geometry":{"type":"Polygon","coordinates":[[[121.016,27.846],[121.022,27.869],[121.047,27.879],[121.098,27.876],[121.077,27.86],[121.055,27.851],[121.035,27.846],[121.016,27.846]]]}},{"type":"Feature","properties":{},"geometry":{"type":"Polygon","coordinates":[[[90.57,22.144],[90.594,22.169],[90.601,22.143],[90.589,22.115],[90.57,22.144]]]}},{"type":"Feature","properties":{},"geometry":{"type":"Polygon","coordinates":[[[98.192,13.917],[98.206,13.942],[98.203,13.97],[98.214,13.944],[98.222,13.911],[98.22,13.88],[98.2,13.907],[98.192,13.917]]]}},{"type":"Feature","properties":{},"geometry":{"type":"Polygon","coordinates":[[[122.897,14.451],[122.92,14.467],[122.939,14.492],[122.96,14.495],[122.948,14.476],[122.942,14.451],[122.92,14.456],[122.897,14.451]]]}},{"type":"Feature","properties":{},"geometry":{"type":"Polygon","coordinates":[[[97.621,16.539],[97.631,16.567],[97.665,16.556],[97.638,16.529],[97.621,16.539]]]}},{"type":"Feature","properties":{},"geometry":{"type":"Polygon","coordinates":[[[115.475,-7.001],[115.438,-7.002],[115.432,-6.978],[115.452,-6.98],[115.47,-6.977],[115.475,-7.001]]]}},{"type":"Feature","properties":{},"geometry":{"type":"Polygon","coordinates":[[[39.834,-5.103],[39.857,-5.075],[39.846,-5.056],[39.869,-5.063],[39.864,-5.107],[39.842,-5.103],[39.834,-5.103]]]}},{"type":"Feature","properties":{},"geometry":{"type":"Polygon","coordinates":[[[93.5,19.906],[93.529,19.918],[93.531,19.883],[93.501,19.881],[93.506,19.899],[93.5,19.906]]]}},{"type":"Feature","properties":{},"geometry":{"type":"Polygon","coordinates":[[[105.962,3.047],[105.968,3.082],[105.99,3.077],[105.989,3.052],[105.977,3.024],[105.966,3.042],[105.962,3.047]]]}},{"type":"Feature","properties":{},"geometry":{"type":"Polygon","coordinates":[[[122.374,29.999],[122.376,30.019],[122.401,30.035],[122.399,30.013],[122.39,29.987],[122.371,29.982],[122.374,29.999]]]}},{"type":"Feature","properties":{},"geometry":{"type":"Polygon","coordinates":[[[122.01,29.158],[122.014,29.178],[122.036,29.184],[122.03,29.205],[122.052,29.207],[122.04,29.186],[122.06,29.18],[122.041,29.167],[122.019,29.159],[122.01,29.158]]]}},{"type":"Feature","properties":{},"geometry":{"type":"Polygon","coordinates":[[[92.538,11.551],[92.543,11.569],[92.539,11.598],[92.557,11.596],[92.58,11.583],[92.564,11.564],[92.543,11.55],[92.538,11.551]]]}},{"type":"Feature","properties":{},"geometry":{"type":"Polygon","coordinates":[[[117.798,24.467],[117.824,24.465],[117.846,24.449],[117.872,24.454],[117.88,24.435],[117.841,24.433],[117.812,24.459],[117.798,24.467]]]}},{"type":"Feature","properties":{},"geometry":{"type":"Polygon","coordinates":[[[123.583,-5.412],[123.613,-5.402],[123.64,-5.418],[123.617,-5.43],[123.583,-5.412]]]}},{"type":"Feature","properties":{},"geometry":{"type":"Polygon","coordinates":[[[97.442,11.797],[97.476,11.796],[97.5,11.771],[97.471,11.768],[97.451,11.781],[97.442,11.797]]]}},{"type":"Feature","properties":{},"geometry":{"type":"Polygon","coordinates":[[[120.771,40.476],[120.78,40.495],[120.81,40.51],[120.828,40.509],[120.827,40.485],[120.797,40.484],[120.771,40.476]]]}},{"type":"Feature","properties":{},"geometry":{"type":"Polygon","coordinates":[[[98.468,11.0],[98.463,10.979],[98.444,10.96],[98.439,11.002],[98.462,11.02],[98.468,11.0]]]}},{"type":"Feature","properties":{},"geometry":{"type":"Polygon","coordinates":[[[122.281,29.864],[122.297,29.886],[122.317,29.88],[122.337,29.885],[122.338,29.865],[122.311,29.859],[122.281,29.864]]]}},{"type":"Feature","properties":{},"geometry":{"type":"Polygon","coordinates":[[[92.278,20.953],[92.293,20.975],[92.316,20.961],[92.307,20.942],[92.283,20.944],[92.278,20.953]]]}},{"type":"Feature","properties":{},"geometry":{"type":"Polygon","coordinates":[[[36.589,25.549],[36.619,25.538],[36.639,25.518],[36.646,25.491],[36.621,25.509],[36.642,25.478],[36.659,25.457],[36.637,25.479],[36.62,25.506],[36.612,25.528],[36.593,25.54],[36.589,25.549]]]}},{"type":"Feature","properties":{},"geometry":{"type":"Polygon","coordinates":[[[123.754,24.049],[123.779,24.066],[123.812,24.057],[123.794,24.039],[123.759,24.042],[123.754,24.049]]]}},{"type":"Feature","properties":{},"geometry":{"type":"Polygon","coordinates":[[[126.247,35.586],[126.267,35.59],[126.269,35.61],[126.291,35.61],[126.313,35.615],[126.303,35.596],[126.284,35.588],[126.264,35.576],[126.247,35.586]]]}},{"type":"Feature","properties":{},"geometry":{"type":"Polygon","coordinates":[[[99.558,7.12],[99.587,7.113],[99.62,7.081],[99.599,7.088],[99.569,7.093],[99.558,7.12]]]}},{"type":"Feature","properties":{},"geometry":{"type":"Polygon","coordinates":[[[25.183,35.447],[25.202,35.454],[25.226,35.464],[25.249,35.452],[25.24,35.425],[25.22,35.437],[25.201,35.435],[25.183,35.447]]]}},{"type":"Feature","properties":{},"geometry":{"type":"Polygon","coordinates":[[[124.18,-15.933],[124.198,-15.927],[124.205,-15.953],[124.228,-15.953],[124.224,-15.972],[124.197,-15.968],[124.18,-15.933]]]}},{"type":"Feature","properties":{},"geometry":{"type":"Polygon","coordinates":[[[45.251,-12.783],[45.273,-12.777],[45.284,-12.757],[45.297,-12.777],[45.294,-12.796],[45.269,-12.793],[45.251,-12.783]]]}},{"type":"Feature","properties":{},"geometry":{"type":"Polygon","coordinates":[[[43.389,12.655],[43.409,12.671],[43.432,12.665],[43.441,12.647],[43.419,12.636],[43.4,12.653],[43.389,12.655]]]}},{"type":"Feature","properties":{},"geometry":{"type":"Polygon","coordinates":[[[118.498,2.143],[118.507,2.169],[118.532,2.166],[118.555,2.13],[118.536,2.141],[118.498,2.143]]]}},{"type":"Feature","properties":{},"geometry":{"type":"Polygon","coordinates":[[[107.337,20.848],[107.354,20.826],[107.381,20.823],[107.385,20.802],[107.354,20.806],[107.346,20.83],[107.337,20.848]]]}},{"type":"Feature","properties":{},"geometry":{"type":"Polygon","coordinates":[[[88.571,21.765],[88.621,21.735],[88.596,21.715],[88.587,21.743],[88.571,21.765]]]}},{"type":"Feature","properties":{},"geometry":{"type":"Polygon","coordinates":[[[69.861,22.526],[69.897,22.523],[69.912,22.547],[69.933,22.544],[69.926,22.525],[69.883,22.521],[69.861,22.526]]]}},{"type":"Feature","properties":{},"geometry":{"type":"Polygon","coordinates":[[[123.86,-16.239],[123.883,-16.245],[123.932,-16.271],[123.907,-16.278],[123.894,-16.255],[123.86,-16.239]]]}},{"type":"Feature","properties":{},"geometry":{"type":"Polygon","coordinates":[[[106.315,3.332],[106.315,3.352],[106.329,3.374],[106.331,3.398],[106.339,3.422],[106.338,3.398],[106.337,3.372],[106.331,3.348],[106.321,3.33],[106.315,3.332]]]}},{"type":"Feature","properties":{},"geometry":{"type":"Polygon","coordinates":[[[103.569,0.551],[103.59,0.537],[103.61,0.513],[103.603,0.49],[103.593,0.521],[103.575,0.538],[103.569,0.551]]]}},{"type":"Feature","properties":{},"geometry":{"type":"Polygon","coordinates":[[[117.921,-5.362],[117.951,-5.387],[117.955,-5.405],[117.93,-5.402],[117.925,-5.367],[117.921,-5.362]]]}},{"type":"Feature","properties":{},"geometry":{"type":"Polygon","coordinates":[[[115.623,-4.938],[115.636,-4.914],[115.661,-4.894],[115.68,-4.872],[115.674,-4.9],[115.639,-4.935],[115.623,-4.938]]]}},{"type":"Feature","properties":{},"geometry":{"type":"Polygon","coordinates":[[[101.0,2.322],[101.035,2.322],[100.967,2.306],[101.0,2.322]]]}},{"type":"Feature","properties":{},"geometry":{"type":"Polygon","coordinates":[[[89.537,21.869],[89.543,21.911],[89.538,21.94],[89.56,21.936],[89.543,21.875],[89.537,21.869]]]}},{"type":"Feature","properties":{},"geometry":{"type":"Polygon","coordinates":[[[120.128,11.986],[120.147,11.986],[120.178,11.993],[120.199,11.973],[120.17,11.976],[120.152,11.975],[120.13,11.975],[120.128,11.986]]]}},{"type":"Feature","properties":{},"geometry":{"type":"Polygon","coordinates":[[[33.96,26.77],[33.982,26.768],[33.999,26.732],[33.995,26.71],[33.979,26.734],[33.962,26.759],[33.96,26.77]]]}},{"type":"Feature","properties":{},"geometry":{"type":"Polygon","coordinates":[[[121.73,-7.298],[121.748,-7.27],[121.77,-7.265],[121.776,-7.29],[121.734,-7.299],[121.73,-7.298]]]}},{"type":"Feature","properties":{},"geometry":{"type":"Polygon","coordinates":[[[55.826,17.494],[55.847,17.509],[55.87,17.496],[55.877,17.478],[55.857,17.48],[55.838,17.485],[55.826,17.494]]]}},{"type":"Feature","properties":{},"geometry":{"type":"Polygon","coordinates":[[[56.257,-7.178],[56.269,-7.153],[56.286,-7.096],[56.292,-7.13],[56.272,-7.154],[56.262,-7.174],[56.257,-7.178]]]}},{"type":"Feature","properties":{},"geometry":{"type":"Polygon","coordinates":[[[53.239,12.118],[53.283,12.127],[53.302,12.115],[53.257,12.107],[53.239,12.118]]]}},{"type":"Feature","properties":{},"geometry":{"type":"Polygon","coordinates":[[[98.758,7.782],[98.778,7.76],[98.796,7.73],[98.777,7.735],[98.774,7.715],[98.762,7.744],[98.761,7.763],[98.758,7.782]]]}},{"type":"Feature","properties":{},"geometry":{"type":"Polygon","coordinates":[[[106.526,10.277],[106.557,10.273],[106.58,10.263],[106.64,10.255],[106.667,10.247],[106.624,10.25],[106.602,10.251],[106.536,10.27],[106.526,10.277]]]}},{"type":"Feature","properties":{},"geometry":{"type":"Polygon","coordinates":[[[104.513,0.416],[104.517,0.435],[104.55,0.424],[104.528,0.412],[104.532,0.375],[104.52,0.402],[104.513,0.416]]]}},{"type":"Feature","properties":{},"geometry":{"type":"Polygon","coordinates":[[[101.392,1.794],[101.392,1.828],[101.411,1.8],[101.411,1.771],[101.392,1.794]]]}},{"type":"Feature","properties":{},"geometry":{"type":"Polygon","coordinates":[[[97.836,9.423],[97.857,9.435],[97.864,9.416],[97.886,9.4],[97.863,9.401],[97.842,9.411],[97.836,9.423]]]}},{"type":"Feature","properties":{},"geometry":{"type":"Polygon","coordinates":[[[37.064,24.957],[37.073,24.982],[37.096,24.977],[37.115,24.96],[37.078,24.959],[37.064,24.957]]]}},{"type":"Feature","properties":{},"geometry":{"type":"Polygon","coordinates":[[[117.825,2.188],[117.845,2.19],[117.872,2.18],[117.878,2.16],[117.859,2.16],[117.825,2.188]]]}},{"type":"Feature","properties":{},"geometry":{"type":"Polygon","coordinates":[[[116.557,-20.483],[116.581,-20.459],[116.6,-20.451],[116.61,-20.469],[116.594,-20.49],[116.571,-20.488],[116.557,-20.483]]]}},{"type":"Feature","properties":{},"geometry":{"type":"Polygon","coordinates":[[[112.999,22.502],[113.011,22.461],[112.986,22.477],[112.98,22.5],[112.999,22.502]]]}},{"type":"Feature","properties":{},"geometry":{"type":"Polygon","coordinates":[[[23.322,37.681],[23.338,37.712],[23.365,37.712],[23.372,37.694],[23.352,37.686],[23.327,37.675],[23.322,37.681]]]}},{"type":"Feature","properties":{},"geometry":{"type":"Polygon","coordinates":[[[120.115,26.567],[120.134,26.58],[120.147,26.598],[120.165,26.601],[120.162,26.578],[120.141,26.568],[120.119,26.563],[120.115,26.567]]]}},{"type":"Feature","properties":{},"geometry":{"type":"Polygon","coordinates":[[[55.584,25.584],[55.607,25.61],[55.626,25.615],[55.668,25.625],[55.694,25.642],[55.672,25.62],[55.65,25.615],[55.64,25.595],[55.619,25.595],[55.597,25.595],[55.584,25.584]]]}},{"type":"Feature","properties":{},"geometry":{"type":"Polygon","coordinates":[[[21.748,36.725],[21.754,36.744],[21.772,36.75],[21.78,36.73],[21.78,36.707],[21.759,36.714],[21.748,36.725]]]}},{"type":"Feature","properties":{},"geometry":{"type":"Polygon","coordinates":[[[50.298,25.572],[50.321,25.576],[50.34,25.563],[50.338,25.545],[50.353,25.505],[50.332,25.543],[50.306,25.56],[50.298,25.572]]]}},{"type":"Feature","properties":{},"geometry":{"type":"Polygon","coordinates":[[[110.45,-5.813],[110.474,-5.78],[110.475,-5.798],[110.495,-5.823],[110.471,-5.835],[110.474,-5.804],[110.452,-5.819],[110.45,-5.813]]]}},{"type":"Feature","properties":{},"geometry":{"type":"Polygon","coordinates":[[[24.135,39.371],[24.155,39.384],[24.16,39.409],[24.176,39.432],[24.179,39.406],[24.182,39.387],[24.159,39.361],[24.141,39.368],[24.135,39.371]]]}},{"type":"Feature","properties":{},"geometry":{"type":"Polygon","coordinates":[[[90.666,21.926],[90.674,21.944],[90.67,21.973],[90.692,21.976],[90.694,21.955],[90.69,21.936],[90.666,21.926]]]}},{"type":"Feature","properties":{},"geometry":{"type":"Polygon","coordinates":[[[115.511,-20.455],[115.523,-20.435],[115.528,-20.414],[115.535,-20.434],[115.541,-20.454],[115.528,-20.473],[115.535,-20.452],[115.521,-20.482],[115.542,-20.467],[115.535,-20.489],[115.516,-20.503],[115.512,-20.485],[115.516,-20.467],[115.511,-20.455]]]}},{"type":"Feature","properties":{},"geometry":{"type":"Polygon","coordinates":[[[107.315,20.936],[107.342,20.944],[107.363,20.945],[107.384,20.956],[107.363,20.926],[107.326,20.929],[107.315,20.936]]]}},{"type":"Feature","properties":{},"geometry":{"type":"Polygon","coordinates":[[[122.0,6.292],[121.981,6.28],[121.962,6.291],[121.958,6.312],[121.982,6.311],[121.987,6.288],[122.0,6.292]]]}},{"type":"Feature","properties":{},"geometry":{"type":"Polygon","coordinates":[[[42.446,16.286],[42.462,16.307],[42.481,16.295],[42.513,16.29],[42.54,16.288],[42.508,16.286],[42.47,16.277],[42.446,16.286]]]}},{"type":"Feature","properties":{},"geometry":{"type":"Polygon","coordinates":[[[116.629,-20.628],[116.645,-20.592],[116.669,-20.584],[116.67,-20.608],[116.658,-20.627],[116.636,-20.63],[116.629,-20.628]]]}},{"type":"Feature","properties":{},"geometry":{"type":"Polygon","coordinates":[[[26.462,36.998],[26.418,36.991],[26.441,36.999],[26.452,37.024],[26.476,37.013],[26.499,36.994],[26.467,36.995],[26.462,36.998]]]}},{"type":"Feature","properties":{},"geometry":{"type":"Polygon","coordinates":[[[127.584,-7.567],[127.605,-7.581],[127.613,-7.6],[127.602,-7.625],[127.597,-7.593],[127.584,-7.567]]]}},{"type":"Feature","properties":{},"geometry":{"type":"Polygon","coordinates":[[[104.61,9.797],[104.637,9.822],[104.662,9.817],[104.651,9.794],[104.622,9.794],[104.61,9.797]]]}},{"type":"Feature","properties":{},"geometry":{"type":"Polygon","coordinates":[[[128.167,34.842],[128.203,34.86],[128.222,34.854],[128.2,34.832],[128.18,34.828],[128.167,34.842]]]}},{"type":"Feature","properties":{},"geometry":{"type":"Polygon","coordinates":[[[39.61,15.902],[39.633,15.926],[39.655,15.924],[39.67,15.901],[39.65,15.895],[39.628,15.905],[39.61,15.902]]]}},{"type":"Feature","properties":{},"geometry":{"type":"Polygon","coordinates":[[[46.487,-9.748],[46.509,-9.723],[46.511,-9.701],[46.524,-9.726],[46.514,-9.745],[46.493,-9.752],[46.487,-9.748]]]}},{"type":"Feature","properties":{},"geometry":{"type":"Polygon","coordinates":[[[39.632,-5.088],[39.645,-5.039],[39.654,-5.017],[39.655,-5.052],[39.645,-5.078],[39.632,-5.088]]]}},{"type":"Feature","properties":{},"geometry":{"type":"Polygon","coordinates":[[[127.723,-0.401],[127.736,-0.371],[127.733,-0.351],[127.74,-0.332],[127.755,-0.36],[127.756,-0.38],[127.738,-0.387],[127.723,-0.401]]]}},{"type":"Feature","properties":{},"geometry":{"type":"Polygon","coordinates":[[[41.898,16.999],[41.927,16.985],[41.938,16.959],[41.917,16.967],[41.91,16.987],[41.887,17.005],[41.867,17.016],[41.842,17.02],[41.862,17.023],[41.882,17.016],[41.898,16.999]]]}},{"type":"Feature","properties":{},"geometry":{"type":"Polygon","coordinates":[[[117.347,-8.158],[117.376,-8.152],[117.409,-8.135],[117.399,-8.156],[117.381,-8.158],[117.36,-8.161],[117.347,-8.158]]]}},{"type":"Feature","properties":{},"geometry":{"type":"Polygon","coordinates":[[[113.747,-7.219],[113.778,-7.21],[113.804,-7.215],[113.795,-7.235],[113.77,-7.229],[113.747,-7.219]]]}},{"type":"Feature","properties":{},"geometry":{"type":"Polygon","coordinates":[[[105.355,-6.11],[105.372,-6.089],[105.39,-6.058],[105.398,-6.09],[105.37,-6.108],[105.355,-6.11]]]}},{"type":"Feature","properties":{},"geometry":{"type":"Polygon","coordinates":[[[92.853,12.4],[92.878,12.404],[92.9,12.405],[92.895,12.386],[92.872,12.377],[92.853,12.4]]]}},{"type":"Feature","properties":{},"geometry":{"type":"Polygon","coordinates":[[[40.652,-15.276],[40.665,-15.223],[40.678,-15.242],[40.658,-15.285],[40.652,-15.276]]]}},{"type":"Feature","properties":{},"geometry":{"type":"Polygon","coordinates":[[[127.716,2.187],[127.737,2.182],[127.76,2.182],[127.773,2.158],[127.734,2.169],[127.716,2.187]]]}},{"type":"Feature","properties":{},"geometry":{"type":"Polygon","coordinates":[[[107.014,20.953],[107.026,20.976],[107.052,20.978],[107.062,20.956],[107.037,20.946],[107.014,20.953]]]}},{"type":"Feature","properties":{},"geometry":{"type":"Polygon","coordinates":[[[127.637,34.562],[127.648,34.583],[127.671,34.582],[127.692,34.578],[127.688,34.56],[127.668,34.56],[127.648,34.558],[127.637,34.562]]]}},{"type":"Feature","properties":{},"geometry":{"type":"Polygon","coordinates":[[[98.6,11.029],[98.602,11.056],[98.621,11.057],[98.63,11.029],[98.6,11.029]]]}},{"type":"Feature","properties":{},"geometry":{"type":"Polygon","coordinates":[[[98.26,-0.062],[98.262,-0.04],[98.28,-0.056],[98.289,-0.085],[98.262,-0.069],[98.26,-0.062]]]}},{"type":"Feature","properties":{},"geometry":{"type":"Polygon","coordinates":[[[88.164,21.592],[88.193,21.576],[88.195,21.557],[88.172,21.559],[88.164,21.592]]]}},{"type":"Feature","properties":{},"geometry":{"type":"Polygon","coordinates":[[[118.521,4.536],[118.55,4.558],[118.57,4.568],[118.558,4.544],[118.53,4.535],[118.521,4.536]]]}},{"type":"Feature","properties":{},"geometry":{"type":"Polygon","coordinates":[[[122.252,30.256],[122.261,30.275],[122.283,30.27],[122.305,30.264],[122.276,30.254],[122.254,30.24],[122.252,30.256]]]}},{"type":"Feature","properties":{},"geometry":{"type":"Polygon","coordinates":[[[51.404,27.917],[51.445,27.885],[51.463,27.862],[51.437,27.861],[51.429,27.886],[51.404,27.917]]]}},{"type":"Feature","properties":{},"geometry":{"type":"Polygon","coordinates":[[[121.787,29.206],[121.793,29.225],[121.792,29.243],[121.812,29.259],[121.821,29.235],[121.793,29.202],[121.787,29.206]]]}},{"type":"Feature","properties":{},"geometry":{"type":"Polygon","coordinates":[[[40.78,15.499],[40.802,15.519],[40.836,15.523],[40.806,15.501],[40.787,15.49],[40.78,15.499]]]}},{"type":"Feature","properties":{},"geometry":{"type":"Polygon","coordinates":[[[108.697,0.796],[108.72,0.765],[108.732,0.735],[108.71,0.749],[108.705,0.773],[108.697,0.796]]]}},{"type":"Feature","properties":{},"geometry":{"type":"Polygon","coordinates":[[[92.713,12.257],[92.717,12.277],[92.726,12.252],[92.726,12.231],[92.715,12.252],[92.713,12.257]]]}},{"type":"Feature","properties":{},"geometry":{"type":"Polygon","coordinates":[[[108.0,3.817],[108.021,3.825],[108.035,3.805],[108.043,3.777],[108.017,3.785],[108.015,3.806],[108.0,3.817]]]}},{"type":"Feature","properties":{},"geometry":{"type":"Polygon","coordinates":[[[129.672,-14.788],[129.701,-14.789],[129.732,-14.803],[129.703,-14.813],[129.672,-14.788]]]}},{"type":"Feature","properties":{},"geometry":{"type":"Polygon","coordinates":[[[119.911,26.144],[119.919,26.165],[119.944,26.158],[119.969,26.168],[119.956,26.15],[119.937,26.145],[119.911,26.144]]]}},{"type":"Feature","properties":{},"geometry":{"type":"Polygon","coordinates":[[[124.018,10.244],[124.04,10.257],[124.05,10.275],[124.072,10.288],[124.059,10.257],[124.05,10.237],[124.047,10.255],[124.023,10.242],[124.018,10.244]]]}},{"type":"Feature","properties":{},"geometry":{"type":"Polygon","coordinates":[[[124.212,-16.353],[124.231,-16.368],[124.242,-16.387],[124.22,-16.383],[124.212,-16.353]]]}},{"type":"Feature","properties":{},"geometry":{"type":"Polygon","coordinates":[[[121.532,5.998],[121.54,6.04],[121.56,6.038],[121.557,6.018],[121.535,6.014],[121.532,5.998]]]}},{"type":"Feature","properties":{},"geometry":{"type":"Polygon","coordinates":[[[93.665,14.853],[93.67,14.873],[93.689,14.906],[93.698,14.879],[93.677,14.854],[93.665,14.853]]]}},{"type":"Feature","properties":{},"geometry":{"type":"Polygon","coordinates":[[[104.419,0.876],[104.457,0.887],[104.487,0.871],[104.467,0.859],[104.443,0.867],[104.425,0.874],[104.419,0.876]]]}},{"type":"Feature","properties":{},"geometry":{"type":"Polygon","coordinates":[[[103.927,1.426],[103.958,1.424],[103.992,1.424],[103.969,1.405],[103.949,1.415],[103.927,1.426]]]}},{"type":"Feature","properties":{},"geometry":{"type":"Polygon","coordinates":[[[125.507,9.911],[125.53,9.895],[125.555,9.866],[125.536,9.863],[125.508,9.889],[125.507,9.911]]]}},{"type":"Feature","properties":{},"geometry":{"type":"Polygon","coordinates":[[[121.505,-8.912],[121.518,-8.882],[121.532,-8.907],[121.514,-8.925],[121.505,-8.912]]]}},{"type":"Feature","properties":{},"geometry":{"type":"Polygon","coordinates":[[[26.395,37.577],[26.422,37.591],[26.452,37.598],[26.451,37.564],[26.417,37.58],[26.395,37.577]]]}},{"type":"Feature","properties":{},"geometry":{"type":"Polygon","coordinates":[[[97.375,2.362],[97.41,2.347],[97.42,2.323],[97.393,2.349],[97.375,2.362]]]}},{"type":"Feature","properties":{},"geometry":{"type":"Polygon","coordinates":[[[125.802,34.621],[125.822,34.615],[125.842,34.625],[125.862,34.606],[125.842,34.598],[125.817,34.594],[125.81,34.614],[125.802,34.621]]]}},{"type":"Feature","properties":{},"geometry":{"type":"Polygon","coordinates":[[[114.59,-5.073],[114.602,-5.053],[114.616,-5.083],[114.607,-5.105],[114.59,-5.073]]]}},{"type":"Feature","properties":{},"geometry":{"type":"Polygon","coordinates":[[[104.345,0.182],[104.366,0.168],[104.387,0.145],[104.397,0.125],[104.377,0.133],[104.345,0.182]]]}},{"type":"Feature","properties":{},"geometry":{"type":"Polygon","coordinates":[[[97.641,15.577],[97.66,15.571],[97.661,15.543],[97.663,15.523],[97.66,15.502],[97.653,15.525],[97.646,15.556],[97.641,15.577]]]}},{"type":"Feature","properties":{},"geometry":{"type":"Polygon","coordinates":[[[93.774,18.617],[93.791,18.639],[93.786,18.66],[93.8,18.635],[93.8,18.606],[93.774,18.617]]]}},{"type":"Feature","properties":{},"geometry":{"type":"Polygon","coordinates":[[[28.514,40.519],[28.525,40.549],[28.551,40.564],[28.535,40.546],[28.544,40.527],[28.522,40.507],[28.514,40.519]]]}},{"type":"Feature","properties":{},"geometry":{"type":"Polygon","coordinates":[[[113.463,22.129],[113.493,22.15],[113.517,22.154],[113.497,22.131],[113.463,22.129]]]}},{"type":"Feature","properties":{},"geometry":{"type":"Polygon","coordinates":[[[127.364,-1.318],[127.401,-1.309],[127.424,-1.314],[127.39,-1.325],[127.364,-1.318]]]}},{"type":"Feature","properties":{},"geometry":{"type":"Polygon","coordinates":[[[123.756,-2.037],[123.763,-2.008],[123.782,-2.015],[123.78,-2.039],[123.763,-2.058],[123.756,-2.037]]]}},{"type":"Feature","properties":{},"geometry":{"type":"Polygon","coordinates":[[[119.337,11.223],[119.345,11.247],[119.359,11.22],[119.38,11.202],[119.357,11.209],[119.337,11.223]]]}},{"type":"Feature","properties":{},"geometry":{"type":"Polygon","coordinates":[[[121.904,11.988],[121.927,11.999],[121.927,11.967],[121.947,11.954],[121.921,11.965],[121.904,11.988]]]}},{"type":"Feature","properties":{},"geometry":{"type":"Polygon","coordinates":[[[126.126,35.048],[126.158,35.053],[126.179,35.052],[126.18,35.032],[126.16,35.032],[126.139,35.042],[126.126,35.048]]]}},{"type":"Feature","properties":{},"geometry":{"type":"Polygon","coordinates":[[[32.33,31.192],[32.31,31.114],[32.307,31.192],[32.33,31.192]]]}},{"type":"Feature","properties":{},"geometry":{"type":"Polygon","coordinates":[[[106.847,20.814],[106.869,20.814],[106.887,20.816],[106.885,20.792],[106.863,20.786],[106.849,20.805],[106.847,20.814]]]}},{"type":"Feature","properties":{},"geometry":{"type":"Polygon","coordinates":[[[119.663,25.645],[119.682,25.65],[119.706,25.658],[119.715,25.639],[119.692,25.638],[119.673,25.636],[119.663,25.645]]]}},{"type":"Feature","properties":{},"geometry":{"type":"Polygon","coordinates":[[[121.001,12.217],[121.014,12.237],[121.027,12.217],[121.028,12.19],[121.008,12.203],[121.001,12.217]]]}},{"type":"Feature","properties":{},"geometry":{"type":"Polygon","coordinates":[[[46.4,-15.931],[46.428,-15.931],[46.464,-15.967],[46.443,-15.965],[46.415,-15.95],[46.4,-15.931]]]}},{"type":"Feature","properties":{},"geometry":{"type":"Polygon","coordinates":[[[69.085,22.421],[69.096,22.443],[69.095,22.462],[69.137,22.477],[69.144,22.458],[69.122,22.466],[69.106,22.443],[69.087,22.42],[69.085,22.421]]]}},{"type":"Feature","properties":{},"geometry":{"type":"Polygon","coordinates":[[[98.481,11.417],[98.507,11.432],[98.504,11.46],[98.519,11.438],[98.507,11.414],[98.481,11.417]]]}},{"type":"Feature","properties":{},"geometry":{"type":"Polygon","coordinates":[[[126.382,36.372],[126.414,36.373],[126.433,36.378],[126.459,36.363],[126.435,36.361],[126.399,36.368],[126.382,36.372]]]}},{"type":"Feature","properties":{},"geometry":{"type":"Polygon","coordinates":[[[128.649,34.999],[128.647,34.979],[128.627,34.976],[128.625,34.995],[128.638,35.016],[128.649,34.999]]]}},{"type":"Feature","properties":{},"geometry":{"type":"Polygon","coordinates":[[[36.93,25.49],[36.947,25.515],[36.981,25.509],[36.986,25.489],[36.958,25.494],[36.938,25.493],[36.93,25.49]]]}},{"type":"Feature","properties":{},"geometry":{"type":"Polygon","coordinates":[[[53.38,24.205],[53.407,24.219],[53.425,24.196],[53.4,24.191],[53.38,24.205]]]}},{"type":"Feature","properties":{},"geometry":{"type":"Polygon","coordinates":[[[122.705,39.042],[122.724,39.049],[122.746,39.035],[122.762,39.011],[122.735,39.014],[122.709,39.024],[122.705,39.042]]]}},{"type":"Feature","properties":{},"geometry":{"type":"Polygon","coordinates":[[[98.333,12.767],[98.352,12.744],[98.363,12.724],[98.363,12.705],[98.344,12.72],[98.336,12.747],[98.333,12.767]]]}},{"type":"Feature","properties":{},"geometry":{"type":"Polygon","coordinates":[[[46.372,-15.897],[46.422,-15.914],[46.397,-15.927],[46.372,-15.897]]]}},{"type":"Feature","properties":{},"geometry":{"type":"Polygon","coordinates":[[[37.355,19.13],[37.376,19.131],[37.385,19.107],[37.402,19.064],[37.393,19.083],[37.365,19.124],[37.355,19.13]]]}},{"type":"Feature","properties":{},"geometry":{"type":"Polygon","coordinates":[[[105.527,-7.0],[105.548,-6.995],[105.567,-7.012],[105.523,-7.015],[105.527,-7.0]]]}},{"type":"Feature","properties":{},"geometry":{"type":"Polygon","coordinates":[[[121.044,27.465],[121.069,27.473],[121.098,27.462],[121.062,27.464],[121.044,27.465]]]}},{"type":"Feature","properties":{},"geometry":{"type":"Polygon","coordinates":[[[42.996,12.91],[42.968,12.914],[42.968,12.934],[42.968,12.956],[42.988,12.934],[42.989,12.916],[42.996,12.91]]]}},{"type":"Feature","properties":{},"geometry":{"type":"Polygon","coordinates":[[[109.348,-0.66],[109.372,-0.651],[109.403,-0.675],[109.378,-0.673],[109.348,-0.66]]]}},{"type":"Feature","properties":{},"geometry":{"type":"Polygon","coordinates":[[[129.145,28.022],[129.149,28.044],[129.167,28.069],[129.18,28.049],[129.165,28.028],[129.145,28.022]]]}},{"type":"Feature","properties":{},"geometry":{"type":"Polygon","coordinates":[[[121.723,-7.495],[121.746,-7.488],[121.783,-7.48],[121.804,-7.478],[121.778,-7.494],[121.754,-7.5],[121.728,-7.499],[121.723,-7.495]]]}},{"type":"Feature","properties":{},"geometry":{"type":"Polygon","coordinates":[[[109.176,0.047],[109.202,0.038],[109.237,0.02],[109.185,0.033],[109.176,0.047]]]}},{"type":"Feature","properties":{},"geometry":{"type":"Polygon","coordinates":[[[25.324,36.422],[25.335,36.454],[25.355,36.45],[25.355,36.407],[25.336,36.418],[25.324,36.422]]]}},{"type":"Feature","properties":{},"geometry":{"type":"Polygon","coordinates":[[[121.189,28.0],[121.215,27.992],[121.192,27.98],[121.173,27.98],[121.189,28.0]]]}},{"type":"Feature","properties":{},"geometry":{"type":"Polygon","coordinates":[[[40.205,16.247],[40.22,16.286],[40.227,16.261],[40.234,16.239],[40.211,16.244],[40.205,16.247]]]}},{"type":"Feature","properties":{},"geometry":{"type":"Polygon","coordinates":[[[119.103,5.447],[119.125,5.46],[119.143,5.462],[119.115,5.438],[119.103,5.447]]]}},{"type":"Feature","properties":{},"geometry":{"type":"Polygon","coordinates":[[[124.445,-15.988],[124.447,-15.943],[124.453,-15.924],[124.455,-15.901],[124.46,-15.921],[124.466,-15.942],[124.452,-15.96],[124.453,-15.979],[124.445,-15.988]]]}},{"type":"Feature","properties":{},"geometry":{"type":"Polygon","coordinates":[[[122.01,30.185],[122.029,30.197],[122.05,30.205],[122.054,30.186],[122.027,30.165],[122.019,30.186],[122.01,30.185]]]}},{"type":"Feature","properties":{},"geometry":{"type":"Polygon","coordinates":[[[50.603,26.166],[50.622,26.175],[50.627,26.152],[50.632,26.127],[50.62,26.153],[50.603,26.166]]]}},{"type":"Feature","properties":{},"geometry":{"type":"Polygon","coordinates":[[[33.698,27.673],[33.722,27.682],[33.726,27.702],[33.74,27.674],[33.718,27.673],[33.708,27.651],[33.698,27.673]]]}},{"type":"Feature","properties":{},"geometry":{"type":"Polygon","coordinates":[[[27.423,36.996],[27.45,36.987],[27.483,36.979],[27.478,36.959],[27.459,36.964],[27.436,36.987],[27.423,36.996]]]}},{"type":"Feature","properties":{},"geometry":{"type":"Polygon","coordinates":[[[118.8,39.097],[118.834,39.114],[118.861,39.143],[118.851,39.106],[118.808,39.096],[118.8,39.097]]]}},{"type":"Feature","properties":{},"geometry":{"type":"Polygon","coordinates":[[[120.558,-7.083],[120.588,-7.077],[120.614,-7.081],[120.606,-7.101],[120.588,-7.093],[120.567,-7.093],[120.558,-7.083]]]}},{"type":"Feature","properties":{},"geometry":{"type":"Polygon","coordinates":[[[128.227,39.997],[128.208,39.986],[128.188,39.988],[128.162,39.984],[128.182,39.997],[128.201,39.999],[128.222,40.005],[128.227,39.997]]]}},{"type":"Feature","properties":{},"geometry":{"type":"Polygon","coordinates":[[[128.997,32.751],[128.973,32.745],[128.987,32.767],[128.988,32.788],[129.009,32.771],[129.003,32.75],[128.997,32.751]]]}},{"type":"Feature","properties":{},"geometry":{"type":"Polygon","coordinates":[[[116.78,-20.511],[116.785,-20.493],[116.801,-20.474],[116.822,-20.461],[116.805,-20.492],[116.795,-20.512],[116.78,-20.511]]]}},{"type":"Feature","properties":{},"geometry":{"type":"Polygon","coordinates":[[[98.526,11.319],[98.548,11.31],[98.557,11.282],[98.55,11.262],[98.538,11.297],[98.526,11.319]]]}}]}